----------------
IN: _start
0x00010614:  024000ef          jal                     ra,36                   # 0x10638

----------------
IN: 
0x00010638:  00075197          auipc                   gp,117                  # 0x85638
0x0001063c:  b1018193          addi                    gp,gp,-1264
0x00010640:  8082              ret                     

----------------
IN: _start
0x00010618:  87aa              mv                      a5,a0
0x0001061a:  00000517          auipc                   a0,0                    # 0x1061a
0x0001061e:  01c50513          addi                    a0,a0,28
0x00010622:  6582              ld                      a1,0(sp)
0x00010624:  0030              addi                    a2,sp,8
0x00010626:  ff017113          andi                    sp,sp,-16
0x0001062a:  4681              mv                      a3,zero
0x0001062c:  4701              mv                      a4,zero
0x0001062e:  880a              mv                      a6,sp
0x00010630:  290000ef          jal                     ra,656                  # 0x108c0

----------------
IN: __libc_start_main
0x000108c0:  7119              addi                    sp,sp,-128
0x000108c2:  00158713          addi                    a4,a1,1
0x000108c6:  f8a2              sd                      s0,112(sp)
0x000108c8:  f0ca              sd                      s2,96(sp)
0x000108ca:  ecce              sd                      s3,88(sp)
0x000108cc:  e0da              sd                      s6,64(sp)
0x000108ce:  fc5e              sd                      s7,56(sp)
0x000108d0:  f862              sd                      s8,48(sp)
0x000108d2:  fc86              sd                      ra,120(sp)
0x000108d4:  f4a6              sd                      s1,104(sp)
0x000108d6:  e8d2              sd                      s4,80(sp)
0x000108d8:  e4d6              sd                      s5,72(sp)
0x000108da:  f466              sd                      s9,40(sp)
0x000108dc:  f06a              sd                      s10,32(sp)
0x000108de:  ec6e              sd                      s11,24(sp)
0x000108e0:  0100              addi                    s0,sp,128
0x000108e2:  070e              slli                    a4,a4,3
0x000108e4:  9732              add                     a4,a4,a2
0x000108e6:  00079b17          auipc                   s6,121                  # 0x898e6
0x000108ea:  d72b0b13          addi                    s6,s6,-654
0x000108ee:  8bbe              mv                      s7,a5
0x000108f0:  892e              mv                      s2,a1
0x000108f2:  89b2              mv                      s3,a2
0x000108f4:  8c2a              mv                      s8,a0
0x000108f6:  00eb3023          sd                      a4,0(s6)
0x000108fa:  00071797          auipc                   a5,113                  # 0x818fa
0x000108fe:  4507b323          sd                      a6,1094(a5)
0x00010902:  631c              ld                      a5,0(a4)
0x00010904:  0721              addi                    a4,a4,8
0x00010906:  fff5              bnez                    a5,-4                   # 0x10902

----------------
IN: __libc_start_main
0x00010902:  631c              ld                      a5,0(a4)
0x00010904:  0721              addi                    a4,a4,8
0x00010906:  fff5              bnez                    a5,-4                   # 0x10902

----------------
IN: __libc_start_main
0x00010908:  853a              mv                      a0,a4
0x0001090a:  367080ef          jal                     ra,35686                # 0x19470

----------------
IN: _dl_aux_init
0x00019470:  7121              addi                    sp,sp,-448
0x00019472:  fb22              sd                      s0,432(sp)
0x00019474:  f726              sd                      s1,424(sp)
0x00019476:  0380              addi                    s0,sp,448
0x00019478:  f34a              sd                      s2,416(sp)
0x0001947a:  ff06              sd                      ra,440(sp)
0x0001947c:  84aa              mv                      s1,a0
0x0001947e:  00070917          auipc                   s2,112                  # 0x8947e
0x00019482:  22290913          addi                    s2,s2,546
0x00019486:  1a000613          addi                    a2,zero,416
0x0001948a:  4581              mv                      a1,zero
0x0001948c:  e4040513          addi                    a0,s0,-448
0x00019490:  00993023          sd                      s1,0(s2)
0x00019494:  857fd0ef          jal                     ra,-10154               # 0x16cea

----------------
IN: memset
0x00016cea:  1141              addi                    sp,sp,-16
0x00016cec:  e422              sd                      s0,8(sp)
0x00016cee:  0800              addi                    s0,sp,16
0x00016cf0:  471d              addi                    a4,zero,7
0x00016cf2:  87aa              mv                      a5,a0
0x00016cf4:  06c77b63          bleu                    a2,a4,118               # 0x16d6a

----------------
IN: memset
0x00016cf8:  01010737          lui                     a4,4112
0x00016cfc:  10170713          addi                    a4,a4,257
0x00016d00:  0742              slli                    a4,a4,16
0x00016d02:  10170713          addi                    a4,a4,257
0x00016d06:  0742              slli                    a4,a4,16
0x00016d08:  0ff5f813          andi                    a6,a1,255
0x00016d0c:  10170713          addi                    a4,a4,257
0x00016d10:  00757693          andi                    a3,a0,7
0x00016d14:  02e80733          mul                     a4,a6,a4
0x00016d18:  c6b5              beqz                    a3,108                  # 0x16d84

----------------
IN: memset
0x00016d84:  00665693          srli                    a3,a2,6
0x00016d88:  f6c5              bnez                    a3,-88                  # 0x16d30

----------------
IN: memset
0x00016d30:  00669813          slli                    a6,a3,6
0x00016d34:  88be              mv                      a7,a5
0x00016d36:  983e              add                     a6,a6,a5
0x00016d38:  e398              sd                      a4,0(a5)
0x00016d3a:  e798              sd                      a4,8(a5)
0x00016d3c:  eb98              sd                      a4,16(a5)
0x00016d3e:  ef98              sd                      a4,24(a5)
0x00016d40:  f398              sd                      a4,32(a5)
0x00016d42:  f798              sd                      a4,40(a5)
0x00016d44:  fb98              sd                      a4,48(a5)
0x00016d46:  ff98              sd                      a4,56(a5)
0x00016d48:  04078793          addi                    a5,a5,64
0x00016d4c:  ff0796e3          bne                     a5,a6,-20               # 0x16d38

----------------
IN: memset
0x00016d38:  e398              sd                      a4,0(a5)
0x00016d3a:  e798              sd                      a4,8(a5)
0x00016d3c:  eb98              sd                      a4,16(a5)
0x00016d3e:  ef98              sd                      a4,24(a5)
0x00016d40:  f398              sd                      a4,32(a5)
0x00016d42:  f798              sd                      a4,40(a5)
0x00016d44:  fb98              sd                      a4,48(a5)
0x00016d46:  ff98              sd                      a4,56(a5)
0x00016d48:  04078793          addi                    a5,a5,64
0x00016d4c:  ff0796e3          bne                     a5,a6,-20               # 0x16d38

----------------
IN: memset
0x00016d50:  069a              slli                    a3,a3,6
0x00016d52:  96c6              add                     a3,a3,a7
0x00016d54:  00365793          srli                    a5,a2,3
0x00016d58:  8b9d              andi                    a5,a5,7
0x00016d5a:  cf85              beqz                    a5,56                   # 0x16d92

----------------
IN: memset
0x00016d5c:  078e              slli                    a5,a5,3
0x00016d5e:  97b6              add                     a5,a5,a3
0x00016d60:  e298              sd                      a4,0(a3)
0x00016d62:  06a1              addi                    a3,a3,8
0x00016d64:  fef69ee3          bne                     a3,a5,-4                # 0x16d60

----------------
IN: memset
0x00016d60:  e298              sd                      a4,0(a3)
0x00016d62:  06a1              addi                    a3,a3,8
0x00016d64:  fef69ee3          bne                     a3,a5,-4                # 0x16d60

----------------
IN: memset
0x00016d68:  8a1d              andi                    a2,a2,7
0x00016d6a:  0ff5f593          andi                    a1,a1,255
0x00016d6e:  00c78733          add                     a4,a5,a2
0x00016d72:  c611              beqz                    a2,12                   # 0x16d7e

----------------
IN: memset
0x00016d7e:  6422              ld                      s0,8(sp)
0x00016d80:  0141              addi                    sp,sp,16
0x00016d82:  8082              ret                     

----------------
IN: _dl_aux_init
0x00019498:  ffff7697          auipc                   a3,-9                   # 0x10498
0x0001949c:  17c68693          addi                    a3,a3,380
0x000194a0:  6705              lui                     a4,1
0x000194a2:  609c              ld                      a5,0(s1)
0x000194a4:  80070713          addi                    a4,a4,-2048
0x000194a8:  e8d43423          sd                      a3,-376(s0)
0x000194ac:  6685              lui                     a3,1
0x000194ae:  e6d43823          sd                      a3,-400(s0)
0x000194b2:  fce43c23          sd                      a4,-40(s0)
0x000194b6:  c7e9              beqz                    a5,202                  # 0x19580

----------------
IN: _dl_aux_init
0x000194b8:  03300713          addi                    a4,zero,51
0x000194bc:  00f76863          bgtu                    a5,a4,16                # 0x194cc

----------------
IN: _dl_aux_init
0x000194c0:  6494              ld                      a3,8(s1)
0x000194c2:  078e              slli                    a5,a5,3
0x000194c4:  1781              addi                    a5,a5,-32
0x000194c6:  97a2              add                     a5,a5,s0
0x000194c8:  e6d7b023          sd                      a3,-416(a5)
0x000194cc:  689c              ld                      a5,16(s1)
0x000194ce:  04c1              addi                    s1,s1,16
0x000194d0:  f7f5              bnez                    a5,-20                  # 0x194bc

----------------
IN: _dl_aux_init
0x000194bc:  00f76863          bgtu                    a5,a4,16                # 0x194cc

----------------
IN: _dl_aux_init
0x000194d2:  e7043583          ld                      a1,-400(s0)
0x000194d6:  ed042603          lw                      a2,-304(s0)
0x000194da:  fd843703          ld                      a4,-40(s0)
0x000194de:  0006a697          auipc                   a3,106                  # 0x834de
0x000194e2:  51a68693          addi                    a3,a3,1306
0x000194e6:  e28c              sd                      a1,0(a3)
0x000194e8:  ef843583          ld                      a1,-264(s0)
0x000194ec:  e698              sd                      a4,8(a3)
0x000194ee:  f4843703          ld                      a4,-184(s0)
0x000194f2:  0006b517          auipc                   a0,107                  # 0x844f2
0x000194f6:  b0b52323          sw                      a1,-1274(a0)
0x000194fa:  eb843583          ld                      a1,-328(s0)
0x000194fe:  e5843783          ld                      a5,-424(s0)
0x00019502:  02c92a23          sw                      a2,52(s2)
0x00019506:  00b93423          sd                      a1,8(s2)
0x0001950a:  ec043583          ld                      a1,-320(s0)
0x0001950e:  f0843603          ld                      a2,-248(s0)
0x00019512:  02e93c23          sd                      a4,56(s2)
0x00019516:  00b93823          sd                      a1,16(s2)
0x0001951a:  f1043583          ld                      a1,-240(s0)
0x0001951e:  e6843703          ld                      a4,-408(s0)
0x00019522:  04f93023          sd                      a5,64(s2)
0x00019526:  00b93c23          sd                      a1,24(s2)
0x0001952a:  f2843583          ld                      a1,-216(s0)
0x0001952e:  04e93423          sd                      a4,72(s2)
0x00019532:  02b93023          sd                      a1,32(s2)
0x00019536:  f3043583          ld                      a1,-208(s0)
0x0001953a:  02b93423          sd                      a1,40(s2)
0x0001953e:  ec843583          ld                      a1,-312(s0)
0x00019542:  02b92823          sw                      a1,48(s2)
0x00019546:  00068597          auipc                   a1,104                  # 0x81546
0x0001954a:  7cc5b523          sd                      a2,1994(a1)
0x0001954e:  e39d              bnez                    a5,38                   # 0x19574

----------------
IN: _dl_aux_init
0x00019574:  70fa              ld                      ra,440(sp)
0x00019576:  745a              ld                      s0,432(sp)
0x00019578:  74ba              ld                      s1,424(sp)
0x0001957a:  791a              ld                      s2,416(sp)
0x0001957c:  6139              addi                    sp,sp,448
0x0001957e:  8082              ret                     

----------------
IN: __libc_start_main
0x0001090e:  000b3503          ld                      a0,0(s6)
0x00010912:  00072497          auipc                   s1,114                  # 0x82912
0x00010916:  3e64b483          ld                      s1,998(s1)
0x0001091a:  00072a97          auipc                   s5,114                  # 0x8291a
0x0001091e:  376aba83          ld                      s5,886(s5)
0x00010922:  019080ef          jal                     ra,34840                # 0x1913a

----------------
IN: __tunables_init
0x0001913a:  0006b797          auipc                   a5,107                  # 0x8413a
0x0001913e:  ebe7a783          lw                      a5,-322(a5)
0x00019142:  ef89              bnez                    a5,26                   # 0x1915c

----------------
IN: __tunables_init
0x00019144:  7139              addi                    sp,sp,-64
0x00019146:  f822              sd                      s0,48(sp)
0x00019148:  e456              sd                      s5,8(sp)
0x0001914a:  fc06              sd                      ra,56(sp)
0x0001914c:  0080              addi                    s0,sp,64
0x0001914e:  8aaa              mv                      s5,a0
0x00019150:  e519              bnez                    a0,14                   # 0x1915e

----------------
IN: __tunables_init
0x0001915e:  f426              sd                      s1,40(sp)
0x00019160:  f04a              sd                      s2,32(sp)
0x00019162:  f9700493          addi                    s1,zero,-105
0x00019166:  00068917          auipc                   s2,104                  # 0x81166
0x0001916a:  c2a90913          addi                    s2,s2,-982
0x0001916e:  ec4e              sd                      s3,24(sp)
0x00019170:  e852              sd                      s4,16(sp)
0x00019172:  03d00993          addi                    s3,zero,61
0x00019176:  00069a17          auipc                   s4,105                  # 0x82176
0x0001917a:  c03a0a13          addi                    s4,s4,-1021
0x0001917e:  412484b3          sub                     s1,s1,s2
0x00019182:  000ab883          ld                      a7,0(s5)
0x00019186:  0a088663          beqz                    a7,172                  # 0x19232

----------------
IN: __tunables_init
0x0001918a:  0008c703          lbu                     a4,0(a7)
0x0001918e:  0aa1              addi                    s5,s5,8
0x00019190:  4781              mv                      a5,zero
0x00019192:  e719              bnez                    a4,14                   # 0x191a0

----------------
IN: __tunables_init
0x000191a0:  0785              addi                    a5,a5,1
0x000191a2:  ff371ae3          bne                     a4,s3,-12               # 0x19196

----------------
IN: __tunables_init
0x00019196:  00f88733          add                     a4,a7,a5
0x0001919a:  00074703          lbu                     a4,0(a4)
0x0001919e:  d375              beqz                    a4,-28                  # 0x19182

----------------
IN: __tunables_init
0x000191a6:  00f885b3          add                     a1,a7,a5
0x000191aa:  0003c717          auipc                   a4,60                   # 0x551aa
0x000191ae:  d0e70713          addi                    a4,a4,-754
0x000191b2:  87c6              mv                      a5,a7
0x000191b4:  04700613          addi                    a2,zero,71
0x000191b8:  a031              j                       12                      # 0x191c4

----------------
IN: __tunables_init
0x000191c4:  0007c683          lbu                     a3,0(a5)
0x000191c8:  0705              addi                    a4,a4,1
0x000191ca:  0785              addi                    a5,a5,1
0x000191cc:  f6fd              bnez                    a3,-18                  # 0x191ba

----------------
IN: __tunables_init
0x000191ba:  00c69a63          bne                     a3,a2,20                # 0x191ce

----------------
IN: __tunables_init
0x000191ce:  00068817          auipc                   a6,104                  # 0x811ce
0x000191d2:  c2b80813          addi                    a6,a6,-981
0x000191d6:  a029              j                       10                      # 0x191e0

----------------
IN: __tunables_init
0x000191e0:  fff84783          lbu                     a5,-1(a6)
0x000191e4:  8742              mv                      a4,a6
0x000191e6:  fbed              bnez                    a5,-14                  # 0x191d8

----------------
IN: __tunables_init
0x000191e8:  00084783          lbu                     a5,0(a6)
0x000191ec:  86c6              mv                      a3,a7
0x000191ee:  d7ed              beqz                    a5,-22                  # 0x191d8

----------------
IN: __tunables_init
0x000191d8:  08080813          addi                    a6,a6,128
0x000191dc:  fb0a03e3          beq                     s4,a6,-90               # 0x19182

----------------
IN: __tunables_init
0x000191f0:  0006c603          lbu                     a2,0(a3)
0x000191f4:  0705              addi                    a4,a4,1
0x000191f6:  0685              addi                    a3,a3,1
0x000191f8:  d265              beqz                    a2,-32                  # 0x191d8

----------------
IN: __tunables_init
0x000191fa:  fcf61fe3          bne                     a2,a5,-34               # 0x191d8

----------------
IN: __tunables_init
0x00019182:  000ab883          ld                      a7,0(s5)
0x00019186:  0a088663          beqz                    a7,172                  # 0x19232

----------------
IN: __tunables_init
0x000191be:  00074603          lbu                     a2,0(a4)
0x000191c2:  c249              beqz                    a2,130                  # 0x19244

----------------
IN: __tunables_init
0x000191fe:  00074783          lbu                     a5,0(a4)
0x00019202:  f7fd              bnez                    a5,-18                  # 0x191f0

----------------
IN: __tunables_init
0x00019232:  70e2              ld                      ra,56(sp)
0x00019234:  7442              ld                      s0,48(sp)
0x00019236:  74a2              ld                      s1,40(sp)
0x00019238:  7902              ld                      s2,32(sp)
0x0001923a:  69e2              ld                      s3,24(sp)
0x0001923c:  6a42              ld                      s4,16(sp)
0x0001923e:  6aa2              ld                      s5,8(sp)
0x00019240:  6121              addi                    sp,sp,64
0x00019242:  8082              ret                     

----------------
IN: __libc_start_main
0x00010926:  0554f363          bleu                    s5,s1,70                # 0x1096c

----------------
IN: __libc_start_main
0x0001096c:  226000ef          jal                     ra,550                  # 0x10b92

----------------
IN: __libc_setup_tls
0x00010b92:  7175              addi                    sp,sp,-144
0x00010b94:  e122              sd                      s0,128(sp)
0x00010b96:  f46e              sd                      s11,40(sp)
0x00010b98:  e506              sd                      ra,136(sp)
0x00010b9a:  fca6              sd                      s1,120(sp)
0x00010b9c:  f8ca              sd                      s2,112(sp)
0x00010b9e:  f4ce              sd                      s3,104(sp)
0x00010ba0:  f0d2              sd                      s4,96(sp)
0x00010ba2:  ecd6              sd                      s5,88(sp)
0x00010ba4:  e8da              sd                      s6,80(sp)
0x00010ba6:  e4de              sd                      s7,72(sp)
0x00010ba8:  e0e2              sd                      s8,64(sp)
0x00010baa:  fc66              sd                      s9,56(sp)
0x00010bac:  f86a              sd                      s10,48(sp)
0x00010bae:  0900              addi                    s0,sp,144
0x00010bb0:  00072797          auipc                   a5,114                  # 0x82bb0
0x00010bb4:  4387b783          ld                      a5,1080(a5)
0x00010bb8:  0007bd83          ld                      s11,0(a5)
0x00010bbc:  17a080ef          jal                     ra,33146                # 0x18d36

----------------
IN: __tls_pre_init_tp
0x00018d36:  1141              addi                    sp,sp,-16
0x00018d38:  e422              sd                      s0,8(sp)
0x00018d3a:  0800              addi                    s0,sp,16
0x00018d3c:  6422              ld                      s0,8(sp)
0x00018d3e:  0006a697          auipc                   a3,106                  # 0x82d3e
0x00018d42:  1ca6b683          ld                      a3,458(a3)
0x00018d46:  0006a717          auipc                   a4,106                  # 0x82d46
0x00018d4a:  ee273703          ld                      a4,-286(a4)
0x00018d4e:  0006a797          auipc                   a5,106                  # 0x82d4e
0x00018d52:  f727b783          ld                      a5,-142(a5)
0x00018d56:  e694              sd                      a3,8(a3)
0x00018d58:  e294              sd                      a3,0(a3)
0x00018d5a:  e718              sd                      a4,8(a4)
0x00018d5c:  e318              sd                      a4,0(a4)
0x00018d5e:  e79c              sd                      a5,8(a5)
0x00018d60:  e39c              sd                      a5,0(a5)
0x00018d62:  0141              addi                    sp,sp,16
0x00018d64:  8082              ret                     

----------------
IN: __libc_setup_tls
0x00010bc0:  00072797          auipc                   a5,114                  # 0x82bc0
0x00010bc4:  3807b783          ld                      a5,896(a5)
0x00010bc8:  6398              ld                      a4,0(a5)
0x00010bca:  00072797          auipc                   a5,114                  # 0x82bca
0x00010bce:  25e7b783          ld                      a5,606(a5)
0x00010bd2:  639c              ld                      a5,0(a5)
0x00010bd4:  00371693          slli                    a3,a4,3
0x00010bd8:  8e99              sub                     a3,a3,a4
0x00010bda:  068e              slli                    a3,a3,3
0x00010bdc:  96be              add                     a3,a3,a5
0x00010bde:  14d7f663          bleu                    a3,a5,332               # 0x10d2a

----------------
IN: __libc_setup_tls
0x00010be2:  461d              addi                    a2,zero,7
0x00010be4:  a029              j                       10                      # 0x10bee

----------------
IN: __libc_setup_tls
0x00010bee:  4398              lw                      a4,0(a5)
0x00010bf0:  fec71be3          bne                     a4,a2,-10               # 0x10be6

----------------
IN: __libc_setup_tls
0x00010be6:  03878793          addi                    a5,a5,56
0x00010bea:  14d7f063          bleu                    a3,a5,320               # 0x10d2a

----------------
IN: __libc_setup_tls
0x00010bf4:  000dba83          ld                      s5,0(s11)
0x00010bf8:  6b90              ld                      a2,16(a5)
0x00010bfa:  0307bd03          ld                      s10,48(a5)
0x00010bfe:  02000713          addi                    a4,zero,32
0x00010c02:  0287bb03          ld                      s6,40(a5)
0x00010c06:  0207bb83          ld                      s7,32(a5)
0x00010c0a:  9ab2              add                     s5,s5,a2
0x00010c0c:  8a6a              mv                      s4,s10
0x00010c0e:  10ed6863          bgtu                    a4,s10,272              # 0x10d1e

----------------
IN: __libc_setup_tls
0x00010d1e:  02000a13          addi                    s4,zero,32
0x00010d22:  89ea              mv                      s3,s10
0x00010d24:  ee0d1ae3          bnez                    s10,-268                # 0x10c18

----------------
IN: __libc_setup_tls
0x00010c18:  fffa0793          addi                    a5,s4,-1
0x00010c1c:  f8f43423          sd                      a5,-120(s0)
0x00010c20:  4501              mv                      a0,zero
0x00010c22:  414007b3          neg                     a5,s4
0x00010c26:  f8f43023          sd                      a5,-128(s0)
0x00010c2a:  349070ef          jal                     ra,31560                # 0x18772

----------------
IN: _dl_tls_static_surplus_init
0x00018772:  7179              addi                    sp,sp,-48
0x00018774:  f022              sd                      s0,32(sp)
0x00018776:  1800              addi                    s0,sp,48
0x00018778:  f406              sd                      ra,40(sp)
0x0001877a:  ec26              sd                      s1,24(sp)
0x0001877c:  e84a              sd                      s2,16(sp)
0x0001877e:  fd840493          addi                    s1,s0,-40
0x00018782:  85a6              mv                      a1,s1
0x00018784:  4601              mv                      a2,zero
0x00018786:  892a              mv                      s2,a0
0x00018788:  4501              mv                      a0,zero
0x0001878a:  3f5000ef          jal                     ra,3060                 # 0x1937e

----------------
IN: __tunable_get_val
0x0001937e:  1502              slli                    a0,a0,32
0x00019380:  1141              addi                    sp,sp,-16
0x00019382:  9101              srli                    a0,a0,32
0x00019384:  e422              sd                      s0,8(sp)
0x00019386:  00068797          auipc                   a5,104                  # 0x81386
0x0001938a:  a0a78793          addi                    a5,a5,-1526
0x0001938e:  0800              addi                    s0,sp,16
0x00019390:  00751713          slli                    a4,a0,7
0x00019394:  00e786b3          add                     a3,a5,a4
0x00019398:  0306a803          lw                      a6,48(a3)
0x0001939c:  4889              addi                    a7,zero,2
0x0001939e:  0308e863          bgtu                    a6,a7,48                # 0x193ce

----------------
IN: __tunable_get_val
0x000193a2:  6eb8              ld                      a4,88(a3)
0x000193a4:  02080363          beqz                    a6,38                   # 0x193ca

----------------
IN: __tunable_get_val
0x000193a8:  e198              sd                      a4,0(a1)
0x000193aa:  051e              slli                    a0,a0,7
0x000193ac:  00a78733          add                     a4,a5,a0
0x000193b0:  06874703          lbu                     a4,104(a4)
0x000193b4:  cb01              beqz                    a4,16                   # 0x193c4

----------------
IN: __tunable_get_val
0x000193c4:  6422              ld                      s0,8(sp)
0x000193c6:  0141              addi                    sp,sp,16
0x000193c8:  8082              ret                     

----------------
IN: _dl_tls_static_surplus_init
0x0001878e:  85a6              mv                      a1,s1
0x00018790:  fd843483          ld                      s1,-40(s0)
0x00018794:  4601              mv                      a2,zero
0x00018796:  4571              addi                    a0,zero,28
0x00018798:  3e7000ef          jal                     ra,3046                 # 0x1937e

----------------
IN: _dl_tls_static_surplus_init
0x0001879c:  fd843683          ld                      a3,-40(s0)
0x000187a0:  4785              addi                    a5,zero,1
0x000187a2:  e091              bnez                    s1,4                    # 0x187a6

----------------
IN: _dl_tls_static_surplus_init
0x000187a6:  0017c613          xori                    a2,a5,1
0x000187aa:  03266f63          bgtu                    s2,a2,62                # 0x187e8

----------------
IN: _dl_tls_static_surplus_init
0x000187ae:  012787bb          addw                    a5,a5,s2
0x000187b2:  fff7871b          addiw                   a4,a5,-1
0x000187b6:  9f3d              addw                    a4,a4,a5
0x000187b8:  0037179b          slliw                   a5,a4,3
0x000187bc:  9fb9              addw                    a5,a5,a4
0x000187be:  0047979b          slliw                   a5,a5,4
0x000187c2:  70a2              ld                      ra,40(sp)
0x000187c4:  7402              ld                      s0,32(sp)
0x000187c6:  0006a717          auipc                   a4,106                  # 0x827c6
0x000187ca:  53a73703          ld                      a4,1338(a4)
0x000187ce:  9fb5              addw                    a5,a5,a3
0x000187d0:  e314              sd                      a3,0(a4)
0x000187d2:  0907879b          addiw                   a5,a5,144
0x000187d6:  0006a717          auipc                   a4,106                  # 0x827d6
0x000187da:  6e273703          ld                      a4,1762(a4)
0x000187de:  e31c              sd                      a5,0(a4)
0x000187e0:  64e2              ld                      s1,24(sp)
0x000187e2:  6942              ld                      s2,16(sp)
0x000187e4:  6145              addi                    sp,sp,48
0x000187e6:  8082              ret                     

----------------
IN: __libc_setup_tls
0x00010c2e:  140d0563          beqz                    s10,330                 # 0x10d78

----------------
IN: __libc_setup_tls
0x00010c32:  fffd0913          addi                    s2,s10,-1
0x00010c36:  03a95833          divu                    a6,s2,s10
0x00010c3a:  995a              add                     s2,s2,s6
0x00010c3c:  03380c33          mul                     s8,a6,s3
0x00010c40:  f7843c23          sd                      s8,-136(s0)
0x00010c44:  84018c93          addi                    s9,gp,-1984
0x00010c48:  000cb503          ld                      a0,0(s9)
0x00010c4c:  76050513          addi                    a0,a0,1888
0x00010c50:  955a              add                     a0,a0,s6
0x00010c52:  9552              add                     a0,a0,s4
0x00010c54:  9562              add                     a0,a0,s8
0x00010c56:  780080ef          jal                     ra,34688                # 0x193d6

----------------
IN: _dl_early_allocate
0x000193d6:  1101              addi                    sp,sp,-32
0x000193d8:  e822              sd                      s0,16(sp)
0x000193da:  e426              sd                      s1,8(sp)
0x000193dc:  ec06              sd                      ra,24(sp)
0x000193de:  1000              addi                    s0,sp,32
0x000193e0:  00070797          auipc                   a5,112                  # 0x893e0
0x000193e4:  2807b783          ld                      a5,640(a5)
0x000193e8:  84aa              mv                      s1,a0
0x000193ea:  cf91              beqz                    a5,28                   # 0x19406

----------------
IN: _dl_early_allocate
0x00019406:  0d600893          addi                    a7,zero,214
0x0001940a:  4501              mv                      a0,zero
0x0001940c:  00000073          ecall                   

----------------
IN: _dl_early_allocate
0x00019410:  87aa              mv                      a5,a0
0x00019412:  9526              add                     a0,a0,s1
0x00019414:  00000073          ecall                   

----------------
IN: _dl_early_allocate
0x00019418:  fea790e3          bne                     a5,a0,-32               # 0x193f8

----------------
IN: _dl_early_allocate
0x000193f8:  c395              beqz                    a5,36                   # 0x1941c

----------------
IN: _dl_early_allocate
0x000193fa:  60e2              ld                      ra,24(sp)
0x000193fc:  6442              ld                      s0,16(sp)
0x000193fe:  64a2              ld                      s1,8(sp)
0x00019400:  853e              mv                      a0,a5
0x00019402:  6105              addi                    sp,sp,32
0x00019404:  8082              ret                     

----------------
IN: __libc_setup_tls
0x00010c5a:  84aa              mv                      s1,a0
0x00010c5c:  0e050c63          beqz                    a0,248                  # 0x10d54

----------------
IN: __libc_setup_tls
0x00010c60:  f8843783          ld                      a5,-120(s0)
0x00010c64:  76048493          addi                    s1,s1,1888
0x00010c68:  865e              mv                      a2,s7
0x00010c6a:  94be              add                     s1,s1,a5
0x00010c6c:  f8043783          ld                      a5,-128(s0)
0x00010c70:  85d6              mv                      a1,s5
0x00010c72:  8cfd              and                     s1,s1,a5
0x00010c74:  f7843783          ld                      a5,-136(s0)
0x00010c78:  01848533          add                     a0,s1,s8
0x00010c7c:  02acb423          sd                      a0,40(s9)
0x00010c80:  44fdb823          sd                      a5,1104(s11)
0x00010c84:  03e00793          addi                    a5,zero,62
0x00010c88:  00fcb423          sd                      a5,8(s9)
0x00010c8c:  8601b823          sd                      zero,-1936(gp)
0x00010c90:  7c1050ef          jal                     ra,24512                # 0x16c50

----------------
IN: memcpy
0x00016c50:  7179              addi                    sp,sp,-48
0x00016c52:  f022              sd                      s0,32(sp)
0x00016c54:  ec26              sd                      s1,24(sp)
0x00016c56:  e44e              sd                      s3,8(sp)
0x00016c58:  f406              sd                      ra,40(sp)
0x00016c5a:  1800              addi                    s0,sp,48
0x00016c5c:  47bd              addi                    a5,zero,15
0x00016c5e:  89aa              mv                      s3,a0
0x00016c60:  872a              mv                      a4,a0
0x00016c62:  84ae              mv                      s1,a1
0x00016c64:  04c7f863          bleu                    a2,a5,80                # 0x16cb4

----------------
IN: memcpy
0x00016c68:  40a00533          neg                     a0,a0
0x00016c6c:  e84a              sd                      s2,16(sp)
0x00016c6e:  891d              andi                    a0,a0,7
0x00016c70:  e052              sd                      s4,0(sp)
0x00016c72:  40a60933          sub                     s2,a2,a0
0x00016c76:  c925              beqz                    a0,112                  # 0x16ce6

----------------
IN: memcpy
0x00016ce6:  8a4e              mv                      s4,s3
0x00016ce8:  b76d              j                       -86                     # 0x16c92

----------------
IN: memcpy
0x00016c92:  0074f793          andi                    a5,s1,7
0x00016c96:  00395613          srli                    a2,s2,3
0x00016c9a:  85a6              mv                      a1,s1
0x00016c9c:  8552              mv                      a0,s4
0x00016c9e:  e3a9              bnez                    a5,66                   # 0x16ce0

----------------
IN: memcpy
0x00016ca0:  394000ef          jal                     ra,916                  # 0x17034

----------------
IN: _wordcopy_fwd_aligned
0x00017034:  1141              addi                    sp,sp,-16
0x00017036:  00767793          andi                    a5,a2,7
0x0001703a:  e422              sd                      s0,8(sp)
0x0001703c:  00043717          auipc                   a4,67                   # 0x5a03c
0x00017040:  b7c70713          addi                    a4,a4,-1156
0x00017044:  0800              addi                    s0,sp,16
0x00017046:  078a              slli                    a5,a5,2
0x00017048:  97ba              add                     a5,a5,a4
0x0001704a:  439c              lw                      a5,0(a5)
0x0001704c:  97ba              add                     a5,a5,a4
0x0001704e:  8782              jr                      a5

----------------
IN: _wordcopy_fwd_aligned
0x000170da:  6198              ld                      a4,0(a1)
0x000170dc:  fd050793          addi                    a5,a0,-48
0x000170e0:  fd858593          addi                    a1,a1,-40
0x000170e4:  0615              addi                    a2,a2,5
0x000170e6:  bf71              j                       -100                    # 0x17082

----------------
IN: _wordcopy_fwd_aligned
0x00017082:  0305b803          ld                      a6,48(a1)
0x00017086:  03878693          addi                    a3,a5,56
0x0001708a:  e118              sd                      a4,0(a0)
0x0001708c:  7d98              ld                      a4,56(a1)
0x0001708e:  04078793          addi                    a5,a5,64
0x00017092:  0106b023          sd                      a6,0(a3)
0x00017096:  1661              addi                    a2,a2,-8
0x00017098:  853e              mv                      a0,a5
0x0001709a:  04058593          addi                    a1,a1,64
0x0001709e:  ea11              bnez                    a2,20                   # 0x170b2

----------------
IN: _wordcopy_fwd_aligned
0x000170a0:  e118              sd                      a4,0(a0)
0x000170a2:  6422              ld                      s0,8(sp)
0x000170a4:  0141              addi                    sp,sp,16
0x000170a6:  8082              ret                     

----------------
IN: memcpy
0x00016ca4:  ff897713          andi                    a4,s2,-8
0x00016ca8:  94ba              add                     s1,s1,a4
0x00016caa:  00797613          andi                    a2,s2,7
0x00016cae:  9752              add                     a4,a4,s4
0x00016cb0:  6942              ld                      s2,16(sp)
0x00016cb2:  6a02              ld                      s4,0(sp)
0x00016cb4:  177d              addi                    a4,a4,-1
0x00016cb6:  87a6              mv                      a5,s1
0x00016cb8:  009605b3          add                     a1,a2,s1
0x00016cbc:  8f05              sub                     a4,a4,s1
0x00016cbe:  ca11              beqz                    a2,20                   # 0x16cd2

----------------
IN: memcpy
0x00016cd2:  70a2              ld                      ra,40(sp)
0x00016cd4:  7402              ld                      s0,32(sp)
0x00016cd6:  64e2              ld                      s1,24(sp)
0x00016cd8:  854e              mv                      a0,s3
0x00016cda:  69a2              ld                      s3,8(sp)
0x00016cdc:  6145              addi                    sp,sp,48
0x00016cde:  8082              ret                     

----------------
IN: __libc_setup_tls
0x00010c94:  85818793          addi                    a5,gp,-1960
0x00010c98:  fef4b823          sd                      a5,-16(s1)
0x00010c9c:  8226              mv                      tp,s1
0x00010c9e:  0c8080ef          jal                     ra,32968                # 0x18d66

----------------
IN: __tls_init_tp
0x00018d66:  7179              addi                    sp,sp,-48
0x00018d68:  f022              sd                      s0,32(sp)
0x00018d6a:  ec26              sd                      s1,24(sp)
0x00018d6c:  f406              sd                      ra,40(sp)
0x00018d6e:  1800              addi                    s0,sp,48
0x00018d70:  0006a797          auipc                   a5,106                  # 0x82d70
0x00018d74:  eb87b783          ld                      a5,-328(a5)
0x00018d78:  6394              ld                      a3,0(a5)
0x00018d7a:  96020713          addi                    a4,tp,-1696
0x00018d7e:  96f23423          sd                      a5,-1688(tp)
0x00018d82:  96d23023          sd                      a3,-1696(tp)
0x00018d86:  e698              sd                      a4,8(a3)
0x00018d88:  8492              mv                      s1,tp
0x00018d8a:  0330000f          fence                   rw,rw
0x00018d8e:  06000893          addi                    a7,zero,96
0x00018d92:  e398              sd                      a4,0(a5)
0x00018d94:  97020513          addi                    a0,tp,-1680
0x00018d98:  00000073          ecall                   

----------------
IN: __tls_init_tp
0x00018d9c:  00071717          auipc                   a4,113                  # 0x89d9c
0x00018da0:  8fc70713          addi                    a4,a4,-1796
0x00018da4:  00074603          lbu                     a2,0(a4)
0x00018da8:  98020793          addi                    a5,tp,-1664
0x00018dac:  9b020593          addi                    a1,tp,-1616
0x00018db0:  4685              addi                    a3,zero,1
0x00018db2:  cac208a3          sb                      a2,-847(tp)
0x00018db6:  5601              addi                    a2,zero,-32
0x00018db8:  96a22823          sw                      a0,-1680(tp)
0x00018dbc:  bab23823          sd                      a1,-1104(tp)
0x00018dc0:  cad20923          sb                      a3,-846(tp)
0x00018dc4:  96f23c23          sd                      a5,-1672(tp)
0x00018dc8:  98f23023          sd                      a5,-1664(tp)
0x00018dcc:  98c23423          sd                      a2,-1656(tp)
0x00018dd0:  06300893          addi                    a7,zero,99
0x00018dd4:  853e              mv                      a0,a5
0x00018dd6:  45e1              addi                    a1,zero,24
0x00018dd8:  00000073          ecall                   

----------------
IN: __tls_init_tp
0x00018ddc:  77fd              lui                     a5,-1
0x00018dde:  2501              sext.w                  a0,a0
0x00018de0:  00a7e463          bgtu                    a0,a5,8                 # 0x18de8

----------------
IN: __tls_init_tp
0x00018de8:  fdc40593          addi                    a1,s0,-36
0x00018dec:  4601              mv                      a2,zero
0x00018dee:  4511              addi                    a0,zero,4
0x00018df0:  58e000ef          jal                     ra,1422                 # 0x1937e

----------------
IN: __tunable_get_val
0x000193ca:  c198              sw                      a4,0(a1)
0x000193cc:  bff9              j                       -34                     # 0x193aa

----------------
IN: __tunable_get_val
0x000193aa:  051e              slli                    a0,a0,7
0x000193ac:  00a78733          add                     a4,a5,a0
0x000193b0:  06874703          lbu                     a4,104(a4)
0x000193b4:  cb01              beqz                    a4,16                   # 0x193c4

----------------
IN: __tls_init_tp
0x00018df4:  0006a797          auipc                   a5,106                  # 0x82df4
0x00018df8:  e147b783          ld                      a5,-492(a5)
0x00018dfc:  639c              ld                      a5,0(a5)
0x00018dfe:  70a2              ld                      ra,40(sp)
0x00018e00:  7402              ld                      s0,32(sp)
0x00018e02:  5779              addi                    a4,zero,-2
0x00018e04:  fce4a223          sw                      a4,-60(s1)
0x00018e08:  d2f4bc23          sd                      a5,-712(s1)
0x00018e0c:  64e2              ld                      s1,24(sp)
0x00018e0e:  6145              addi                    sp,sp,48
0x00018e10:  8082              ret                     

----------------
IN: __libc_setup_tls
0x00010ca2:  033979b3          remu                    s3,s2,s3
0x00010ca6:  000cb783          ld                      a5,0(s9)
0x00010caa:  60aa              ld                      ra,136(sp)
0x00010cac:  640a              ld                      s0,128(sp)
0x00010cae:  07fd              addi                    a5,a5,31
0x00010cb0:  04000693          addi                    a3,zero,64
0x00010cb4:  00075617          auipc                   a2,117                  # 0x85cb4
0x00010cb8:  cd460613          addi                    a2,a2,-812
0x00010cbc:  4585              addi                    a1,zero,1
0x00010cbe:  40dcb423          sd                      a3,1032(s9)
0x00010cc2:  c4818693          addi                    a3,gp,-952
0x00010cc6:  45adb023          sd                      s10,1088(s11)
0x00010cca:  436dbc23          sd                      s6,1080(s11)
0x00010cce:  435db423          sd                      s5,1064(s11)
0x00010cd2:  437db823          sd                      s7,1072(s11)
0x00010cd6:  43bcb823          sd                      s11,1072(s9)
0x00010cda:  44bdbc23          sd                      a1,1112(s11)
0x00010cde:  83463c23          sd                      s4,-1992(a2)
0x00010ce2:  80b63c23          sd                      a1,-2024(a2)
0x00010ce6:  82d63023          sd                      a3,-2016(a2)
0x00010cea:  84b63023          sd                      a1,-1984(a2)
0x00010cee:  74e6              ld                      s1,120(sp)
0x00010cf0:  7a06              ld                      s4,96(sp)
0x00010cf2:  6ae6              ld                      s5,88(sp)
0x00010cf4:  6b46              ld                      s6,80(sp)
0x00010cf6:  6ba6              ld                      s7,72(sp)
0x00010cf8:  7ce2              ld                      s9,56(sp)
0x00010cfa:  7d42              ld                      s10,48(sp)
0x00010cfc:  7da2              ld                      s11,40(sp)
0x00010cfe:  41390933          sub                     s2,s2,s3
0x00010d02:  9962              add                     s2,s2,s8
0x00010d04:  97ca              add                     a5,a5,s2
0x00010d06:  9b81              andi                    a5,a5,-32
0x00010d08:  83263823          sd                      s2,-2000(a2)
0x00010d0c:  82f63423          sd                      a5,-2008(a2)
0x00010d10:  7946              ld                      s2,112(sp)
0x00010d12:  79a6              ld                      s3,104(sp)
0x00010d14:  6c06              ld                      s8,64(sp)
0x00010d16:  6149              addi                    sp,sp,144
0x00010d18:  8082              ret                     

----------------
IN: __libc_start_main
0x00010970:  00071a17          auipc                   s4,113                  # 0x81970
0x00010974:  3a0a0a13          addi                    s4,s4,928
0x00010978:  000a3783          ld                      a5,0(s4)
0x0001097c:  00070497          auipc                   s1,112                  # 0x8097c
0x00010980:  3f448493          addi                    s1,s1,1012
0x00010984:  00072817          auipc                   a6,114                  # 0x82984
0x00010988:  42c83803          ld                      a6,1068(a6)
0x0001098c:  0017c883          lbu                     a7,1(a5)
0x00010990:  0007c703          lbu                     a4,0(a5)
0x00010994:  0027c503          lbu                     a0,2(a5)
0x00010998:  0037c583          lbu                     a1,3(a5)
0x0001099c:  0047c603          lbu                     a2,4(a5)
0x000109a0:  08a2              slli                    a7,a7,8
0x000109a2:  0057c683          lbu                     a3,5(a5)
0x000109a6:  00e8e8b3          or                      a7,a7,a4
0x000109aa:  0542              slli                    a0,a0,16
0x000109ac:  0067c703          lbu                     a4,6(a5)
0x000109b0:  01156533          or                      a0,a0,a7
0x000109b4:  05e2              slli                    a1,a1,24
0x000109b6:  0077c783          lbu                     a5,7(a5)
0x000109ba:  8dc9              or                      a1,a1,a0
0x000109bc:  1602              slli                    a2,a2,32
0x000109be:  8e4d              or                      a2,a2,a1
0x000109c0:  16a2              slli                    a3,a3,40
0x000109c2:  8ed1              or                      a3,a3,a2
0x000109c4:  1742              slli                    a4,a4,48
0x000109c6:  8f55              or                      a4,a4,a3
0x000109c8:  17e2              slli                    a5,a5,56
0x000109ca:  8fd9              or                      a5,a5,a4
0x000109cc:  f007f793          andi                    a5,a5,-256
0x000109d0:  e09c              sd                      a5,0(s1)
0x000109d2:  00080363          beqz                    a6,6                    # 0x109d8

----------------
IN: __libc_start_main
0x000109d8:  000a3783          ld                      a5,0(s4)
0x000109dc:  0087c303          lbu                     t1,8(a5)
0x000109e0:  0097c883          lbu                     a7,9(a5)
0x000109e4:  00a7c803          lbu                     a6,10(a5)
0x000109e8:  00b7c503          lbu                     a0,11(a5)
0x000109ec:  00c7c583          lbu                     a1,12(a5)
0x000109f0:  00d7c603          lbu                     a2,13(a5)
0x000109f4:  00e7c683          lbu                     a3,14(a5)
0x000109f8:  00f7c703          lbu                     a4,15(a5)
0x000109fc:  f8640423          sb                      t1,-120(s0)
0x00010a00:  f91404a3          sb                      a7,-119(s0)
0x00010a04:  f9040523          sb                      a6,-118(s0)
0x00010a08:  f8a405a3          sb                      a0,-117(s0)
0x00010a0c:  f8b40623          sb                      a1,-116(s0)
0x00010a10:  f8c406a3          sb                      a2,-115(s0)
0x00010a14:  f8d40723          sb                      a3,-114(s0)
0x00010a18:  f8e407a3          sb                      a4,-113(s0)
0x00010a1c:  f8843783          ld                      a5,-120(s0)
0x00010a20:  e49c              sd                      a5,8(s1)
0x00010a22:  000b8763          beqz                    s7,14                   # 0x10a30

----------------
IN: __libc_start_main
0x00010a30:  4505              addi                    a0,zero,1
0x00010a32:  26c090ef          jal                     ra,37484                # 0x19c9e

----------------
IN: __libc_early_init
0x00019c9e:  7139              addi                    sp,sp,-64
0x00019ca0:  fc06              sd                      ra,56(sp)
0x00019ca2:  f822              sd                      s0,48(sp)
0x00019ca4:  f426              sd                      s1,40(sp)
0x00019ca6:  0080              addi                    s0,sp,64
0x00019ca8:  f04a              sd                      s2,32(sp)
0x00019caa:  00069497          auipc                   s1,105                  # 0x82caa
0x00019cae:  f664b483          ld                      s1,-154(s1)
0x00019cb2:  609c              ld                      a5,0(s1)
0x00019cb4:  fcf43c23          sd                      a5,-40(s0)
0x00019cb8:  4781              mv                      a5,zero
0x00019cba:  892a              mv                      s2,a0
0x00019cbc:  198000ef          jal                     ra,408                  # 0x19e54

----------------
IN: __ctype_init
0x00019e54:  00069797          auipc                   a5,105                  # 0x82e54
0x00019e58:  f4c7b783          ld                      a5,-180(a5)
0x00019e5c:  1141              addi                    sp,sp,-16
0x00019e5e:  e422              sd                      s0,8(sp)
0x00019e60:  0800              addi                    s0,sp,16
0x00019e62:  9792              add                     a5,a5,tp
0x00019e64:  6398              ld                      a4,0(a5)
0x00019e66:  00069797          auipc                   a5,105                  # 0x82e66
0x00019e6a:  d5a7b783          ld                      a5,-678(a5)
0x00019e6e:  6422              ld                      s0,8(sp)
0x00019e70:  6318              ld                      a4,0(a4)
0x00019e72:  9792              add                     a5,a5,tp
0x00019e74:  7f10              ld                      a2,56(a4)
0x00019e76:  6334              ld                      a3,64(a4)
0x00019e78:  6b38              ld                      a4,80(a4)
0x00019e7a:  10060613          addi                    a2,a2,256
0x00019e7e:  20068693          addi                    a3,a3,512
0x00019e82:  20070713          addi                    a4,a4,512
0x00019e86:  e390              sd                      a2,0(a5)
0x00019e88:  e794              sd                      a3,8(a5)
0x00019e8a:  eb98              sd                      a4,16(a5)
0x00019e8c:  0141              addi                    sp,sp,16
0x00019e8e:  8082              ret                     

----------------
IN: __libc_early_init
0x00019cc0:  fc840593          addi                    a1,s0,-56
0x00019cc4:  450d              addi                    a0,zero,3
0x00019cc6:  0006b797          auipc                   a5,107                  # 0x84cc6
0x00019cca:  8d278323          sb                      s2,-1850(a5)
0x00019cce:  4ac0c0ef          jal                     ra,50348                # 0x2617a

----------------
IN: getrlimit
0x0002617a:  1141              addi                    sp,sp,-16
0x0002617c:  87aa              mv                      a5,a0
0x0002617e:  e422              sd                      s0,8(sp)
0x00026180:  86ae              mv                      a3,a1
0x00026182:  0800              addi                    s0,sp,16
0x00026184:  02079593          slli                    a1,a5,32
0x00026188:  10500893          addi                    a7,zero,261
0x0002618c:  4501              mv                      a0,zero
0x0002618e:  9181              srli                    a1,a1,32
0x00026190:  4601              mv                      a2,zero
0x00026192:  00000073          ecall                   

----------------
IN: getrlimit
0x00026196:  77fd              lui                     a5,-1
0x00026198:  00a7e663          bgtu                    a0,a5,12                # 0x261a4

----------------
IN: getrlimit
0x0002619c:  6422              ld                      s0,8(sp)
0x0002619e:  2501              sext.w                  a0,a0
0x000261a0:  0141              addi                    sp,sp,16
0x000261a2:  8082              ret                     

----------------
IN: __libc_early_init
0x00019cd2:  002005b7          lui                     a1,512
0x00019cd6:  e911              bnez                    a0,20                   # 0x19cea

----------------
IN: __libc_early_init
0x00019cd8:  fc843783          ld                      a5,-56(s0)
0x00019cdc:  577d              addi                    a4,zero,-1
0x00019cde:  00e78663          beq                     a5,a4,12                # 0x19cea

----------------
IN: __libc_early_init
0x00019ce2:  85be              mv                      a1,a5
0x00019ce4:  6791              lui                     a5,4
0x00019ce6:  06f5ea63          bgtu                    a5,a1,116               # 0x19d5a

----------------
IN: __libc_early_init
0x00019cea:  00069797          auipc                   a5,105                  # 0x82cea
0x00019cee:  02e7b783          ld                      a5,46(a5)
0x00019cf2:  6398              ld                      a4,0(a5)
0x00019cf4:  00069797          auipc                   a5,105                  # 0x82cf4
0x00019cf8:  07c7b783          ld                      a5,124(a5)
0x00019cfc:  639c              ld                      a5,0(a5)
0x00019cfe:  00069697          auipc                   a3,105                  # 0x82cfe
0x00019d02:  2c26b683          ld                      a3,706(a3)
0x00019d06:  6294              ld                      a3,0(a3)
0x00019d08:  97ba              add                     a5,a5,a4
0x00019d0a:  17fd              addi                    a5,a5,-1
0x00019d0c:  02e7f633          remu                    a2,a5,a4
0x00019d10:  6705              lui                     a4,1
0x00019d12:  80070713          addi                    a4,a4,-2048
0x00019d16:  9736              add                     a4,a4,a3
0x00019d18:  8f91              sub                     a5,a5,a2
0x00019d1a:  97ba              add                     a5,a5,a4
0x00019d1c:  00b7f363          bleu                    a1,a5,6                 # 0x19d22

----------------
IN: __libc_early_init
0x00019d20:  87ae              mv                      a5,a1
0x00019d22:  fff68713          addi                    a4,a3,-1
0x00019d26:  97ba              add                     a5,a5,a4
0x00019d28:  40d00733          neg                     a4,a3
0x00019d2c:  8ff9              and                     a5,a5,a4
0x00019d2e:  00070717          auipc                   a4,112                  # 0x89d2e
0x00019d32:  b3270713          addi                    a4,a4,-1230
0x00019d36:  fcf43423          sd                      a5,-56(s0)
0x00019d3a:  f31c              sd                      a5,32(a4)
0x00019d3c:  eb14              sd                      a3,16(a4)
0x00019d3e:  09c090ef          jal                     ra,37020                # 0x22dda

----------------
IN: __pthread_tunables_init
0x00022dda:  7179              addi                    sp,sp,-48
0x00022ddc:  f406              sd                      ra,40(sp)
0x00022dde:  f022              sd                      s0,32(sp)
0x00022de0:  ec26              sd                      s1,24(sp)
0x00022de2:  1800              addi                    s0,sp,48
0x00022de4:  e84a              sd                      s2,16(sp)
0x00022de6:  fd040493          addi                    s1,s0,-48
0x00022dea:  00060917          auipc                   s2,96                   # 0x82dea
0x00022dee:  e2693903          ld                      s2,-474(s2)
0x00022df2:  00093783          ld                      a5,0(s2)
0x00022df6:  fcf43c23          sd                      a5,-40(s0)
0x00022dfa:  4781              mv                      a5,zero
0x00022dfc:  00000617          auipc                   a2,0                    # 0x22dfc
0x00022e00:  f9a60613          addi                    a2,a2,-102
0x00022e04:  85a6              mv                      a1,s1
0x00022e06:  4565              addi                    a0,zero,25
0x00022e08:  d76f60ef          jal                     ra,-39562               # 0x1937e

----------------
IN: __pthread_tunables_init
0x00022e0c:  00000617          auipc                   a2,0                    # 0x22e0c
0x00022e10:  fa060613          addi                    a2,a2,-96
0x00022e14:  85a6              mv                      a1,s1
0x00022e16:  4535              addi                    a0,zero,13
0x00022e18:  d66f60ef          jal                     ra,-39578               # 0x1937e

----------------
IN: __pthread_tunables_init
0x00022e1c:  00000617          auipc                   a2,0                    # 0x22e1c
0x00022e20:  fa660613          addi                    a2,a2,-90
0x00022e24:  85a6              mv                      a1,s1
0x00022e26:  454d              addi                    a0,zero,19
0x00022e28:  d56f60ef          jal                     ra,-39594               # 0x1937e

----------------
IN: __pthread_tunables_init
0x00022e2c:  fd843703          ld                      a4,-40(s0)
0x00022e30:  00093783          ld                      a5,0(s2)
0x00022e34:  8fb9              xor                     a5,a5,a4
0x00022e36:  4701              mv                      a4,zero
0x00022e38:  e799              bnez                    a5,14                   # 0x22e46

----------------
IN: __pthread_tunables_init
0x00022e3a:  70a2              ld                      ra,40(sp)
0x00022e3c:  7402              ld                      s0,32(sp)
0x00022e3e:  64e2              ld                      s1,24(sp)
0x00022e40:  6942              ld                      s2,16(sp)
0x00022e42:  6145              addi                    sp,sp,48
0x00022e44:  8082              ret                     

----------------
IN: __libc_early_init
0x00019d42:  fd843703          ld                      a4,-40(s0)
0x00019d46:  609c              ld                      a5,0(s1)
0x00019d48:  8fb9              xor                     a5,a5,a4
0x00019d4a:  4701              mv                      a4,zero
0x00019d4c:  eb89              bnez                    a5,18                   # 0x19d5e

----------------
IN: __libc_early_init
0x00019d4e:  70e2              ld                      ra,56(sp)
0x00019d50:  7442              ld                      s0,48(sp)
0x00019d52:  74a2              ld                      s1,40(sp)
0x00019d54:  7902              ld                      s2,32(sp)
0x00019d56:  6121              addi                    sp,sp,64
0x00019d58:  8082              ret                     

----------------
IN: __libc_start_main
0x00010a36:  000b3603          ld                      a2,0(s6)
0x00010a3a:  85ce              mv                      a1,s3
0x00010a3c:  854a              mv                      a0,s2
0x00010a3e:  324090ef          jal                     ra,37668                # 0x19d62

----------------
IN: __libc_init_first
0x00019d62:  7179              addi                    sp,sp,-48
0x00019d64:  f022              sd                      s0,32(sp)
0x00019d66:  ec26              sd                      s1,24(sp)
0x00019d68:  e84a              sd                      s2,16(sp)
0x00019d6a:  e44e              sd                      s3,8(sp)
0x00019d6c:  f406              sd                      ra,40(sp)
0x00019d6e:  1800              addi                    s0,sp,48
0x00019d70:  00070797          auipc                   a5,112                  # 0x89d70
0x00019d74:  a4878793          addi                    a5,a5,-1464
0x00019d78:  c388              sw                      a0,0(a5)
0x00019d7a:  e78c              sd                      a1,8(a5)
0x00019d7c:  00069797          auipc                   a5,105                  # 0x82d7c
0x00019d80:  fa47b783          ld                      a5,-92(a5)
0x00019d84:  84aa              mv                      s1,a0
0x00019d86:  892e              mv                      s2,a1
0x00019d88:  89b2              mv                      s3,a2
0x00019d8a:  e390              sd                      a2,0(a5)
0x00019d8c:  81bff0ef          jal                     ra,-2022                # 0x195a6

----------------
IN: _dl_non_dynamic_init
0x000195a6:  7159              addi                    sp,sp,-112
0x000195a8:  f0a2              sd                      s0,96(sp)
0x000195aa:  e8ca              sd                      s2,80(sp)
0x000195ac:  e4ce              sd                      s3,72(sp)
0x000195ae:  f85a              sd                      s6,48(sp)
0x000195b0:  f486              sd                      ra,104(sp)
0x000195b2:  eca6              sd                      s1,88(sp)
0x000195b4:  f45e              sd                      s7,40(sp)
0x000195b6:  1880              addi                    s0,sp,112
0x000195b8:  090120ef          jal                     ra,73872                # 0x2b648

----------------
IN: _dl_get_origin
0x0002b648:  7179              addi                    sp,sp,-48
0x0002b64a:  e84a              sd                      s2,16(sp)
0x0002b64c:  797d              lui                     s2,-1
0x0002b64e:  f022              sd                      s0,32(sp)
0x0002b650:  fd090793          addi                    a5,s2,-48
0x0002b654:  1800              addi                    s0,sp,48
0x0002b656:  f406              sd                      ra,40(sp)
0x0002b658:  ec26              sd                      s1,24(sp)
0x0002b65a:  e44e              sd                      s3,8(sp)
0x0002b65c:  72fd              lui                     t0,-1
0x0002b65e:  00878933          add                     s2,a5,s0
0x0002b662:  04e00893          addi                    a7,zero,78
0x0002b666:  9116              add                     sp,sp,t0
0x0002b668:  f9c00513          addi                    a0,zero,-100
0x0002b66c:  0002b597          auipc                   a1,43                   # 0x5666c
0x0002b670:  f6458593          addi                    a1,a1,-156
0x0002b674:  864a              mv                      a2,s2
0x0002b676:  6685              lui                     a3,1
0x0002b678:  00000073          ecall                   

----------------
IN: _dl_get_origin
0x0002b67c:  2501              sext.w                  a0,a0
0x0002b67e:  04a05563          blez                    a0,74                   # 0x2b6c8

----------------
IN: _dl_get_origin
0x0002b682:  00094783          lbu                     a5,0(s2)
0x0002b686:  05b00713          addi                    a4,zero,91
0x0002b68a:  02e78f63          beq                     a5,a4,62                # 0x2b6c8

----------------
IN: _dl_get_origin
0x0002b68e:  02f00613          addi                    a2,zero,47
0x0002b692:  4705              addi                    a4,zero,1
0x0002b694:  02f00693          addi                    a3,zero,47
0x0002b698:  00c78a63          beq                     a5,a2,20                # 0x2b6ac

----------------
IN: _dl_get_origin
0x0002b6ac:  0005049b          sext.w                  s1,a0
0x0002b6b0:  fee497e3          bne                     s1,a4,-18               # 0x2b69e

----------------
IN: _dl_get_origin
0x0002b69e:  157d              addi                    a0,a0,-1
0x0002b6a0:  00a907b3          add                     a5,s2,a0
0x0002b6a4:  0007c783          lbu                     a5,0(a5)
0x0002b6a8:  08d78363          beq                     a5,a3,134               # 0x2b72e

----------------
IN: _dl_get_origin
0x0002b72e:  0014851b          addiw                   a0,s1,1
0x0002b732:  d89e90ef          jal                     ra,-90744               # 0x154ba

----------------
IN: __malloc
0x000154ba:  7179              addi                    sp,sp,-48
0x000154bc:  f022              sd                      s0,32(sp)
0x000154be:  e44e              sd                      s3,8(sp)
0x000154c0:  f406              sd                      ra,40(sp)
0x000154c2:  ec26              sd                      s1,24(sp)
0x000154c4:  1800              addi                    s0,sp,48
0x000154c6:  00074797          auipc                   a5,116                  # 0x894c6
0x000154ca:  14f7c783          lbu                     a5,335(a5)
0x000154ce:  89aa              mv                      s3,a0
0x000154d0:  c3e1              beqz                    a5,192                  # 0x15590

----------------
IN: __malloc
0x00015590:  97efd0ef          jal                     ra,-11906               # 0x1270e

----------------
IN: ptmalloc_init.part.0
0x0001270e:  715d              addi                    sp,sp,-80
0x00012710:  e0a2              sd                      s0,64(sp)
0x00012712:  f44e              sd                      s3,40(sp)
0x00012714:  f052              sd                      s4,32(sp)
0x00012716:  e486              sd                      ra,72(sp)
0x00012718:  fc26              sd                      s1,56(sp)
0x0001271a:  0880              addi                    s0,sp,80
0x0001271c:  00070a17          auipc                   s4,112                  # 0x8271c
0x00012720:  4f4a3a03          ld                      s4,1268(s4)
0x00012724:  000a3783          ld                      a5,0(s4)
0x00012728:  fcf43423          sd                      a5,-56(s0)
0x0001272c:  4781              mv                      a5,zero
0x0001272e:  00077997          auipc                   s3,119                  # 0x8972e
0x00012732:  ee298993          addi                    s3,s3,-286
0x00012736:  4785              addi                    a5,zero,1
0x00012738:  00f982a3          sb                      a5,5(s3)
0x0001273c:  11600893          addi                    a7,zero,278
0x00012740:  00077517          auipc                   a0,119                  # 0x89740
0x00012744:  ed850513          addi                    a0,a0,-296
0x00012748:  45a1              addi                    a1,zero,8
0x0001274a:  4605              addi                    a2,zero,1
0x0001274c:  00000073          ecall                   

----------------
IN: ptmalloc_init.part.0
0x00012750:  47a1              addi                    a5,zero,8
0x00012752:  fb840493          addi                    s1,s0,-72
0x00012756:  06f50063          beq                     a0,a5,96                # 0x127b6

----------------
IN: ptmalloc_init.part.0
0x000127b6:  00070797          auipc                   a5,112                  # 0x827b6
0x000127ba:  4027b783          ld                      a5,1026(a5)
0x000127be:  00071697          auipc                   a3,113                  # 0x837be
0x000127c2:  99a68693          addi                    a3,a3,-1638
0x000127c6:  00071817          auipc                   a6,113                  # 0x837c6
0x000127ca:  9f280813          addi                    a6,a6,-1550
0x000127ce:  9792              add                     a5,a5,tp
0x000127d0:  e394              sd                      a3,0(a5)
0x000127d2:  00071717          auipc                   a4,113                  # 0x837d2
0x000127d6:  1d670713          addi                    a4,a4,470
0x000127da:  87c2              mv                      a5,a6
0x000127dc:  ef9c              sd                      a5,24(a5)
0x000127de:  eb9c              sd                      a5,16(a5)
0x000127e0:  07c1              addi                    a5,a5,16
0x000127e2:  fee79de3          bne                     a5,a4,-6                # 0x127dc

----------------
IN: ptmalloc_init.part.0
0x000127dc:  ef9c              sd                      a5,24(a5)
0x000127de:  eb9c              sd                      a5,16(a5)
0x000127e0:  07c1              addi                    a5,a5,16
0x000127e2:  fee79de3          bne                     a5,a4,-6                # 0x127dc

----------------
IN: ptmalloc_init.part.0
0x000127e6:  f8000793          addi                    a5,zero,-128
0x000127ea:  00f98223          sb                      a5,4(s3)
0x000127ee:  00071797          auipc                   a5,113                  # 0x837ee
0x000127f2:  97278793          addi                    a5,a5,-1678
0x000127f6:  0007a023          sw                      zero,0(a5)
0x000127fa:  fffff617          auipc                   a2,-1                   # 0x117fa
0x000127fe:  3de60613          addi                    a2,a2,990
0x00012802:  85a6              mv                      a1,s1
0x00012804:  4531              addi                    a0,zero,12
0x00012806:  0706b023          sd                      a6,96(a3)
0x0001280a:  375060ef          jal                     ra,27508                # 0x1937e

----------------
IN: ptmalloc_init.part.0
0x0001280e:  85a6              mv                      a1,s1
0x00012810:  fffff617          auipc                   a2,-1                   # 0x11810
0x00012814:  3e460613          addi                    a2,a2,996
0x00012818:  450d              addi                    a0,zero,3
0x0001281a:  365060ef          jal                     ra,27492                # 0x1937e

----------------
IN: ptmalloc_init.part.0
0x0001281e:  85a6              mv                      a1,s1
0x00012820:  fffff617          auipc                   a2,-1                   # 0x11820
0x00012824:  38060613          addi                    a2,a2,896
0x00012828:  4559              addi                    a0,zero,22
0x0001282a:  355060ef          jal                     ra,27476                # 0x1937e

----------------
IN: ptmalloc_init.part.0
0x0001282e:  85a6              mv                      a1,s1
0x00012830:  fffff617          auipc                   a2,-1                   # 0x11830
0x00012834:  3da60613          addi                    a2,a2,986
0x00012838:  4509              addi                    a0,zero,2
0x0001283a:  345060ef          jal                     ra,27460                # 0x1937e

----------------
IN: ptmalloc_init.part.0
0x0001283e:  85a6              mv                      a1,s1
0x00012840:  fffff617          auipc                   a2,-1                   # 0x11840
0x00012844:  37c60613          addi                    a2,a2,892
0x00012848:  4541              addi                    a0,zero,16
0x0001284a:  335060ef          jal                     ra,27444                # 0x1937e

----------------
IN: ptmalloc_init.part.0
0x0001284e:  85a6              mv                      a1,s1
0x00012850:  fffff617          auipc                   a2,-1                   # 0x11850
0x00012854:  3d660613          addi                    a2,a2,982
0x00012858:  4555              addi                    a0,zero,21
0x0001285a:  325060ef          jal                     ra,27428                # 0x1937e

----------------
IN: ptmalloc_init.part.0
0x0001285e:  85a6              mv                      a1,s1
0x00012860:  fffff617          auipc                   a2,-1                   # 0x11860
0x00012864:  3dc60613          addi                    a2,a2,988
0x00012868:  4561              addi                    a0,zero,24
0x0001286a:  315060ef          jal                     ra,27412                # 0x1937e

----------------
IN: ptmalloc_init.part.0
0x0001286e:  85a6              mv                      a1,s1
0x00012870:  fffff617          auipc                   a2,-1                   # 0x11870
0x00012874:  3e260613          addi                    a2,a2,994
0x00012878:  4575              addi                    a0,zero,29
0x0001287a:  305060ef          jal                     ra,27396                # 0x1937e

----------------
IN: ptmalloc_init.part.0
0x0001287e:  85a6              mv                      a1,s1
0x00012880:  fffff617          auipc                   a2,-1                   # 0x11880
0x00012884:  40e60613          addi                    a2,a2,1038
0x00012888:  455d              addi                    a0,zero,23
0x0001288a:  2f5060ef          jal                     ra,27380                # 0x1937e

----------------
IN: ptmalloc_init.part.0
0x0001288e:  85a6              mv                      a1,s1
0x00012890:  fffff617          auipc                   a2,-1                   # 0x11890
0x00012894:  41a60613          addi                    a2,a2,1050
0x00012898:  4549              addi                    a0,zero,18
0x0001289a:  2e5060ef          jal                     ra,27364                # 0x1937e

----------------
IN: ptmalloc_init.part.0
0x0001289e:  85a6              mv                      a1,s1
0x000128a0:  fffff617          auipc                   a2,-1                   # 0x118a0
0x000128a4:  42060613          addi                    a2,a2,1056
0x000128a8:  4525              addi                    a0,zero,9
0x000128aa:  2d5060ef          jal                     ra,27348                # 0x1937e

----------------
IN: ptmalloc_init.part.0
0x000128ae:  85a6              mv                      a1,s1
0x000128b0:  fffff617          auipc                   a2,-1                   # 0x118b0
0x000128b4:  5f660613          addi                    a2,a2,1526
0x000128b8:  4521              addi                    a0,zero,8
0x000128ba:  2c5060ef          jal                     ra,27332                # 0x1937e

----------------
IN: ptmalloc_init.part.0
0x000128be:  00071497          auipc                   s1,113                  # 0x838be
0x000128c2:  80248493          addi                    s1,s1,-2046
0x000128c6:  789c              ld                      a5,48(s1)
0x000128c8:  ef99              bnez                    a5,30                   # 0x128e6

----------------
IN: ptmalloc_init.part.0
0x000128ca:  fc843703          ld                      a4,-56(s0)
0x000128ce:  000a3783          ld                      a5,0(s4)
0x000128d2:  8fb9              xor                     a5,a5,a4
0x000128d4:  4701              mv                      a4,zero
0x000128d6:  e785              bnez                    a5,40                   # 0x128fe

----------------
IN: ptmalloc_init.part.0
0x000128d8:  60a6              ld                      ra,72(sp)
0x000128da:  6406              ld                      s0,64(sp)
0x000128dc:  74e2              ld                      s1,56(sp)
0x000128de:  79a2              ld                      s3,40(sp)
0x000128e0:  7a02              ld                      s4,32(sp)
0x000128e2:  6161              addi                    sp,sp,80
0x000128e4:  8082              ret                     

----------------
IN: __malloc
0x00015594:  f409d1e3          bgez                    s3,-190                 # 0x154d6

----------------
IN: __malloc
0x000154d6:  e84a              sd                      s2,16(sp)
0x000154d8:  01798793          addi                    a5,s3,23
0x000154dc:  477d              addi                    a4,zero,31
0x000154de:  4901              mv                      s2,zero
0x000154e0:  00f77663          bleu                    a5,a4,12                # 0x154ec

----------------
IN: __malloc
0x000154e4:  9bc1              andi                    a5,a5,-16
0x000154e6:  17bd              addi                    a5,a5,-17
0x000154e8:  0047d913          srli                    s2,a5,4
0x000154ec:  02020493          addi                    s1,tp,32
0x000154f0:  649c              ld                      a5,8(s1)
0x000154f2:  c3f1              beqz                    a5,196                  # 0x155b6

----------------
IN: __malloc
0x000155b6:  0104c783          lbu                     a5,16(s1)
0x000155ba:  f3b9              bnez                    a5,-186                 # 0x15500

----------------
IN: __malloc
0x000155bc:  8cbff0ef          jal                     ra,-1846                # 0x14e86

----------------
IN: tcache_init.part.0
0x00014e86:  0006e797          auipc                   a5,110                  # 0x82e86
0x00014e8a:  d327b783          ld                      a5,-718(a5)
0x00014e8e:  1101              addi                    sp,sp,-32
0x00014e90:  e822              sd                      s0,16(sp)
0x00014e92:  e426              sd                      s1,8(sp)
0x00014e94:  ec06              sd                      ra,24(sp)
0x00014e96:  e04a              sd                      s2,0(sp)
0x00014e98:  1000              addi                    s0,sp,32
0x00014e9a:  9792              add                     a5,a5,tp
0x00014e9c:  6384              ld                      s1,0(a5)
0x00014e9e:  c8b1              beqz                    s1,84                   # 0x14ef2

----------------
IN: tcache_init.part.0
0x00014ea0:  4705              addi                    a4,zero,1
0x00014ea2:  1404a7af          lr.w.aq                 a5,(s1)
0x00014ea6:  e781              bnez                    a5,8                    # 0x14eae

----------------
IN: tcache_init.part.0
0x00014ea8:  18e4a6af          sc.w                    a3,a4,(s1)
0x00014eac:  fafd              bnez                    a3,-10                  # 0x14ea2

----------------
IN: tcache_init.part.0
0x00014eae:  2781              sext.w                  a5,a5
0x00014eb0:  efd9              bnez                    a5,158                  # 0x14f4e

----------------
IN: tcache_init.part.0
0x00014eb2:  28000593          addi                    a1,zero,640
0x00014eb6:  8526              mv                      a0,s1
0x00014eb8:  b20ff0ef          jal                     ra,-3296                # 0x141d8

----------------
IN: _int_malloc
0x000141d8:  7159              addi                    sp,sp,-112
0x000141da:  f0a2              sd                      s0,96(sp)
0x000141dc:  f486              sd                      ra,104(sp)
0x000141de:  e46e              sd                      s11,8(sp)
0x000141e0:  1880              addi                    s0,sp,112
0x000141e2:  4405c763          bltz                    a1,1102                 # 0x14630

----------------
IN: _int_malloc
0x000141e6:  eca6              sd                      s1,88(sp)
0x000141e8:  e8ca              sd                      s2,80(sp)
0x000141ea:  e4ce              sd                      s3,72(sp)
0x000141ec:  e0d2              sd                      s4,64(sp)
0x000141ee:  fc56              sd                      s5,56(sp)
0x000141f0:  01758493          addi                    s1,a1,23
0x000141f4:  47fd              addi                    a5,zero,31
0x000141f6:  89ae              mv                      s3,a1
0x000141f8:  892a              mv                      s2,a0
0x000141fa:  2c97f063          bleu                    s1,a5,704               # 0x144ba

----------------
IN: _int_malloc
0x000141fe:  98c1              andi                    s1,s1,-16
0x00014200:  44050c63          beqz                    a0,1112                 # 0x14658

----------------
IN: _int_malloc
0x00014204:  00075a17          auipc                   s4,117                  # 0x89204
0x00014208:  40ca0a13          addi                    s4,s4,1036
0x0001420c:  004a4783          lbu                     a5,4(s4)
0x00014210:  1697eb63          bgtu                    s1,a5,374               # 0x14386

----------------
IN: _int_malloc
0x00014386:  3ff00793          addi                    a5,zero,1023
0x0001438a:  6497ff63          bleu                    s1,a5,1630              # 0x149e8

----------------
IN: _int_malloc
0x000149e8:  0044d79b          srliw                   a5,s1,4
0x000149ec:  0017979b          slliw                   a5,a5,1
0x000149f0:  27b1              addiw                   a5,a5,12
0x000149f2:  1782              slli                    a5,a5,32
0x000149f4:  9381              srli                    a5,a5,32
0x000149f6:  0044da9b          srliw                   s5,s1,4
0x000149fa:  078e              slli                    a5,a5,3
0x000149fc:  bcf1              j                       -1316                   # 0x144d8

----------------
IN: _int_malloc
0x000144d8:  97ca              add                     a5,a5,s2
0x000144da:  6788              ld                      a0,8(a5)
0x000144dc:  ff078613          addi                    a2,a5,-16
0x000144e0:  1aa60463          beq                     a2,a0,424               # 0x14688

----------------
IN: _int_malloc
0x00014688:  f85a              sd                      s6,48(sp)
0x0001468a:  f45e              sd                      s7,40(sp)
0x0001468c:  f062              sd                      s8,32(sp)
0x0001468e:  ec66              sd                      s9,24(sp)
0x00014690:  e86a              sd                      s10,16(sp)
0x00014692:  b335              j                       -724                    # 0x143be

----------------
IN: _int_malloc
0x000143be:  02020793          addi                    a5,tp,32
0x000143c2:  679c              ld                      a5,8(a5)
0x000143c4:  fef48c13          addi                    s8,s1,-17
0x000143c8:  004c5c13          srli                    s8,s8,4
0x000143cc:  4b81              mv                      s7,zero
0x000143ce:  cb99              beqz                    a5,22                   # 0x143e4

----------------
IN: _int_malloc
0x000143e4:  07893703          ld                      a4,120(s2)
0x000143e8:  06090c93          addi                    s9,s2,96
0x000143ec:  4d01              mv                      s10,zero
0x000143ee:  3b970463          beq                     a4,s9,936               # 0x14796

----------------
IN: _int_malloc
0x00014796:  3ff00793          addi                    a5,zero,1023
0x0001479a:  3297ee63          bgtu                    s1,a5,828               # 0x14ad6

----------------
IN: _int_malloc
0x0001479e:  001a979b          slliw                   a5,s5,1
0x000147a2:  4585              addi                    a1,zero,1
0x000147a4:  4d8d              addi                    s11,zero,3
0x000147a6:  001a871b          addiw                   a4,s5,1
0x000147aa:  0057569b          srliw                   a3,a4,5
0x000147ae:  21868693          addi                    a3,a3,536
0x000147b2:  27b9              addiw                   a5,a5,14
0x000147b4:  068a              slli                    a3,a3,2
0x000147b6:  1782              slli                    a5,a5,32
0x000147b8:  9381              srli                    a5,a5,32
0x000147ba:  96ca              add                     a3,a3,s2
0x000147bc:  078e              slli                    a5,a5,3
0x000147be:  4288              lw                      a0,0(a3)
0x000147c0:  17c1              addi                    a5,a5,-16
0x000147c2:  0057581b          srliw                   a6,a4,5
0x000147c6:  97ca              add                     a5,a5,s2
0x000147c8:  00e5973b          sllw                    a4,a1,a4
0x000147cc:  10e56563          bgtu                    a4,a0,266               # 0x148d6

----------------
IN: _int_malloc
0x000148d6:  0018071b          addiw                   a4,a6,1
0x000148da:  02071793          slli                    a5,a4,32
0x000148de:  9381              srli                    a5,a5,32
0x000148e0:  21878793          addi                    a5,a5,536
0x000148e4:  078a              slli                    a5,a5,2
0x000148e6:  97ca              add                     a5,a5,s2
0x000148e8:  a039              j                       14                      # 0x148f6

----------------
IN: _int_malloc
0x000148f6:  0007081b          sext.w                  a6,a4
0x000148fa:  ff0df8e3          bleu                    a6,s11,-16              # 0x148ea

----------------
IN: _int_malloc
0x000148ea:  4388              lw                      a0,0(a5)
0x000148ec:  0791              addi                    a5,a5,4
0x000148ee:  1a051263          bnez                    a0,420                  # 0x14a92

----------------
IN: _int_malloc
0x000148f2:  0018071b          addiw                   a4,a6,1
0x000148f6:  0007081b          sext.w                  a6,a4
0x000148fa:  ff0df8e3          bleu                    a6,s11,-16              # 0x148ea

----------------
IN: _int_malloc
0x000148fe:  06093503          ld                      a0,96(s2)
0x00014902:  6705              lui                     a4,1
0x00014904:  974a              add                     a4,a4,s2
0x00014906:  651c              ld                      a5,8(a0)
0x00014908:  88873703          ld                      a4,-1912(a4)
0x0001490c:  9be1              andi                    a5,a5,-8
0x0001490e:  36f76063          bgtu                    a5,a4,864               # 0x14c6e

----------------
IN: _int_malloc
0x00014912:  02048713          addi                    a4,s1,32
0x00014916:  3ee7f963          bleu                    a4,a5,1010              # 0x14d08

----------------
IN: _int_malloc
0x0001491a:  00890793          addi                    a5,s2,8
0x0001491e:  439c              lw                      a5,0(a5)
0x00014920:  2781              sext.w                  a5,a5
0x00014922:  48078363          beqz                    a5,1158                 # 0x14da8

----------------
IN: _int_malloc
0x00014da8:  85ca              mv                      a1,s2
0x00014daa:  8526              mv                      a0,s1
0x00014dac:  d8dfe0ef          jal                     ra,-4724                # 0x13b38

----------------
IN: sysmalloc
0x00013b38:  7135              addi                    sp,sp,-160
0x00013b3a:  e922              sd                      s0,144(sp)
0x00013b3c:  e526              sd                      s1,136(sp)
0x00013b3e:  fcce              sd                      s3,120(sp)
0x00013b40:  f0da              sd                      s6,96(sp)
0x00013b42:  ecde              sd                      s7,88(sp)
0x00013b44:  fc6e              sd                      s11,56(sp)
0x00013b46:  1100              addi                    s0,sp,160
0x00013b48:  ed06              sd                      ra,152(sp)
0x00013b4a:  0006fb97          auipc                   s7,111                  # 0x82b4a
0x00013b4e:  0c6bbb83          ld                      s7,198(s7)
0x00013b52:  0006f897          auipc                   a7,111                  # 0x82b52
0x00013b56:  46e8b883          ld                      a7,1134(a7)
0x00013b5a:  000bb783          ld                      a5,0(s7)
0x00013b5e:  f8f43423          sd                      a5,-120(s0)
0x00013b62:  4781              mv                      a5,zero
0x00013b64:  0008bb03          ld                      s6,0(a7)
0x00013b68:  84ae              mv                      s1,a1
0x00013b6a:  89aa              mv                      s3,a0
0x00013b6c:  0006fd97          auipc                   s11,111                 # 0x82b6c
0x00013b70:  554d8d93          addi                    s11,s11,1364
0x00013b74:  14058163          beqz                    a1,322                  # 0x13cb6

----------------
IN: sysmalloc
0x00013b78:  010db783          ld                      a5,16(s11)
0x00013b7c:  12f57763          bleu                    a5,a0,302               # 0x13caa

----------------
IN: sysmalloc
0x00013b80:  0604b803          ld                      a6,96(s1)
0x00013b84:  f8d2              sd                      s4,112(sp)
0x00013b86:  f4d6              sd                      s5,104(sp)
0x00013b88:  00883783          ld                      a5,8(a6)
0x00013b8c:  e14a              sd                      s2,128(sp)
0x00013b8e:  e8e2              sd                      s8,80(sp)
0x00013b90:  ff87fa13          andi                    s4,a5,-8
0x00013b94:  e4e6              sd                      s9,72(sp)
0x00013b96:  e0ea              sd                      s10,64(sp)
0x00013b98:  f6043c23          sd                      zero,-136(s0)
0x00013b9c:  06048713          addi                    a4,s1,96
0x00013ba0:  01480ab3          add                     s5,a6,s4
0x00013ba4:  16e80063          beq                     a6,a4,352               # 0x13d04

----------------
IN: sysmalloc
0x00013d04:  ea0a12e3          bnez                    s4,-348                 # 0x13ba8

----------------
IN: sysmalloc
0x00013d08:  02098d13          addi                    s10,s3,32
0x00013d0c:  bd75              j                       -324                    # 0x13bc8

----------------
IN: sysmalloc
0x00013bc8:  0006fc97          auipc                   s9,111                  # 0x82bc8
0x00013bcc:  590c8c93          addi                    s9,s9,1424
0x00013bd0:  1d948063          beq                     s1,s9,448               # 0x13d90

----------------
IN: sysmalloc
0x00013d90:  008db783          ld                      a5,8(s11)
0x00013d94:  40d8              lw                      a4,4(s1)
0x00013d96:  02078793          addi                    a5,a5,32
0x00013d9a:  8b09              andi                    a4,a4,2
0x00013d9c:  97ce              add                     a5,a5,s3
0x00013d9e:  e319              bnez                    a4,6                    # 0x13da4

----------------
IN: sysmalloc
0x00013da0:  414787b3          sub                     a5,a5,s4
0x00013da4:  028db703          ld                      a4,40(s11)
0x00013da8:  2e071a63          bnez                    a4,756                  # 0x1409c

----------------
IN: sysmalloc
0x00013dac:  0008b703          ld                      a4,0(a7)
0x00013db0:  fff70c13          addi                    s8,a4,-1
0x00013db4:  9c3e              add                     s8,s8,a5
0x00013db6:  40e00733          neg                     a4,a4
0x00013dba:  00ec7c33          and                     s8,s8,a4
0x00013dbe:  f9843023          sd                      s8,-128(s0)
0x00013dc2:  1b804163          bgtz                    s8,418                  # 0x13f64

----------------
IN: sysmalloc
0x00013f64:  00075797          auipc                   a5,117                  # 0x88f64
0x00013f68:  6bc7c783          lbu                     a5,1724(a5)
0x00013f6c:  e4079de3          bnez                    a5,-422                 # 0x13dc6

----------------
IN: sysmalloc
0x00013f70:  8562              mv                      a0,s8
0x00013f72:  f7043c23          sd                      a6,-136(s0)
0x00013f76:  5d3030ef          jal                     ra,15826                # 0x17d48

----------------
IN: sbrk
0x00017d48:  7179              addi                    sp,sp,-48
0x00017d4a:  f022              sd                      s0,32(sp)
0x00017d4c:  ec26              sd                      s1,24(sp)
0x00017d4e:  e84a              sd                      s2,16(sp)
0x00017d50:  e44e              sd                      s3,8(sp)
0x00017d52:  f406              sd                      ra,40(sp)
0x00017d54:  1800              addi                    s0,sp,48
0x00017d56:  00072997          auipc                   s3,114                  # 0x89d56
0x00017d5a:  90a98993          addi                    s3,s3,-1782
0x00017d5e:  0009b903          ld                      s2,0(s3)
0x00017d62:  84aa              mv                      s1,a0
0x00017d64:  04090b63          beqz                    s2,86                   # 0x17dba

----------------
IN: sbrk
0x00017dba:  4501              mv                      a0,zero
0x00017dbc:  8f7ff0ef          jal                     ra,-1802                # 0x176b2

----------------
IN: brk
0x000176b2:  1141              addi                    sp,sp,-16
0x000176b4:  e422              sd                      s0,8(sp)
0x000176b6:  0800              addi                    s0,sp,16
0x000176b8:  87aa              mv                      a5,a0
0x000176ba:  0d600893          addi                    a7,zero,214
0x000176be:  00000073          ecall                   

----------------
IN: brk
0x000176c2:  00072717          auipc                   a4,114                  # 0x896c2
0x000176c6:  f8a73f23          sd                      a0,-98(a4)
0x000176ca:  00f56663          bgtu                    a5,a0,12                # 0x176d6

----------------
IN: brk
0x000176ce:  4501              mv                      a0,zero
0x000176d0:  6422              ld                      s0,8(sp)
0x000176d2:  0141              addi                    sp,sp,16
0x000176d4:  8082              ret                     

----------------
IN: sbrk
0x00017dc0:  fc0542e3          bltz                    a0,-60                  # 0x17d84

----------------
IN: sbrk
0x00017dc4:  0009b903          ld                      s2,0(s3)
0x00017dc8:  b745              j                       -96                     # 0x17d68

----------------
IN: sbrk
0x00017d68:  cc99              beqz                    s1,30                   # 0x17d86

----------------
IN: sbrk
0x00017d6a:  02905663          blez                    s1,44                   # 0x17d96

----------------
IN: sbrk
0x00017d6e:  00990533          add                     a0,s2,s1
0x00017d72:  03257863          bleu                    s2,a0,48                # 0x17da2

----------------
IN: sbrk
0x00017da2:  911ff0ef          jal                     ra,-1776                # 0x176b2

----------------
IN: sbrk
0x00017da6:  fc054fe3          bltz                    a0,-34                  # 0x17d84

----------------
IN: sbrk
0x00017daa:  70a2              ld                      ra,40(sp)
0x00017dac:  7402              ld                      s0,32(sp)
0x00017dae:  64e2              ld                      s1,24(sp)
0x00017db0:  69a2              ld                      s3,8(sp)
0x00017db2:  854a              mv                      a0,s2
0x00017db4:  6942              ld                      s2,16(sp)
0x00017db6:  6145              addi                    sp,sp,48
0x00017db8:  8082              ret                     

----------------
IN: sysmalloc
0x00013f7a:  57fd              addi                    a5,zero,-1
0x00013f7c:  f7843803          ld                      a6,-136(s0)
0x00013f80:  892a              mv                      s2,a0
0x00013f82:  0006f897          auipc                   a7,111                  # 0x82f82
0x00013f86:  03e8b883          ld                      a7,62(a7)
0x00013f8a:  e2f50ee3          beq                     a0,a5,-452              # 0x13dc6

----------------
IN: sysmalloc
0x00013f8e:  e2050ce3          beqz                    a0,-456                 # 0x13dc6

----------------
IN: sysmalloc
0x00013f92:  028db783          ld                      a5,40(s11)
0x00013f96:  c395              beqz                    a5,36                   # 0x13fba

----------------
IN: sysmalloc
0x00013fba:  4701              mv                      a4,zero
0x00013fbc:  b591              j                       -444                    # 0x13e00

----------------
IN: sysmalloc
0x00013e00:  060db783          ld                      a5,96(s11)
0x00013e04:  26078463          beqz                    a5,616                  # 0x1406c

----------------
IN: sysmalloc
0x0001406c:  072db023          sd                      s2,96(s11)
0x00014070:  bb61              j                       -616                    # 0x13e08

----------------
IN: sysmalloc
0x00013e08:  00070697          auipc                   a3,112                  # 0x83e08
0x00013e0c:  35068693          addi                    a3,a3,848
0x00013e10:  8886b783          ld                      a5,-1912(a3)
0x00013e14:  97e2              add                     a5,a5,s8
0x00013e16:  88f6b423          sd                      a5,-1912(a3)
0x00013e1a:  232a8f63          beq                     s5,s2,574               # 0x14058

----------------
IN: sysmalloc
0x00013e1e:  004ca603          lw                      a2,4(s9)
0x00013e22:  8a09              andi                    a2,a2,2
0x00013e24:  1c061063          bnez                    a2,448                  # 0x13fe4

----------------
IN: sysmalloc
0x00013e28:  000a0963          beqz                    s4,18                   # 0x13e3a

----------------
IN: sysmalloc
0x00013e3a:  00f97713          andi                    a4,s2,15
0x00013e3e:  20071763          bnez                    a4,526                  # 0x1404c

----------------
IN: sysmalloc
0x0001404c:  47c1              addi                    a5,zero,16
0x0001404e:  8f99              sub                     a5,a5,a4
0x00014050:  00f90ab3          add                     s5,s2,a5
0x00014054:  97d2              add                     a5,a5,s4
0x00014056:  bbc5              j                       -528                    # 0x13e46

----------------
IN: sysmalloc
0x00013e46:  9c3e              add                     s8,s8,a5
0x00013e48:  9c4a              add                     s8,s8,s2
0x00013e4a:  fffb0713          addi                    a4,s6,-1
0x00013e4e:  9762              add                     a4,a4,s8
0x00013e50:  41600b33          neg                     s6,s6
0x00013e54:  01677b33          and                     s6,a4,s6
0x00013e58:  418787b3          sub                     a5,a5,s8
0x00013e5c:  9b3e              add                     s6,s6,a5
0x00013e5e:  320b4563          bltz                    s6,810                  # 0x14188

----------------
IN: sysmalloc
0x00013e62:  00075917          auipc                   s2,117                  # 0x88e62
0x00013e66:  7ae90913          addi                    s2,s2,1966
0x00013e6a:  01094783          lbu                     a5,16(s2)
0x00013e6e:  1c079a63          bnez                    a5,468                  # 0x14042

----------------
IN: sysmalloc
0x00013e72:  855a              mv                      a0,s6
0x00013e74:  f7043c23          sd                      a6,-136(s0)
0x00013e78:  6d1030ef          jal                     ra,16080                # 0x17d48

----------------
IN: sysmalloc
0x00013e7c:  57fd              addi                    a5,zero,-1
0x00013e7e:  f7843803          ld                      a6,-136(s0)
0x00013e82:  872a              mv                      a4,a0
0x00013e84:  00070697          auipc                   a3,112                  # 0x83e84
0x00013e88:  2d468693          addi                    a3,a3,724
0x00013e8c:  22f50863          beq                     a0,a5,560               # 0x140bc

----------------
IN: sysmalloc
0x00013e90:  0006f897          auipc                   a7,111                  # 0x82e90
0x00013e94:  1308b883          ld                      a7,304(a7)
0x00013e98:  22050263          beqz                    a0,548                  # 0x140bc

----------------
IN: sysmalloc
0x00013e9c:  028db783          ld                      a5,40(s11)
0x00013ea0:  1e078963          beqz                    a5,498                  # 0x14092

----------------
IN: sysmalloc
0x00014092:  8886b783          ld                      a5,-1912(a3)
0x00014096:  8956              mv                      s2,s5
0x00014098:  97da              add                     a5,a5,s6
0x0001409a:  bfa1              j                       -168                    # 0x13ff2

----------------
IN: sysmalloc
0x00013ff2:  41270733          sub                     a4,a4,s2
0x00013ff6:  975a              add                     a4,a4,s6
0x00013ff8:  072cb023          sd                      s2,96(s9)
0x00013ffc:  00176713          ori                     a4,a4,1

----------------
IN: sysmalloc
0x00014000:  00e93423          sd                      a4,8(s2)
0x00014004:  88f6b423          sd                      a5,-1912(a3)
0x00014008:  c20a08e3          beqz                    s4,-976                 # 0x13c38

----------------
IN: sysmalloc
0x00013c38:  6705              lui                     a4,1
0x00013c3a:  9726              add                     a4,a4,s1
0x00013c3c:  89073683          ld                      a3,-1904(a4)
0x00013c40:  00f6f463          bleu                    a5,a3,8                 # 0x13c48

----------------
IN: sysmalloc
0x00013c44:  88f73823          sd                      a5,-1904(a4)
0x00013c48:  00893703          ld                      a4,8(s2)
0x00013c4c:  9b61              andi                    a4,a4,-8
0x00013c4e:  13a76263          bgtu                    s10,a4,292              # 0x13d72

----------------
IN: sysmalloc
0x00013c52:  419487b3          sub                     a5,s1,s9
0x00013c56:  00f037b3          snez                    a5,a5
0x00013c5a:  078a              slli                    a5,a5,2
0x00013c5c:  013906b3          add                     a3,s2,s3
0x00013c60:  0137e7b3          or                      a5,a5,s3
0x00013c64:  f0b4              sd                      a3,96(s1)
0x00013c66:  0017e793          ori                     a5,a5,1
0x00013c6a:  41370733          sub                     a4,a4,s3
0x00013c6e:  00f93423          sd                      a5,8(s2)
0x00013c72:  00176713          ori                     a4,a4,1
0x00013c76:  e698              sd                      a4,8(a3)
0x00013c78:  01090513          addi                    a0,s2,16
0x00013c7c:  690a              ld                      s2,128(sp)
0x00013c7e:  7a46              ld                      s4,112(sp)
0x00013c80:  7aa6              ld                      s5,104(sp)
0x00013c82:  6c46              ld                      s8,80(sp)
0x00013c84:  6ca6              ld                      s9,72(sp)
0x00013c86:  6d06              ld                      s10,64(sp)
0x00013c88:  f8843703          ld                      a4,-120(s0)
0x00013c8c:  000bb783          ld                      a5,0(s7)
0x00013c90:  8fb9              xor                     a5,a5,a4
0x00013c92:  4701              mv                      a4,zero
0x00013c94:  4c079163          bnez                    a5,1218                 # 0x14156

----------------
IN: sysmalloc
0x00013c98:  60ea              ld                      ra,152(sp)
0x00013c9a:  644a              ld                      s0,144(sp)
0x00013c9c:  64aa              ld                      s1,136(sp)
0x00013c9e:  79e6              ld                      s3,120(sp)
0x00013ca0:  7b06              ld                      s6,96(sp)
0x00013ca2:  6be6              ld                      s7,88(sp)
0x00013ca4:  7de2              ld                      s11,56(sp)
0x00013ca6:  610d              addi                    sp,sp,160
0x00013ca8:  8082              ret                     

----------------
IN: _int_malloc
0x00014db0:  8daa              mv                      s11,a0
0x00014db2:  920505e3          beqz                    a0,-1750                # 0x146dc

----------------
IN: _int_malloc
0x00014db6:  85ce              mv                      a1,s3
0x00014db8:  838fd0ef          jal                     ra,-12232               # 0x11df0

----------------
IN: alloc_perturb
0x00011df0:  1141              addi                    sp,sp,-16
0x00011df2:  e422              sd                      s0,8(sp)
0x00011df4:  0800              addi                    s0,sp,16
0x00011df6:  00078797          auipc                   a5,120                  # 0x89df6
0x00011dfa:  81a7a783          lw                      a5,-2022(a5)
0x00011dfe:  e781              bnez                    a5,8                    # 0x11e06

----------------
IN: alloc_perturb
0x00011e00:  6422              ld                      s0,8(sp)
0x00011e02:  0141              addi                    sp,sp,16
0x00011e04:  8082              ret                     

----------------
IN: _int_malloc
0x00014dbc:  b205              j                       -1760                   # 0x146dc

----------------
IN: _int_malloc
0x000146dc:  64e6              ld                      s1,88(sp)
0x000146de:  6946              ld                      s2,80(sp)
0x000146e0:  69a6              ld                      s3,72(sp)
0x000146e2:  6a06              ld                      s4,64(sp)
0x000146e4:  7ae2              ld                      s5,56(sp)
0x000146e6:  7b42              ld                      s6,48(sp)
0x000146e8:  7ba2              ld                      s7,40(sp)
0x000146ea:  7c02              ld                      s8,32(sp)
0x000146ec:  6ce2              ld                      s9,24(sp)
0x000146ee:  6d42              ld                      s10,16(sp)
0x000146f0:  b701              j                       -256                    # 0x145f0

----------------
IN: _int_malloc
0x000145f0:  70a6              ld                      ra,104(sp)
0x000145f2:  7406              ld                      s0,96(sp)
0x000145f4:  856e              mv                      a0,s11
0x000145f6:  6da2              ld                      s11,8(sp)
0x000145f8:  6165              addi                    sp,sp,112
0x000145fa:  8082              ret                     

----------------
IN: tcache_init.part.0
0x00014ebc:  892a              mv                      s2,a0
0x00014ebe:  c929              beqz                    a0,82                   # 0x14f10

----------------
IN: tcache_init.part.0
0x00014ec0:  4781              mv                      a5,zero
0x00014ec2:  0af4a7af          amoswap.w.rl            a5,a5,(s1)
0x00014ec6:  4705              addi                    a4,zero,1
0x00014ec8:  2781              sext.w                  a5,a5
0x00014eca:  00f75563          ble                     a5,a4,10                # 0x14ed4

----------------
IN: tcache_init.part.0
0x00014ed4:  6442              ld                      s0,16(sp)
0x00014ed6:  02020793          addi                    a5,tp,32
0x00014eda:  60e2              ld                      ra,24(sp)
0x00014edc:  64a2              ld                      s1,8(sp)
0x00014ede:  0127b423          sd                      s2,8(a5)
0x00014ee2:  854a              mv                      a0,s2
0x00014ee4:  6902              ld                      s2,0(sp)
0x00014ee6:  28000613          addi                    a2,zero,640
0x00014eea:  4581              mv                      a1,zero
0x00014eec:  6105              addi                    sp,sp,32
0x00014eee:  5fd0106f          j                       7676                    # 0x16cea

----------------
IN: memset
0x00016d92:  87b6              mv                      a5,a3
0x00016d94:  8a1d              andi                    a2,a2,7
0x00016d96:  bfd1              j                       -44                     # 0x16d6a

----------------
IN: memset
0x00016d6a:  0ff5f593          andi                    a1,a1,255
0x00016d6e:  00c78733          add                     a4,a5,a2
0x00016d72:  c611              beqz                    a2,12                   # 0x16d7e

----------------
IN: __malloc
0x000155c0:  0006e797          auipc                   a5,110                  # 0x835c0
0x000155c4:  b687b783          ld                      a5,-1176(a5)
0x000155c8:  f2f97ce3          bleu                    a5,s2,-200              # 0x15500

----------------
IN: __malloc
0x000155cc:  649c              ld                      a5,8(s1)
0x000155ce:  db8d              beqz                    a5,-206                 # 0x15500

----------------
IN: __malloc
0x000155d0:  00191713          slli                    a4,s2,1
0x000155d4:  973e              add                     a4,a4,a5
0x000155d6:  00075683          lhu                     a3,0(a4)
0x000155da:  d29d              beqz                    a3,-218                 # 0x15500

----------------
IN: __malloc
0x00015500:  8a022783          lw                      a5,-1888(tp)
0x00015504:  10078563          beqz                    a5,266                  # 0x1560e

----------------
IN: __malloc
0x0001560e:  85ce              mv                      a1,s3
0x00015610:  0006e517          auipc                   a0,110                  # 0x83610
0x00015614:  b4850513          addi                    a0,a0,-1208
0x00015618:  bc1fe0ef          jal                     ra,-5184                # 0x141d8

----------------
IN: _int_malloc
0x00014214:  0044d59b          srliw                   a1,s1,4
0x00014218:  02059713          slli                    a4,a1,32
0x0001421c:  35f9              addiw                   a1,a1,-2
0x0001421e:  02059793          slli                    a5,a1,32
0x00014222:  01d7d593          srli                    a1,a5,29
0x00014226:  95ca              add                     a1,a1,s2
0x00014228:  699c              ld                      a5,16(a1)
0x0001422a:  9301              srli                    a4,a4,32
0x0001422c:  0044da9b          srliw                   s5,s1,4
0x00014230:  070e              slli                    a4,a4,3
0x00014232:  38078b63          beqz                    a5,918                  # 0x145c8

----------------
IN: _int_malloc
0x000145c8:  001a979b          slliw                   a5,s5,1
0x000145cc:  27b1              addiw                   a5,a5,12
0x000145ce:  1782              slli                    a5,a5,32
0x000145d0:  83f5              srli                    a5,a5,29
0x000145d2:  b719              j                       -250                    # 0x144d8

----------------
IN: _int_malloc
0x000143d0:  0006fb97          auipc                   s7,111                  # 0x833d0
0x000143d4:  d58bbb83          ld                      s7,-680(s7)
0x000143d8:  017c3bb3          sltu                    s7,s8,s7
0x000143dc:  41700bb3          neg                     s7,s7
0x000143e0:  0174fbb3          and                     s7,s1,s7
0x000143e4:  07893703          ld                      a4,120(s2)
0x000143e8:  06090c93          addi                    s9,s2,96
0x000143ec:  4d01              mv                      s10,zero
0x000143ee:  3b970463          beq                     a4,s9,936               # 0x14796

----------------
IN: _int_malloc
0x00014d08:  0006e717          auipc                   a4,110                  # 0x82d08
0x00014d0c:  45070713          addi                    a4,a4,1104
0x00014d10:  40e90733          sub                     a4,s2,a4
0x00014d14:  00e03733          snez                    a4,a4
0x00014d18:  070a              slli                    a4,a4,2
0x00014d1a:  009506b3          add                     a3,a0,s1
0x00014d1e:  8f45              or                      a4,a4,s1
0x00014d20:  06d93023          sd                      a3,96(s2)
0x00014d24:  00176713          ori                     a4,a4,1
0x00014d28:  8f85              sub                     a5,a5,s1
0x00014d2a:  e518              sd                      a4,8(a0)
0x00014d2c:  0017e793          ori                     a5,a5,1
0x00014d30:  01050d93          addi                    s11,a0,16
0x00014d34:  e69c              sd                      a5,8(a3)
0x00014d36:  85ce              mv                      a1,s3
0x00014d38:  856e              mv                      a0,s11
0x00014d3a:  8b6fd0ef          jal                     ra,-12106               # 0x11df0

----------------
IN: _int_malloc
0x00014d3e:  ba79              j                       -1634                   # 0x146dc

----------------
IN: __malloc
0x0001561c:  84aa              mv                      s1,a0
0x0001561e:  cd25              beqz                    a0,120                  # 0x15696

----------------
IN: __malloc
0x00015620:  ff853783          ld                      a5,-8(a0)
0x00015624:  0027f713          andi                    a4,a5,2
0x00015628:  ff21              bnez                    a4,-168                 # 0x15580

----------------
IN: __malloc
0x0001562a:  8b91              andi                    a5,a5,4
0x0001562c:  dbb1              beqz                    a5,-172                 # 0x15580

----------------
IN: __malloc
0x00015580:  70a2              ld                      ra,40(sp)
0x00015582:  7402              ld                      s0,32(sp)
0x00015584:  6942              ld                      s2,16(sp)
0x00015586:  69a2              ld                      s3,8(sp)
0x00015588:  8526              mv                      a0,s1
0x0001558a:  64e2              ld                      s1,24(sp)
0x0001558c:  6145              addi                    sp,sp,48
0x0001558e:  8082              ret                     

----------------
IN: _dl_get_origin
0x0002b736:  89aa              mv                      s3,a0
0x0002b738:  d165              beqz                    a0,-32                  # 0x2b718

----------------
IN: _dl_get_origin
0x0002b73a:  34fd              addiw                   s1,s1,-1
0x0002b73c:  8626              mv                      a2,s1
0x0002b73e:  85ca              mv                      a1,s2
0x0002b740:  d10eb0ef          jal                     ra,-84720               # 0x16c50

----------------
IN: _wordcopy_fwd_aligned
0x000170f8:  6198              ld                      a4,0(a1)
0x000170fa:  fe050793          addi                    a5,a0,-32
0x000170fe:  15a1              addi                    a1,a1,-24
0x00017100:  060d              addi                    a2,a2,3
0x00017102:  b7b5              j                       -148                    # 0x1706e

----------------
IN: _wordcopy_fwd_aligned
0x0001706e:  0205b803          ld                      a6,32(a1)
0x00017072:  02878693          addi                    a3,a5,40
0x00017076:  e118              sd                      a4,0(a0)
0x00017078:  7598              ld                      a4,40(a1)
0x0001707a:  03078513          addi                    a0,a5,48
0x0001707e:  0106b023          sd                      a6,0(a3)
0x00017082:  0305b803          ld                      a6,48(a1)
0x00017086:  03878693          addi                    a3,a5,56
0x0001708a:  e118              sd                      a4,0(a0)
0x0001708c:  7d98              ld                      a4,56(a1)
0x0001708e:  04078793          addi                    a5,a5,64
0x00017092:  0106b023          sd                      a6,0(a3)
0x00017096:  1661              addi                    a2,a2,-8
0x00017098:  853e              mv                      a0,a5
0x0001709a:  04058593          addi                    a1,a1,64
0x0001709e:  ea11              bnez                    a2,20                   # 0x170b2

----------------
IN: memcpy
0x00016cc0:  0007c603          lbu                     a2,0(a5)
0x00016cc4:  0785              addi                    a5,a5,1
0x00016cc6:  00f706b3          add                     a3,a4,a5
0x00016cca:  00c68023          sb                      a2,0(a3)
0x00016cce:  fef599e3          bne                     a1,a5,-14               # 0x16cc0

----------------
IN: _dl_get_origin
0x0002b744:  9526              add                     a0,a0,s1
0x0002b746:  00050023          sb                      zero,0(a0)
0x0002b74a:  bfc1              j                       -48                     # 0x2b71a

----------------
IN: _dl_get_origin
0x0002b71a:  6285              lui                     t0,1
0x0002b71c:  9116              add                     sp,sp,t0
0x0002b71e:  70a2              ld                      ra,40(sp)
0x0002b720:  854e              mv                      a0,s3
0x0002b722:  7402              ld                      s0,32(sp)
0x0002b724:  64e2              ld                      s1,24(sp)
0x0002b726:  6942              ld                      s2,16(sp)
0x0002b728:  69a2              ld                      s3,8(sp)
0x0002b72a:  6145              addi                    sp,sp,48
0x0002b72c:  8082              ret                     

----------------
IN: _dl_non_dynamic_init
0x000195bc:  00070b17          auipc                   s6,112                  # 0x895bc
0x000195c0:  0e4b0b13          addi                    s6,s6,228
0x000195c4:  040b3683          ld                      a3,64(s6)
0x000195c8:  048b3703          ld                      a4,72(s6)
0x000195cc:  038b3783          ld                      a5,56(s6)
0x000195d0:  0006a917          auipc                   s2,106                  # 0x835d0
0x000195d4:  4d090913          addi                    s2,s2,1232
0x000195d8:  36a93023          sd                      a0,864(s2)
0x000195dc:  2cd93023          sd                      a3,704(s2)
0x000195e0:  2ce91823          sh                      a4,720(s2)
0x000195e4:  4981              mv                      s3,zero
0x000195e6:  52078363          beqz                    a5,1318                 # 0x19b0c

----------------
IN: _dl_non_dynamic_init
0x000195ea:  0003c597          auipc                   a1,60                   # 0x555ea
0x000195ee:  cae58593          addi                    a1,a1,-850
0x000195f2:  4781              mv                      a5,zero
0x000195f4:  01000737          lui                     a4,4096
0x000195f8:  4681              mv                      a3,zero
0x000195fa:  4605              addi                    a2,zero,1
0x000195fc:  852e              mv                      a0,a1
0x000195fe:  645110ef          jal                     ra,73284                # 0x2b442

----------------
IN: _dl_new_object
0x0002b442:  711d              addi                    sp,sp,-96
0x0002b444:  ec86              sd                      ra,88(sp)
0x0002b446:  e8a2              sd                      s0,80(sp)
0x0002b448:  e4a6              sd                      s1,72(sp)
0x0002b44a:  e0ca              sd                      s2,64(sp)
0x0002b44c:  fc4e              sd                      s3,56(sp)
0x0002b44e:  f852              sd                      s4,48(sp)
0x0002b450:  f456              sd                      s5,40(sp)
0x0002b452:  f05a              sd                      s6,32(sp)
0x0002b454:  ec5e              sd                      s7,24(sp)
0x0002b456:  e862              sd                      s8,16(sp)
0x0002b458:  1080              addi                    s0,sp,96
0x0002b45a:  8aaa              mv                      s5,a0
0x0002b45c:  852e              mv                      a0,a1
0x0002b45e:  8c2e              mv                      s8,a1
0x0002b460:  8b32              mv                      s6,a2
0x0002b462:  84b6              mv                      s1,a3
0x0002b464:  8a3a              mv                      s4,a4
0x0002b466:  89be              mv                      s3,a5
0x0002b468:  aa3eb0ef          jal                     ra,-83294               # 0x16f0a

----------------
IN: strlen
0x00016f0a:  0feff737          lui                     a4,65279
0x00016f0e:  1141              addi                    sp,sp,-16
0x00016f10:  0712              slli                    a4,a4,4
0x00016f12:  e422              sd                      s0,8(sp)
0x00016f14:  eff70713          addi                    a4,a4,-257
0x00016f18:  0800              addi                    s0,sp,16
0x00016f1a:  ff857793          andi                    a5,a0,-8
0x00016f1e:  0742              slli                    a4,a4,16
0x00016f20:  6390              ld                      a2,0(a5)
0x00016f22:  eff70713          addi                    a4,a4,-257
0x00016f26:  073e              slli                    a4,a4,15
0x00016f28:  f7f70713          addi                    a4,a4,-129
0x00016f2c:  00e676b3          and                     a3,a2,a4
0x00016f30:  96ba              add                     a3,a3,a4
0x00016f32:  8ed1              or                      a3,a3,a2
0x00016f34:  8f55              or                      a4,a4,a3
0x00016f36:  00757693          andi                    a3,a0,7
0x00016f3a:  fff74713          not                     a4,a4
0x00016f3e:  0036969b          slliw                   a3,a3,3
0x00016f42:  00d75733          srl                     a4,a4,a3
0x00016f46:  e741              bnez                    a4,136                  # 0x16fce

----------------
IN: strlen
0x00016fce:  08077793          andi                    a5,a4,128
0x00016fd2:  4501              mv                      a0,zero
0x00016fd4:  fbf5              bnez                    a5,-12                  # 0x16fc8

----------------
IN: strlen
0x00016fc8:  6422              ld                      s0,8(sp)
0x00016fca:  0141              addi                    sp,sp,16
0x00016fcc:  8082              ret                     

----------------
IN: _dl_new_object
0x0002b46c:  8baa              mv                      s7,a0
0x0002b46e:  4585              addi                    a1,zero,1
0x0002b470:  4a150513          addi                    a0,a0,1185
0x0002b474:  cefea0ef          jal                     ra,-86802               # 0x16162

----------------
IN: __calloc
0x00016162:  7139              addi                    sp,sp,-64
0x00016164:  f04a              sd                      s2,32(sp)
0x00016166:  02b50933          mul                     s2,a0,a1
0x0001616a:  f822              sd                      s0,48(sp)
0x0001616c:  fc06              sd                      ra,56(sp)
0x0001616e:  f426              sd                      s1,40(sp)
0x00016170:  0080              addi                    s0,sp,64
0x00016172:  02b537b3          mulhu                   a5,a0,a1
0x00016176:  22094663          bltz                    s2,556                  # 0x163a2

----------------
IN: __calloc
0x0001617a:  00f037b3          snez                    a5,a5
0x0001617e:  22079263          bnez                    a5,548                  # 0x163a2

----------------
IN: __calloc
0x00016182:  ec4e              sd                      s3,24(sp)
0x00016184:  00073997          auipc                   s3,115                  # 0x89184
0x00016188:  48c98993          addi                    s3,s3,1164
0x0001618c:  0059c783          lbu                     a5,5(s3)
0x00016190:  e852              sd                      s4,16(sp)
0x00016192:  e456              sd                      s5,8(sp)
0x00016194:  e05a              sd                      s6,0(sp)
0x00016196:  1a078e63          beqz                    a5,444                  # 0x16352

----------------
IN: __calloc
0x0001619a:  02020793          addi                    a5,tp,32
0x0001619e:  6798              ld                      a4,8(a5)
0x000161a0:  20070a63          beqz                    a4,532                  # 0x163b4

----------------
IN: __calloc
0x000161a4:  8a022783          lw                      a5,-1888(tp)
0x000161a8:  10078f63          beqz                    a5,286                  # 0x162c6

----------------
IN: __calloc
0x000162c6:  0006da97          auipc                   s5,109                  # 0x832c6
0x000162ca:  e92a8a93          addi                    s5,s5,-366
0x000162ce:  060abb03          ld                      s6,96(s5)
0x000162d2:  85ca              mv                      a1,s2
0x000162d4:  8556              mv                      a0,s5
0x000162d6:  008b3a03          ld                      s4,8(s6)
0x000162da:  efffd0ef          jal                     ra,-8450                # 0x141d8

----------------
IN: _int_malloc
0x0001438e:  f85a              sd                      s6,48(sp)
0x00014390:  f45e              sd                      s7,40(sp)
0x00014392:  f062              sd                      s8,32(sp)
0x00014394:  ec66              sd                      s9,24(sp)
0x00014396:  e86a              sd                      s10,16(sp)
0x00014398:  0064da93          srli                    s5,s1,6
0x0001439c:  03000793          addi                    a5,zero,48
0x000143a0:  2357fa63          bleu                    s5,a5,564               # 0x145d4

----------------
IN: _int_malloc
0x000145d4:  030a8a9b          addiw                   s5,s5,48
0x000145d8:  bbe9              j                       -550                    # 0x143b2

----------------
IN: _int_malloc
0x000143b2:  00890793          addi                    a5,s2,8
0x000143b6:  439c              lw                      a5,0(a5)
0x000143b8:  2781              sext.w                  a5,a5
0x000143ba:  28079963          bnez                    a5,658                  # 0x1464c

----------------
IN: _int_malloc
0x00014ad6:  001a979b          slliw                   a5,s5,1
0x00014ada:  00c7871b          addiw                   a4,a5,12
0x00014ade:  1702              slli                    a4,a4,32
0x00014ae0:  8375              srli                    a4,a4,29
0x00014ae2:  974a              add                     a4,a4,s2
0x00014ae4:  6314              ld                      a3,0(a4)
0x00014ae6:  ff070613          addi                    a2,a4,-16
0x00014aea:  cac68ce3          beq                     a3,a2,-840              # 0x147a2

----------------
IN: _int_malloc
0x000147a2:  4585              addi                    a1,zero,1
0x000147a4:  4d8d              addi                    s11,zero,3
0x000147a6:  001a871b          addiw                   a4,s5,1
0x000147aa:  0057569b          srliw                   a3,a4,5
0x000147ae:  21868693          addi                    a3,a3,536
0x000147b2:  27b9              addiw                   a5,a5,14
0x000147b4:  068a              slli                    a3,a3,2
0x000147b6:  1782              slli                    a5,a5,32
0x000147b8:  9381              srli                    a5,a5,32
0x000147ba:  96ca              add                     a3,a3,s2
0x000147bc:  078e              slli                    a5,a5,3
0x000147be:  4288              lw                      a0,0(a3)
0x000147c0:  17c1              addi                    a5,a5,-16
0x000147c2:  0057581b          srliw                   a6,a4,5
0x000147c6:  97ca              add                     a5,a5,s2
0x000147c8:  00e5973b          sllw                    a4,a1,a4
0x000147cc:  10e56563          bgtu                    a4,a0,266               # 0x148d6

----------------
IN: __calloc
0x000162de:  84aa              mv                      s1,a0
0x000162e0:  ff8a7a13          andi                    s4,s4,-8
0x000162e4:  fd05              bnez                    a0,-200                 # 0x1621c

----------------
IN: __calloc
0x0001621c:  ff853603          ld                      a2,-8(a0)
0x00016220:  00267793          andi                    a5,a2,2
0x00016224:  10079563          bnez                    a5,266                  # 0x1632e

----------------
IN: __calloc
0x00016228:  00467793          andi                    a5,a2,4
0x0001622c:  ff050713          addi                    a4,a0,-16
0x00016230:  12079763          bnez                    a5,302                  # 0x1635e

----------------
IN: __calloc
0x00016234:  0006d797          auipc                   a5,109                  # 0x83234
0x00016238:  f2478793          addi                    a5,a5,-220
0x0001623c:  1efa9063          bne                     s5,a5,480               # 0x1641c

----------------
IN: __calloc
0x00016240:  8a022783          lw                      a5,-1888(tp)
0x00016244:  14078063          beqz                    a5,320                  # 0x16384

----------------
IN: __calloc
0x00016384:  9a61              andi                    a2,a2,-8
0x00016386:  b5c5              j                       -288                    # 0x16266

----------------
IN: __calloc
0x00016266:  0009a783          lw                      a5,0(s3)
0x0001626a:  e399              bnez                    a5,6                    # 0x16270

----------------
IN: __calloc
0x0001626c:  16eb0563          beq                     s6,a4,362               # 0x163d6

----------------
IN: __calloc
0x000163d6:  e8ca7de3          bleu                    a2,s4,-358              # 0x16270

----------------
IN: __calloc
0x00016270:  1661              addi                    a2,a2,-8
0x00016272:  47dd              addi                    a5,zero,23
0x00016274:  18c7f363          bleu                    a2,a5,390               # 0x163fa

----------------
IN: __calloc
0x00016278:  04f00793          addi                    a5,zero,79
0x0001627c:  10c7e663          bgtu                    a2,a5,268               # 0x16388

----------------
IN: __calloc
0x00016388:  7442              ld                      s0,48(sp)
0x0001638a:  69e2              ld                      s3,24(sp)
0x0001638c:  6a42              ld                      s4,16(sp)
0x0001638e:  6aa2              ld                      s5,8(sp)
0x00016390:  6b02              ld                      s6,0(sp)
0x00016392:  70e2              ld                      ra,56(sp)
0x00016394:  7902              ld                      s2,32(sp)
0x00016396:  8526              mv                      a0,s1
0x00016398:  74a2              ld                      s1,40(sp)
0x0001639a:  4581              mv                      a1,zero
0x0001639c:  6121              addi                    sp,sp,64
0x0001639e:  14d0006f          j                       2380                    # 0x16cea

----------------
IN: _dl_new_object
0x0002b478:  892a              mv                      s2,a0
0x0002b47a:  14050a63          beqz                    a0,340                  # 0x2b5ce

----------------
IN: _dl_new_object
0x0002b47e:  e466              sd                      s9,8(sp)
0x0002b480:  48050713          addi                    a4,a0,1152
0x0002b484:  48850793          addi                    a5,a0,1160
0x0002b488:  001b8c93          addi                    s9,s7,1
0x0002b48c:  85e2              mv                      a1,s8
0x0002b48e:  2ee93423          sd                      a4,744(s2)
0x0002b492:  02f93c23          sd                      a5,56(s2)
0x0002b496:  8666              mv                      a2,s9
0x0002b498:  4a050513          addi                    a0,a0,1184
0x0002b49c:  03293423          sd                      s2,40(s2)
0x0002b4a0:  fb0eb0ef          jal                     ra,-84048               # 0x16c50

----------------
IN: memcpy
0x00016cb4:  177d              addi                    a4,a4,-1
0x00016cb6:  87a6              mv                      a5,s1
0x00016cb8:  009605b3          add                     a1,a2,s1
0x00016cbc:  8f05              sub                     a4,a4,s1
0x00016cbe:  ca11              beqz                    a2,20                   # 0x16cd2

----------------
IN: _dl_new_object
0x0002b4a4:  000acc03          lbu                     s8,0(s5)
0x0002b4a8:  4785              addi                    a5,zero,1
0x0002b4aa:  48a93423          sd                      a0,1160(s2)
0x0002b4ae:  48f92c23          sw                      a5,1176(s2)
0x0002b4b2:  8756              mv                      a4,s5
0x0002b4b4:  120c0e63          beqz                    s8,316                  # 0x2b5f0

----------------
IN: _dl_new_object
0x0002b5f0:  01750733          add                     a4,a0,s7
0x0002b5f4:  b5d1              j                       -316                    # 0x2b4b8

----------------
IN: _dl_new_object
0x0002b4b8:  33495603          lhu                     a2,820(s2)
0x0002b4bc:  00057797          auipc                   a5,87                   # 0x824bc
0x0002b4c0:  7dc7b783          ld                      a5,2012(a5)
0x0002b4c4:  439c              lw                      a5,0(a5)
0x0002b4c6:  003b7b13          andi                    s6,s6,3
0x0002b4ca:  9a71              andi                    a2,a2,-4
0x0002b4cc:  01666633          or                      a2,a2,s6
0x0002b4d0:  00e93423          sd                      a4,8(s2)
0x0002b4d4:  32c91a23          sh                      a2,820(s2)
0x0002b4d8:  1007f793          andi                    a5,a5,256
0x0002b4dc:  10078663          beqz                    a5,268                  # 0x2b5e8

----------------
IN: _dl_new_object
0x0002b5e8:  4785              addi                    a5,zero,1
0x0002b5ea:  3ef92623          sw                      a5,1004(s2)
0x0002b5ee:  bdcd              j                       -270                    # 0x2b4e0

----------------
IN: _dl_new_object
0x0002b4e0:  00299793          slli                    a5,s3,2
0x0002b4e4:  97ce              add                     a5,a5,s3
0x0002b4e6:  00058717          auipc                   a4,88                   # 0x834e6
0x0002b4ea:  b0273703          ld                      a4,-1278(a4)
0x0002b4ee:  0796              slli                    a5,a5,5
0x0002b4f0:  97ba              add                     a5,a5,a4
0x0002b4f2:  639c              ld                      a5,0(a5)
0x0002b4f4:  577d              addi                    a4,zero,-1
0x0002b4f6:  37890693          addi                    a3,s2,888
0x0002b4fa:  44e93823          sd                      a4,1104(s2)
0x0002b4fe:  4711              addi                    a4,zero,4
0x0002b500:  2e993c23          sd                      s1,760(s2)
0x0002b504:  03393823          sd                      s3,48(s2)
0x0002b508:  3ad93023          sd                      a3,928(s2)
0x0002b50c:  38e93c23          sd                      a4,920(s2)
0x0002b510:  10078463          beqz                    a5,264                  # 0x2b618

----------------
IN: _dl_new_object
0x0002b514:  2d878713          addi                    a4,a5,728
0x0002b518:  36e93c23          sd                      a4,888(s2)
0x0002b51c:  0e048a63          beqz                    s1,244                  # 0x2b610

----------------
IN: _dl_new_object
0x0002b610:  87ca              mv                      a5,s2
0x0002b612:  b7e5              j                       -24                     # 0x2b5fa

----------------
IN: _dl_new_object
0x0002b5fa:  2d878613          addi                    a2,a5,728
0x0002b5fe:  f2c70ae3          beq                     a4,a2,-204              # 0x2b532

----------------
IN: _dl_new_object
0x0002b602:  008a7a13          andi                    s4,s4,8
0x0002b606:  000a0f63          beqz                    s4,30                   # 0x2b624

----------------
IN: _dl_new_object
0x0002b624:  38090693          addi                    a3,s2,896
0x0002b628:  b721              j                       -248                    # 0x2b530

----------------
IN: _dl_new_object
0x0002b530:  e290              sd                      a2,0(a3)
0x0002b532:  2d890793          addi                    a5,s2,728
0x0002b536:  3af93423          sd                      a5,936(s2)
0x0002b53a:  0c0c0d63          beqz                    s8,218                  # 0x2b614

----------------
IN: _dl_new_object
0x0002b614:  6ca2              ld                      s9,8(sp)
0x0002b616:  bf65              j                       -72                     # 0x2b5ce

----------------
IN: _dl_new_object
0x0002b5ce:  60e6              ld                      ra,88(sp)
0x0002b5d0:  6446              ld                      s0,80(sp)
0x0002b5d2:  64a6              ld                      s1,72(sp)
0x0002b5d4:  79e2              ld                      s3,56(sp)
0x0002b5d6:  7a42              ld                      s4,48(sp)
0x0002b5d8:  7aa2              ld                      s5,40(sp)
0x0002b5da:  7b02              ld                      s6,32(sp)
0x0002b5dc:  6be2              ld                      s7,24(sp)
0x0002b5de:  6c42              ld                      s8,16(sp)
0x0002b5e0:  854a              mv                      a0,s2
0x0002b5e2:  6906              ld                      s2,64(sp)
0x0002b5e4:  6125              addi                    sp,sp,96
0x0002b5e6:  8082              ret                     

----------------
IN: _dl_non_dynamic_init
0x00019602:  84aa              mv                      s1,a0
0x00019604:  50050463          beqz                    a0,1288                 # 0x19b0c

----------------
IN: _dl_non_dynamic_init
0x00019608:  038b3e03          ld                      t3,56(s6)
0x0001960c:  020e3783          ld                      a5,32(t3)
0x00019610:  038e5683          lhu                     a3,56(t3)
0x00019614:  97f2              add                     a5,a5,t3
0x00019616:  2cf53023          sd                      a5,704(a0)
0x0001961a:  2cd51823          sh                      a3,720(a0)
0x0001961e:  0006871b          sext.w                  a4,a3
0x00019622:  c6ad              beqz                    a3,106                  # 0x1968c

----------------
IN: _dl_non_dynamic_init
0x00019624:  377d              addiw                   a4,a4,-1
0x00019626:  1702              slli                    a4,a4,32
0x00019628:  9301              srli                    a4,a4,32
0x0001962a:  00371613          slli                    a2,a4,3
0x0001962e:  8e19              sub                     a2,a2,a4
0x00019630:  060e              slli                    a2,a2,3
0x00019632:  03878713          addi                    a4,a5,56
0x00019636:  963a              add                     a2,a2,a4
0x00019638:  4509              addi                    a0,zero,2
0x0001963a:  4805              addi                    a6,zero,1
0x0001963c:  431d              addi                    t1,zero,7
0x0001963e:  a809              j                       18                      # 0x19650

----------------
IN: _dl_non_dynamic_init
0x00019650:  4398              lw                      a4,0(a5)
0x00019652:  fea717e3          bne                     a4,a0,-18               # 0x19640

----------------
IN: _dl_non_dynamic_init
0x00019640:  45070f63          beq                     a4,a6,1118              # 0x19a9e

----------------
IN: _dl_non_dynamic_init
0x00019644:  58670f63          beq                     a4,t1,1438              # 0x19be2

----------------
IN: _dl_non_dynamic_init
0x00019648:  03878793          addi                    a5,a5,56
0x0001964c:  04c78063          beq                     a5,a2,64                # 0x1968c

----------------
IN: _dl_non_dynamic_init
0x00019a9e:  6094              ld                      a3,0(s1)
0x00019aa0:  6b98              ld                      a4,16(a5)
0x00019aa2:  e291              bnez                    a3,4                    # 0x19aa6

----------------
IN: _dl_non_dynamic_init
0x00019aa4:  e098              sd                      a4,0(s1)
0x00019aa6:  778c              ld                      a1,40(a5)
0x00019aa8:  3704b683          ld                      a3,880(s1)
0x00019aac:  972e              add                     a4,a4,a1
0x00019aae:  b8d76de3          bgtu                    a3,a4,-1126             # 0x19648

----------------
IN: _dl_non_dynamic_init
0x00019ab2:  36e4b823          sd                      a4,880(s1)
0x00019ab6:  be49              j                       -1134                   # 0x19648

----------------
IN: _dl_non_dynamic_init
0x00019656:  43d8              lw                      a4,4(a5)
0x00019658:  3364c683          lbu                     a3,822(s1)
0x0001965c:  778c              ld                      a1,40(a5)
0x0001965e:  4017571b          sraiw                   a4,a4,1
0x00019662:  00174713          xori                    a4,a4,1
0x00019666:  0107b883          ld                      a7,16(a5)
0x0001966a:  8b05              andi                    a4,a4,1
0x0001966c:  0057171b          slliw                   a4,a4,5
0x00019670:  fdf6f693          andi                    a3,a3,-33
0x00019674:  8191              srli                    a1,a1,4
0x00019676:  8f55              or                      a4,a4,a3
0x00019678:  0114b823          sd                      a7,16(s1)
0x0001967c:  2cb49923          sh                      a1,722(s1)
0x00019680:  32e48b23          sb                      a4,822(s1)
0x00019684:  03878793          addi                    a5,a5,56
0x00019688:  fcc794e3          bne                     a5,a2,-56               # 0x19650

----------------
IN: _dl_non_dynamic_init
0x0001968c:  609c              ld                      a5,0(s1)
0x0001968e:  3704b683          ld                      a3,880(s1)
0x00019692:  6898              ld                      a4,16(s1)
0x00019694:  40fe07b3          sub                     a5,t3,a5
0x00019698:  96be              add                     a3,a3,a5
0x0001969a:  973e              add                     a4,a4,a5
0x0001969c:  37c4b423          sd                      t3,872(s1)
0x000196a0:  e09c              sd                      a5,0(s1)
0x000196a2:  36d4b823          sd                      a3,880(s1)
0x000196a6:  e898              sd                      a4,16(s1)
0x000196a8:  4e070c63          beqz                    a4,1272                 # 0x19ba0

----------------
IN: _dl_non_dynamic_init
0x000196ac:  631c              ld                      a5,0(a4)
0x000196ae:  04048593          addi                    a1,s1,64
0x000196b2:  c3a9              beqz                    a5,66                   # 0x196f4

----------------
IN: _dl_non_dynamic_init
0x000196b4:  70000537          lui                     a0,458752
0x000196b8:  70000e37          lui                     t3,458752
0x000196bc:  700008b7          lui                     a7,458752
0x000196c0:  02500613          addi                    a2,zero,37
0x000196c4:  157d              addi                    a0,a0,-1
0x000196c6:  483d              addi                    a6,zero,15
0x000196c8:  5ef1              addi                    t4,zero,-4
0x000196ca:  dffe0e13          addi                    t3,t3,-513
0x000196ce:  4fad              addi                    t6,zero,11
0x000196d0:  03500f13          addi                    t5,zero,53
0x000196d4:  02588893          addi                    a7,a7,37
0x000196d8:  00f67863          bleu                    a5,a2,16                # 0x196e8

----------------
IN: _dl_non_dynamic_init
0x000196e8:  078e              slli                    a5,a5,3
0x000196ea:  97ae              add                     a5,a5,a1
0x000196ec:  e398              sd                      a4,0(a5)
0x000196ee:  6b1c              ld                      a5,16(a4)
0x000196f0:  0741              addi                    a4,a4,16
0x000196f2:  f3fd              bnez                    a5,-26                  # 0x196d8

----------------
IN: _dl_non_dynamic_init
0x000196d8:  00f67863          bleu                    a5,a2,16                # 0x196e8

----------------
IN: _dl_non_dynamic_init
0x000196dc:  40f506b3          sub                     a3,a0,a5
0x000196e0:  3ed86f63          bgtu                    a3,a6,1022              # 0x19ade

----------------
IN: _dl_non_dynamic_init
0x00019ade:  0017969b          slliw                   a3,a5,1
0x00019ae2:  4016d31b          sraiw                   t1,a3,1
0x00019ae6:  006ef863          bleu                    t1,t4,16                # 0x19af6

----------------
IN: _dl_non_dynamic_init
0x00019af6:  40fe06b3          sub                     a3,t3,a5
0x00019afa:  02dfec63          bgtu                    a3,t6,56                # 0x19b32

----------------
IN: _dl_non_dynamic_init
0x00019b32:  700006b7          lui                     a3,458752
0x00019b36:  eff68693          addi                    a3,a3,-257
0x00019b3a:  8e9d              sub                     a3,a3,a5
0x00019b3c:  4329              addi                    t1,zero,10
0x00019b3e:  bad368e3          bgtu                    a3,t1,-1104             # 0x196ee

----------------
IN: _dl_non_dynamic_init
0x00019b42:  700006b7          lui                     a3,458752
0x00019b46:  f4468693          addi                    a3,a3,-188
0x00019b4a:  40f687b3          sub                     a5,a3,a5
0x00019b4e:  be69              j                       -1126                   # 0x196e8

----------------
IN: _dl_non_dynamic_init
0x000196e4:  40f887b3          sub                     a5,a7,a5
0x000196e8:  078e              slli                    a5,a5,3
0x000196ea:  97ae              add                     a5,a5,a1
0x000196ec:  e398              sd                      a4,0(a5)
0x000196ee:  6b1c              ld                      a5,16(a4)
0x000196f0:  0741              addi                    a4,a4,16
0x000196f2:  f3fd              bnez                    a5,-26                  # 0x196d8

----------------
IN: _dl_non_dynamic_init
0x000196f4:  70fc              ld                      a5,224(s1)
0x000196f6:  c789              beqz                    a5,10                   # 0x19700

----------------
IN: _dl_non_dynamic_init
0x00019700:  7cbc              ld                      a5,120(s1)
0x00019702:  c791              beqz                    a5,12                   # 0x1970e

----------------
IN: _dl_non_dynamic_init
0x00019704:  64d8              ld                      a4,136(s1)
0x00019706:  47e1              addi                    a5,zero,24
0x00019708:  6718              ld                      a4,8(a4)
0x0001970a:  54f71763          bne                     a4,a5,1358              # 0x19c58

----------------
IN: _dl_non_dynamic_init
0x0001970e:  1604b783          ld                      a5,352(s1)
0x00019712:  c799              beqz                    a5,14                   # 0x19720

----------------
IN: _dl_non_dynamic_init
0x00019720:  1304b703          ld                      a4,304(s1)
0x00019724:  f062              sd                      s8,32(sp)
0x00019726:  c305              beqz                    a4,32                   # 0x19746

----------------
IN: _dl_non_dynamic_init
0x00019746:  1904b783          ld                      a5,400(s1)
0x0001974a:  c785              beqz                    a5,40                   # 0x19772

----------------
IN: _dl_non_dynamic_init
0x00019772:  1284b783          ld                      a5,296(s1)
0x00019776:  c399              beqz                    a5,6                    # 0x1977c

----------------
IN: _dl_non_dynamic_init
0x0001977c:  8526              mv                      a0,s1
0x0001977e:  526130ef          jal                     ra,79142                # 0x2cca4

----------------
IN: _dl_setup_hash
0x0002cca4:  2b853783          ld                      a5,696(a0)
0x0002cca8:  cba9              beqz                    a5,82                   # 0x2ccfa

----------------
IN: _dl_setup_hash
0x0002ccaa:  6798              ld                      a4,8(a5)
0x0002ccac:  611c              ld                      a5,0(a0)
0x0002ccae:  973e              add                     a4,a4,a5
0x0002ccb0:  4314              lw                      a3,0(a4)
0x0002ccb2:  30d52623          sw                      a3,780(a0)
0x0002ccb6:  471c              lw                      a5,8(a4)
0x0002ccb8:  434c              lw                      a1,4(a4)
0x0002ccba:  fff7881b          addiw                   a6,a5,-1
0x0002ccbe:  0107f633          and                     a2,a5,a6
0x0002ccc2:  2601              sext.w                  a2,a2
0x0002ccc4:  ee31              bnez                    a2,92                   # 0x2cd20

----------------
IN: _dl_setup_hash
0x0002ccc6:  0017979b          slliw                   a5,a5,1
0x0002ccca:  1782              slli                    a5,a5,32
0x0002cccc:  1682              slli                    a3,a3,32
0x0002ccce:  1582              slli                    a1,a1,32
0x0002ccd0:  31052823          sw                      a6,784(a0)
0x0002ccd4:  9381              srli                    a5,a5,32
0x0002ccd6:  9281              srli                    a3,a3,32
0x0002ccd8:  9181              srli                    a1,a1,32
0x0002ccda:  4750              lw                      a2,12(a4)
0x0002ccdc:  078a              slli                    a5,a5,2
0x0002ccde:  0741              addi                    a4,a4,16
0x0002cce0:  8e8d              sub                     a3,a3,a1
0x0002cce2:  97ba              add                     a5,a5,a4
0x0002cce4:  068a              slli                    a3,a3,2
0x0002cce6:  96be              add                     a3,a3,a5
0x0002cce8:  30c52a23          sw                      a2,788(a0)
0x0002ccec:  30e53c23          sd                      a4,792(a0)
0x0002ccf0:  32f53023          sd                      a5,800(a0)
0x0002ccf4:  32d53423          sd                      a3,808(a0)
0x0002ccf8:  8082              ret                     

----------------
IN: _dl_non_dynamic_init
0x00019782:  3344d783          lhu                     a5,820(s1)
0x00019786:  3a84b703          ld                      a4,936(s1)
0x0001978a:  78d0              ld                      a2,176(s1)
0x0001978c:  4685              addi                    a3,zero,1
0x0001978e:  0087e793          ori                     a5,a5,8
0x00019792:  32f49a23          sh                      a5,820(s1)
0x00019796:  3ed4a623          sw                      a3,1004(s1)
0x0001979a:  02848793          addi                    a5,s1,40
0x0001979e:  c714              sw                      a3,8(a4)
0x000197a0:  e31c              sd                      a5,0(a4)
0x000197a2:  ca11              beqz                    a2,20                   # 0x197b6

----------------
IN: _dl_non_dynamic_init
0x000197a4:  74bc              ld                      a5,104(s1)
0x000197a6:  6610              ld                      a2,8(a2)
0x000197a8:  6094              ld                      a3,0(s1)
0x000197aa:  679c              ld                      a5,8(a5)
0x000197ac:  7c98              ld                      a4,56(s1)
0x000197ae:  97b2              add                     a5,a5,a2
0x000197b0:  97b6              add                     a5,a5,a3
0x000197b2:  e31c              sd                      a5,0(a4)
0x000197b4:  e49c              sd                      a5,8(s1)
0x000197b6:  4581              mv                      a1,zero
0x000197b8:  8526              mv                      a0,s1
0x000197ba:  409110ef          jal                     ra,72712                # 0x2b3c2

----------------
IN: _dl_add_to_namespace_list
0x0002b3c2:  1101              addi                    sp,sp,-32
0x0002b3c4:  e822              sd                      s0,16(sp)
0x0002b3c6:  e426              sd                      s1,8(sp)
0x0002b3c8:  e04a              sd                      s2,0(sp)
0x0002b3ca:  ec06              sd                      ra,24(sp)
0x0002b3cc:  1000              addi                    s0,sp,32
0x0002b3ce:  892a              mv                      s2,a0
0x0002b3d0:  00058517          auipc                   a0,88                   # 0x833d0
0x0002b3d4:  bb853503          ld                      a0,-1096(a0)
0x0002b3d8:  84ae              mv                      s1,a1
0x0002b3da:  8d6f80ef          jal                     ra,-32554               # 0x234b0

----------------
IN: ___pthread_mutex_lock
0x000234b0:  01050793          addi                    a5,a0,16
0x000234b4:  439c              lw                      a5,0(a5)
0x000234b6:  07c7f713          andi                    a4,a5,124
0x000234ba:  e325              bnez                    a4,96                   # 0x2351a

----------------
IN: ___pthread_mutex_lock
0x000234bc:  1101              addi                    sp,sp,-32
0x000234be:  e822              sd                      s0,16(sp)
0x000234c0:  e426              sd                      s1,8(sp)
0x000234c2:  ec06              sd                      ra,24(sp)
0x000234c4:  1000              addi                    s0,sp,32
0x000234c6:  17f7f793          andi                    a5,a5,383
0x000234ca:  84aa              mv                      s1,a0
0x000234cc:  eba1              bnez                    a5,80                   # 0x2351c

----------------
IN: ___pthread_mutex_lock
0x0002351c:  01050793          addi                    a5,a0,16
0x00023520:  439c              lw                      a5,0(a5)
0x00023522:  4705              addi                    a4,zero,1
0x00023524:  07f7f793          andi                    a5,a5,127
0x00023528:  06e79363          bne                     a5,a4,102               # 0x2358e

----------------
IN: ___pthread_mutex_lock
0x0002352c:  4518              lw                      a4,8(a0)
0x0002352e:  97022683          lw                      a3,-1680(tp)
0x00023532:  00d71d63          bne                     a4,a3,26                # 0x2354c

----------------
IN: ___pthread_mutex_lock
0x0002354c:  01050693          addi                    a3,a0,16
0x00023550:  428c              lw                      a1,0(a3)
0x00023552:  0805f593          andi                    a1,a1,128
0x00023556:  ed81              bnez                    a1,24                   # 0x2356e

----------------
IN: ___pthread_mutex_lock
0x00023558:  8a022683          lw                      a3,-1888(tp)
0x0002355c:  ea89              bnez                    a3,18                   # 0x2356e

----------------
IN: ___pthread_mutex_lock
0x0002355e:  4114              lw                      a3,0(a0)
0x00023560:  e699              bnez                    a3,14                   # 0x2356e

----------------
IN: ___pthread_mutex_lock
0x00023562:  c11c              sw                      a5,0(a0)
0x00023564:  12071b63          bnez                    a4,310                  # 0x2369a

----------------
IN: ___pthread_mutex_lock
0x00023568:  4785              addi                    a5,zero,1
0x0002356a:  c0dc              sw                      a5,4(s1)
0x0002356c:  b759              j                       -122                    # 0x234f2

----------------
IN: ___pthread_mutex_lock
0x000234f2:  44dc              lw                      a5,12(s1)
0x000234f4:  97022703          lw                      a4,-1680(tp)
0x000234f8:  2785              addiw                   a5,a5,1
0x000234fa:  c498              sw                      a4,8(s1)
0x000234fc:  c4dc              sw                      a5,12(s1)
0x000234fe:  4501              mv                      a0,zero
0x00023500:  60e2              ld                      ra,24(sp)
0x00023502:  6442              ld                      s0,16(sp)
0x00023504:  64a2              ld                      s1,8(sp)
0x00023506:  6105              addi                    sp,sp,32
0x00023508:  8082              ret                     

----------------
IN: _dl_add_to_namespace_list
0x0002b3de:  00249693          slli                    a3,s1,2
0x0002b3e2:  00968733          add                     a4,a3,s1
0x0002b3e6:  00058617          auipc                   a2,88                   # 0x833e6
0x0002b3ea:  c0263603          ld                      a2,-1022(a2)
0x0002b3ee:  0716              slli                    a4,a4,5
0x0002b3f0:  9732              add                     a4,a4,a2
0x0002b3f2:  631c              ld                      a5,0(a4)
0x0002b3f4:  c7a1              beqz                    a5,72                   # 0x2b43c

----------------
IN: _dl_add_to_namespace_list
0x0002b3f6:  873e              mv                      a4,a5
0x0002b3f8:  6f9c              ld                      a5,24(a5)
0x0002b3fa:  fff5              bnez                    a5,-4                   # 0x2b3f6

----------------
IN: _dl_add_to_namespace_list
0x0002b3fc:  02e93023          sd                      a4,32(s2)
0x0002b400:  01273c23          sd                      s2,24(a4)
0x0002b404:  96a6              add                     a3,a3,s1
0x0002b406:  0696              slli                    a3,a3,5
0x0002b408:  00d607b3          add                     a5,a2,a3
0x0002b40c:  4798              lw                      a4,8(a5)
0x0002b40e:  00058697          auipc                   a3,88                   # 0x8340e
0x0002b412:  8a26b683          ld                      a3,-1886(a3)
0x0002b416:  6290              ld                      a2,0(a3)
0x0002b418:  2705              addiw                   a4,a4,1
0x0002b41a:  c798              sw                      a4,8(a5)
0x0002b41c:  6442              ld                      s0,16(sp)
0x0002b41e:  60e2              ld                      ra,24(sp)
0x0002b420:  64a2              ld                      s1,8(sp)
0x0002b422:  46c93c23          sd                      a2,1144(s2)
0x0002b426:  00160793          addi                    a5,a2,1
0x0002b42a:  6902              ld                      s2,0(sp)
0x0002b42c:  e29c              sd                      a5,0(a3)
0x0002b42e:  00058517          auipc                   a0,88                   # 0x8342e
0x0002b432:  b5a53503          ld                      a0,-1190(a0)
0x0002b436:  6105              addi                    sp,sp,32
0x0002b438:  ef8f806f          j                       -30984                  # 0x23b30

----------------
IN: ___pthread_mutex_unlock
0x00023b30:  1141              addi                    sp,sp,-16
0x00023b32:  e422              sd                      s0,8(sp)
0x00023b34:  0800              addi                    s0,sp,16
0x00023b36:  6422              ld                      s0,8(sp)
0x00023b38:  4585              addi                    a1,zero,1
0x00023b3a:  0141              addi                    sp,sp,16
0x00023b3c:  bddd              j                       -266                    # 0x23a32

----------------
IN: __pthread_mutex_unlock_usercnt
0x00023a32:  01050713          addi                    a4,a0,16
0x00023a36:  4318              lw                      a4,0(a4)
0x00023a38:  07c77813          andi                    a6,a4,124
0x00023a3c:  04081d63          bnez                    a6,90                   # 0x23a96

----------------
IN: __pthread_mutex_unlock_usercnt
0x00023a40:  1141              addi                    sp,sp,-16
0x00023a42:  e022              sd                      s0,0(sp)
0x00023a44:  e406              sd                      ra,8(sp)
0x00023a46:  0800              addi                    s0,sp,16
0x00023a48:  17f77713          andi                    a4,a4,383
0x00023a4c:  87aa              mv                      a5,a0
0x00023a4e:  86ae              mv                      a3,a1
0x00023a50:  e721              bnez                    a4,72                   # 0x23a98

----------------
IN: __pthread_mutex_unlock_usercnt
0x00023a98:  10000593          addi                    a1,zero,256
0x00023a9c:  02b71163          bne                     a4,a1,34                # 0x23abe

----------------
IN: __pthread_mutex_unlock_usercnt
0x00023abe:  01050613          addi                    a2,a0,16
0x00023ac2:  4210              lw                      a2,0(a2)
0x00023ac4:  4585              addi                    a1,zero,1
0x00023ac6:  07f67613          andi                    a2,a2,127
0x00023aca:  00b61f63          bne                     a2,a1,30                # 0x23ae8

----------------
IN: __pthread_mutex_unlock_usercnt
0x00023ace:  4510              lw                      a2,8(a0)
0x00023ad0:  97022703          lw                      a4,-1680(tp)
0x00023ad4:  00e60463          beq                     a2,a4,8                 # 0x23adc

----------------
IN: __pthread_mutex_unlock_usercnt
0x00023adc:  4158              lw                      a4,4(a0)
0x00023ade:  fff7061b          addiw                   a2,a4,-1
0x00023ae2:  c3d0              sw                      a2,4(a5)
0x00023ae4:  f649              bnez                    a2,-118                 # 0x23a6e

----------------
IN: __pthread_mutex_unlock_usercnt
0x00023ae6:  b7b5              j                       -148                    # 0x23a52

----------------
IN: __pthread_mutex_unlock_usercnt
0x00023a52:  0007a423          sw                      zero,8(a5)
0x00023a56:  ee85              bnez                    a3,56                   # 0x23a8e

----------------
IN: __pthread_mutex_unlock_usercnt
0x00023a8e:  47d8              lw                      a4,12(a5)
0x00023a90:  377d              addiw                   a4,a4,-1
0x00023a92:  c7d8              sw                      a4,12(a5)
0x00023a94:  b7d1              j                       -60                     # 0x23a58

----------------
IN: __pthread_mutex_unlock_usercnt
0x00023a58:  01078713          addi                    a4,a5,16
0x00023a5c:  430c              lw                      a1,0(a4)
0x00023a5e:  0805f593          andi                    a1,a1,128
0x00023a62:  e999              bnez                    a1,22                   # 0x23a78

----------------
IN: __pthread_mutex_unlock_usercnt
0x00023a64:  8a022703          lw                      a4,-1888(tp)
0x00023a68:  eb01              bnez                    a4,16                   # 0x23a78

----------------
IN: __pthread_mutex_unlock_usercnt
0x00023a6a:  0007a023          sw                      zero,0(a5)
0x00023a6e:  4501              mv                      a0,zero
0x00023a70:  60a2              ld                      ra,8(sp)
0x00023a72:  6402              ld                      s0,0(sp)
0x00023a74:  0141              addi                    sp,sp,16
0x00023a76:  8082              ret                     

----------------
IN: _dl_non_dynamic_init
0x000197be:  4785              addi                    a5,zero,1
0x000197c0:  0006a717          auipc                   a4,106                  # 0x837c0
0x000197c4:  24f73423          sd                      a5,584(a4)
0x000197c8:  049b3c23          sd                      s1,88(s6)
0x000197cc:  f9040c13          addi                    s8,s0,-112
0x000197d0:  f8043c23          sd                      zero,-104(s0)
0x000197d4:  00066717          auipc                   a4,102                  # 0x7f7d4
0x000197d8:  be470713          addi                    a4,a4,-1052
0x000197dc:  02000313          addi                    t1,zero,32
0x000197e0:  f9840b93          addi                    s7,s0,-104
0x000197e4:  4881              mv                      a7,zero
0x000197e6:  4801              mv                      a6,zero
0x000197e8:  4781              mv                      a5,zero
0x000197ea:  3a848693          addi                    a3,s1,936
0x000197ee:  8662              mv                      a2,s8
0x000197f0:  85a6              mv                      a1,s1
0x000197f2:  0003c517          auipc                   a0,60                   # 0x557f2
0x000197f6:  89e50513          addi                    a0,a0,-1890
0x000197fa:  fa043023          sd                      zero,-96(s0)
0x000197fe:  fa043423          sd                      zero,-88(s0)
0x00019802:  f8640e23          sb                      t1,-100(s0)
0x00019806:  f9743823          sd                      s7,-112(s0)
0x0001980a:  16a110ef          jal                     ra,69994                # 0x2a974

----------------
IN: _dl_lookup_symbol_x
0x0002a974:  7151              addi                    sp,sp,-240
0x0002a976:  f1a2              sd                      s0,224(sp)
0x0002a978:  eda6              sd                      s1,216(sp)
0x0002a97a:  1980              addi                    s0,sp,240
0x0002a97c:  e9ca              sd                      s2,208(sp)
0x0002a97e:  e5ce              sd                      s3,200(sp)
0x0002a980:  e1d2              sd                      s4,192(sp)
0x0002a982:  fd56              sd                      s5,184(sp)
0x0002a984:  f95a              sd                      s6,176(sp)
0x0002a986:  f55e              sd                      s7,168(sp)
0x0002a988:  f586              sd                      ra,232(sp)
0x0002a98a:  e96a              sd                      s10,144(sp)
0x0002a98c:  e56e              sd                      s11,136(sp)
0x0002a98e:  8bbe              mv                      s7,a5
0x0002a990:  57fd              addi                    a5,zero,-1
0x0002a992:  9381              srli                    a5,a5,32
0x0002a994:  84aa              mv                      s1,a0
0x0002a996:  8b2e              mv                      s6,a1
0x0002a998:  8932              mv                      s2,a2
0x0002a99a:  f4d43823          sd                      a3,-176(s0)
0x0002a99e:  8a3a              mv                      s4,a4
0x0002a9a0:  8ac2              mv                      s5,a6
0x0002a9a2:  89c6              mv                      s3,a7
0x0002a9a4:  f4f43423          sd                      a5,-184(s0)
0x0002a9a8:  0004c703          lbu                     a4,0(s1)
0x0002a9ac:  6d05              lui                     s10,1
0x0002a9ae:  22070463          beqz                    a4,552                  # 0x2abd6

----------------
IN: _dl_lookup_symbol_x
0x0002a9b2:  86a6              mv                      a3,s1
0x0002a9b4:  505d0d13          addi                    s10,s10,1285
0x0002a9b8:  0016c783          lbu                     a5,1(a3)
0x0002a9bc:  863e              mv                      a2,a5
0x0002a9be:  16078863          beqz                    a5,368                  # 0x2ab2e

----------------
IN: _dl_lookup_symbol_x
0x0002a9c2:  004d179b          slliw                   a5,s10,4
0x0002a9c6:  01a787bb          addw                    a5,a5,s10
0x0002a9ca:  0067979b          slliw                   a5,a5,6
0x0002a9ce:  01a787bb          addw                    a5,a5,s10
0x0002a9d2:  0057159b          slliw                   a1,a4,5
0x0002a9d6:  9fad              addw                    a5,a5,a1
0x0002a9d8:  0689              addi                    a3,a3,2
0x0002a9da:  9fb9              addw                    a5,a5,a4
0x0002a9dc:  0006c703          lbu                     a4,0(a3)
0x0002a9e0:  00c78d3b          addw                    s10,a5,a2
0x0002a9e4:  fb71              bnez                    a4,-44                  # 0x2a9b8

----------------
IN: _dl_lookup_symbol_x
0x0002a9b8:  0016c783          lbu                     a5,1(a3)
0x0002a9bc:  863e              mv                      a2,a5
0x0002a9be:  16078863          beqz                    a5,368                  # 0x2ab2e

----------------
IN: _dl_lookup_symbol_x
0x0002a9e6:  f4843783          ld                      a5,-184(s0)
0x0002a9ea:  f6043423          sd                      zero,-152(s0)
0x0002a9ee:  f6043823          sd                      zero,-144(s0)
0x0002a9f2:  f6f43023          sd                      a5,-160(s0)
0x0002a9f6:  000a0663          beqz                    s4,12                   # 0x2aa02

----------------
IN: _dl_lookup_symbol_x
0x0002a9fa:  002af793          andi                    a5,s5,2
0x0002a9fe:  60079a63          bnez                    a5,1556                 # 0x2b012

----------------
IN: _dl_lookup_symbol_x
0x0002aa02:  f5043783          ld                      a5,-176(s0)
0x0002aa06:  639c              ld                      a5,0(a5)
0x0002aa08:  1a099463          bnez                    s3,424                  # 0x2abb0

----------------
IN: _dl_lookup_symbol_x
0x0002aa0c:  24078863          beqz                    a5,592                  # 0x2ac5c

----------------
IN: _dl_lookup_symbol_x
0x0002aa10:  f162              sd                      s8,160(sp)
0x0002aa12:  ed66              sd                      s9,152(sp)
0x0002aa14:  f4043c23          sd                      zero,-168(s0)
0x0002aa18:  f5843803          ld                      a6,-168(s0)
0x0002aa1c:  f5043d83          ld                      s11,-176(s0)
0x0002aa20:  f6840c93          addi                    s9,s0,-152
0x0002aa24:  f6040c13          addi                    s8,s0,-160
0x0002aa28:  a031              j                       12                      # 0x2aa34

----------------
IN: _dl_lookup_symbol_x
0x0002aa34:  00093683          ld                      a3,0(s2)
0x0002aa38:  88d2              mv                      a7,s4
0x0002aa3a:  ec5a              sd                      s6,24(sp)
0x0002aa3c:  e85e              sd                      s7,16(sp)
0x0002aa3e:  e44e              sd                      s3,8(sp)
0x0002aa40:  e056              sd                      s5,0(sp)
0x0002aa42:  8766              mv                      a4,s9
0x0002aa44:  8662              mv                      a2,s8
0x0002aa46:  85ea              mv                      a1,s10
0x0002aa48:  8526              mv                      a0,s1
0x0002aa4a:  deaff0ef          jal                     ra,-2582                # 0x2a034

----------------
IN: do_lookup_x
0x0002a034:  716d              addi                    sp,sp,-272
0x0002a036:  e222              sd                      s0,256(sp)
0x0002a038:  f9ca              sd                      s2,240(sp)
0x0002a03a:  0a00              addi                    s0,sp,272
0x0002a03c:  e9da              sd                      s6,208(sp)
0x0002a03e:  e606              sd                      ra,264(sp)
0x0002a040:  fda6              sd                      s1,248(sp)
0x0002a042:  f1d2              sd                      s4,224(sp)
0x0002a044:  e5de              sd                      s7,200(sp)
0x0002a046:  e1e2              sd                      s8,192(sp)
0x0002a048:  fd66              sd                      s9,184(sp)
0x0002a04a:  f56e              sd                      s11,168(sp)
0x0002a04c:  0087e303          lwu                     t1,8(a5)
0x0002a050:  f6d43c23          sd                      a3,-136(s0)
0x0002a054:  4014              lw                      a3,0(s0)
0x0002a056:  f4e43c23          sd                      a4,-168(s0)
0x0002a05a:  00843e03          ld                      t3,8(s0)
0x0002a05e:  8742              mv                      a4,a6
0x0002a060:  01042b03          lw                      s6,16(s0)
0x0002a064:  01843f03          ld                      t5,24(s0)
0x0002a068:  892a              mv                      s2,a0
0x0002a06a:  82ae              mv                      t0,a1
0x0002a06c:  f4c43823          sd                      a2,-176(s0)
0x0002a070:  f7143023          sd                      a7,-160(s0)
0x0002a074:  f6d43423          sd                      a3,-152(s0)
0x0002a078:  881a              mv                      a6,t1
0x0002a07a:  0007b303          ld                      t1,0(a5)
0x0002a07e:  03f5fd93          andi                    s11,a1,63
0x0002a082:  00371793          slli                    a5,a4,3
0x0002a086:  933e              add                     t1,t1,a5
0x0002a088:  0065d39b          srliw                   t2,a1,6
0x0002a08c:  87ee              mv                      a5,s11
0x0002a08e:  8bba              mv                      s7,a4
0x0002a090:  8df2              mv                      s11,t3
0x0002a092:  002b7e93          andi                    t4,s6,2
0x0002a096:  00059a17          auipc                   s4,89                   # 0x83096
0x0002a09a:  c02a3a03          ld                      s4,-1022(s4)
0x0002a09e:  4c05              addi                    s8,zero,1
0x0002a0a0:  8c9e              mv                      s9,t2
0x0002a0a2:  8f9a              mv                      t6,t1
0x0002a0a4:  f7643823          sd                      s6,-144(s0)
0x0002a0a8:  8742              mv                      a4,a6
0x0002a0aa:  8e3e              mv                      t3,a5
0x0002a0ac:  a899              j                       86                      # 0x2a102

----------------
IN: do_lookup_x
0x0002a102:  000fb783          ld                      a5,0(t6)
0x0002a106:  7784              ld                      s1,40(a5)
0x0002a108:  ffb489e3          beq                     s1,s11,-14              # 0x2a0fa

----------------
IN: do_lookup_x
0x0002a10c:  000e8663          beqz                    t4,12                   # 0x2a118

----------------
IN: do_lookup_x
0x0002a118:  3364c783          lbu                     a5,822(s1)
0x0002a11c:  8b91              andi                    a5,a5,4
0x0002a11e:  c799              beqz                    a5,14                   # 0x2a12c

----------------
IN: do_lookup_x
0x0002a12c:  000a2783          lw                      a5,0(s4)
0x0002a130:  8ba1              andi                    a5,a5,8
0x0002a132:  dfb5              beqz                    a5,-132                 # 0x2a0ae

----------------
IN: do_lookup_x
0x0002a0ae:  30c4a583          lw                      a1,780(s1)
0x0002a0b2:  c5a1              beqz                    a1,72                   # 0x2a0fa

----------------
IN: do_lookup_x
0x0002a0b4:  78b4              ld                      a3,112(s1)
0x0002a0b6:  74bc              ld                      a5,104(s1)
0x0002a0b8:  0004b883          ld                      a7,0(s1)
0x0002a0bc:  6694              ld                      a3,8(a3)
0x0002a0be:  679c              ld                      a5,8(a5)
0x0002a0c0:  3184b503          ld                      a0,792(s1)
0x0002a0c4:  f8042223          sw                      zero,-124(s0)
0x0002a0c8:  f8043423          sd                      zero,-120(s0)
0x0002a0cc:  00d88b33          add                     s6,a7,a3
0x0002a0d0:  98be              add                     a7,a7,a5
0x0002a0d2:  c171              beqz                    a0,196                  # 0x2a196

----------------
IN: do_lookup_x
0x0002a0d4:  3104a603          lw                      a2,784(s1)
0x0002a0d8:  3144a783          lw                      a5,788(s1)
0x0002a0dc:  01967633          and                     a2,a2,s9
0x0002a0e0:  060e              slli                    a2,a2,3
0x0002a0e2:  9532              add                     a0,a0,a2
0x0002a0e4:  6110              ld                      a2,0(a0)
0x0002a0e6:  00f2d7bb          srlw                    a5,t0,a5
0x0002a0ea:  00f657b3          srl                     a5,a2,a5
0x0002a0ee:  01c65633          srl                     a2,a2,t3
0x0002a0f2:  8ff1              and                     a5,a5,a2
0x0002a0f4:  8b85              andi                    a5,a5,1
0x0002a0f6:  20079363          bnez                    a5,518                  # 0x2a2fc

----------------
IN: do_lookup_x
0x0002a2fc:  02b2f5bb          remuw                   a1,t0,a1
0x0002a300:  3204b783          ld                      a5,800(s1)
0x0002a304:  02059613          slli                    a2,a1,32
0x0002a308:  01e65593          srli                    a1,a2,30
0x0002a30c:  97ae              add                     a5,a5,a1
0x0002a30e:  439c              lw                      a5,0(a5)
0x0002a310:  de0785e3          beqz                    a5,-534                 # 0x2a0fa

----------------
IN: do_lookup_x
0x0002a314:  3284b303          ld                      t1,808(s1)
0x0002a318:  02079613          slli                    a2,a5,32
0x0002a31c:  01e65793          srli                    a5,a2,30
0x0002a320:  f5ce              sd                      s3,232(sp)
0x0002a322:  00f309b3          add                     s3,t1,a5
0x0002a326:  57fd              addi                    a5,zero,-1
0x0002a328:  9381              srli                    a5,a5,32
0x0002a32a:  edd6              sd                      s5,216(sp)
0x0002a32c:  f96a              sd                      s10,176(sp)
0x0002a32e:  f5943023          sd                      s9,-192(s0)
0x0002a332:  f3743823          sd                      s7,-208(s0)
0x0002a336:  f4f43423          sd                      a5,-184(s0)
0x0002a33a:  8bce              mv                      s7,s3
0x0002a33c:  f8440a93          addi                    s5,s0,-124
0x0002a340:  f8840d13          addi                    s10,s0,-120
0x0002a344:  f3f43c23          sd                      t6,-200(s0)
0x0002a348:  8c96              mv                      s9,t0
0x0002a34a:  89c6              mv                      s3,a7
0x0002a34c:  01e43c23          sd                      t5,24(s0)
0x0002a350:  f2e43423          sd                      a4,-216(s0)
0x0002a354:  f3d43023          sd                      t4,-224(s0)
0x0002a358:  f1c43c23          sd                      t3,-232(s0)
0x0002a35c:  a029              j                       10                      # 0x2a366

----------------
IN: do_lookup_x
0x0002a366:  000ba783          lw                      a5,0(s7)
0x0002a36a:  0197c733          xor                     a4,a5,s9
0x0002a36e:  0017571b          srliw                   a4,a4,1
0x0002a372:  f775              bnez                    a4,-20                  # 0x2a35e

----------------
IN: do_lookup_x
0x0002a35e:  8b85              andi                    a5,a5,1
0x0002a360:  0b91              addi                    s7,s7,4
0x0002a362:  34079c63          bnez                    a5,856                  # 0x2a6ba

----------------
IN: do_lookup_x
0x0002a374:  3284b803          ld                      a6,808(s1)
0x0002a378:  f4843783          ld                      a5,-184(s0)
0x0002a37c:  f6843683          ld                      a3,-152(s0)
0x0002a380:  410b8833          sub                     a6,s7,a6
0x0002a384:  40285813          srai                    a6,a6,2
0x0002a388:  00f87733          and                     a4,a6,a5
0x0002a38c:  00171793          slli                    a5,a4,1
0x0002a390:  97ba              add                     a5,a5,a4
0x0002a392:  f6043603          ld                      a2,-160(s0)
0x0002a396:  f7043703          ld                      a4,-144(s0)
0x0002a39a:  f7843583          ld                      a1,-136(s0)
0x0002a39e:  078e              slli                    a5,a5,3
0x0002a3a0:  88ce              mv                      a7,s3
0x0002a3a2:  e856              sd                      s5,16(sp)
0x0002a3a4:  e46a              sd                      s10,8(sp)
0x0002a3a6:  e026              sd                      s1,0(sp)
0x0002a3a8:  2801              sext.w                  a6,a6
0x0002a3aa:  97da              add                     a5,a5,s6
0x0002a3ac:  854a              mv                      a0,s2
0x0002a3ae:  b1fff0ef          jal                     ra,-1250                # 0x29ecc

----------------
IN: check_match
0x00029ecc:  7139              addi                    sp,sp,-64
0x00029ece:  f822              sd                      s0,48(sp)
0x00029ed0:  f426              sd                      s1,40(sp)
0x00029ed2:  f04a              sd                      s2,32(sp)
0x00029ed4:  ec4e              sd                      s3,24(sp)
0x00029ed6:  e852              sd                      s4,16(sp)
0x00029ed8:  e456              sd                      s5,8(sp)
0x00029eda:  fc06              sd                      ra,56(sp)
0x00029edc:  0080              addi                    s0,sp,64
0x00029ede:  0047c303          lbu                     t1,4(a5)
0x00029ee2:  0087be83          ld                      t4,8(a5)
0x00029ee6:  8ab6              mv                      s5,a3
0x00029ee8:  00f37693          andi                    a3,t1,15
0x00029eec:  84be              mv                      s1,a5
0x00029eee:  00043903          ld                      s2,0(s0)
0x00029ef2:  0067d783          lhu                     a5,6(a5)
0x00029ef6:  8e2e              mv                      t3,a1
0x00029ef8:  8a32              mv                      s4,a2
0x00029efa:  89c2              mv                      s3,a6
0x00029efc:  8336              mv                      t1,a3
0x00029efe:  0e0e8563          beqz                    t4,234                  # 0x29fe8

----------------
IN: check_match
0x00029f02:  0017b793          seqz                    a5,a5
0x00029f06:  8f7d              and                     a4,a4,a5
0x00029f08:  e779              bnez                    a4,206                  # 0x29fd6

----------------
IN: check_match
0x00029f0a:  b9800793          addi                    a5,zero,-1128
0x00029f0e:  4067d7bb          sraw                    a5,a5,t1
0x00029f12:  8b85              andi                    a5,a5,1
0x00029f14:  e3e9              bnez                    a5,194                  # 0x29fd6

----------------
IN: check_match
0x00029f16:  01c48a63          beq                     s1,t3,20                # 0x29f2a

----------------
IN: check_match
0x00029f1a:  0004e783          lwu                     a5,0(s1)
0x00029f1e:  85aa              mv                      a1,a0
0x00029f20:  00f88533          add                     a0,a7,a5
0x00029f24:  8bffa0ef          jal                     ra,-22338               # 0x247e2

----------------
IN: strcmp
0x000247e2:  1141              addi                    sp,sp,-16
0x000247e4:  e422              sd                      s0,8(sp)
0x000247e6:  40a006b3          neg                     a3,a0
0x000247ea:  0800              addi                    s0,sp,16
0x000247ec:  8a9d              andi                    a3,a3,7
0x000247ee:  87aa              mv                      a5,a0
0x000247f0:  c295              beqz                    a3,36                   # 0x24814

----------------
IN: strcmp
0x000247f2:  96aa              add                     a3,a3,a0
0x000247f4:  a021              j                       8                       # 0x247fc

----------------
IN: strcmp
0x000247fc:  0007c703          lbu                     a4,0(a5)
0x00024800:  0005c503          lbu                     a0,0(a1)
0x00024804:  0785              addi                    a5,a5,1
0x00024806:  0585              addi                    a1,a1,1
0x00024808:  40a7053b          subw                    a0,a4,a0
0x0002480c:  f76d              bnez                    a4,-22                  # 0x247f6

----------------
IN: strcmp
0x000247f6:  ed01              bnez                    a0,24                   # 0x2480e

----------------
IN: strcmp
0x000247f8:  00d78f63          beq                     a5,a3,30                # 0x24816

----------------
IN: strcmp
0x00024816:  0075f613          andi                    a2,a1,7
0x0002481a:  629c              ld                      a5,0(a3)
0x0002481c:  06a1              addi                    a3,a3,8
0x0002481e:  ee79              bnez                    a2,222                  # 0x248fc

----------------
IN: strcmp
0x000248fc:  99e1              andi                    a1,a1,-8
0x000248fe:  feff0e37          lui                     t3,-4112
0x00024902:  6188              ld                      a0,0(a1)
0x00024904:  effe0e13          addi                    t3,t3,-257
0x00024908:  f0101337          lui                     t1,-65279
0x0002490c:  00361713          slli                    a4,a2,3
0x00024910:  0e42              slli                    t3,t3,16
0x00024912:  0312              slli                    t1,t1,4
0x00024914:  04000e93          addi                    t4,zero,64
0x00024918:  40ee8eb3          sub                     t4,t4,a4
0x0002491c:  effe0e13          addi                    t3,t3,-257
0x00024920:  10130313          addi                    t1,t1,257
0x00024924:  587d              addi                    a6,zero,-1
0x00024926:  00e55533          srl                     a0,a0,a4
0x0002492a:  01d81833          sll                     a6,a6,t4
0x0002492e:  0e42              slli                    t3,t3,16
0x00024930:  0342              slli                    t1,t1,16
0x00024932:  00a86833          or                      a6,a6,a0
0x00024936:  effe0e13          addi                    t3,t3,-257
0x0002493a:  10130313          addi                    t1,t1,257
0x0002493e:  88ba              mv                      a7,a4
0x00024940:  01c80633          add                     a2,a6,t3
0x00024944:  fff84713          not                     a4,a6
0x00024948:  033e              slli                    t1,t1,15
0x0002494a:  8e79              and                     a2,a2,a4
0x0002494c:  08030313          addi                    t1,t1,128
0x00024950:  00667633          and                     a2,a2,t1
0x00024954:  ee21              bnez                    a2,88                   # 0x249ac

----------------
IN: strcmp
0x00024956:  0085b803          ld                      a6,8(a1)
0x0002495a:  01058713          addi                    a4,a1,16
0x0002495e:  01d81633          sll                     a2,a6,t4
0x00024962:  8e49              or                      a2,a2,a0
0x00024964:  00c78c63          beq                     a5,a2,24                # 0x2497c

----------------
IN: strcmp
0x0002497c:  fff84593          not                     a1,a6
0x00024980:  01c80633          add                     a2,a6,t3
0x00024984:  8e6d              and                     a2,a2,a1
0x00024986:  00667633          and                     a2,a2,t1
0x0002498a:  0721              addi                    a4,a4,8
0x0002498c:  011855b3          srl                     a1,a6,a7
0x00024990:  de69              beqz                    a2,-38                  # 0x2496a

----------------
IN: strcmp
0x0002496a:  ff873803          ld                      a6,-8(a4)
0x0002496e:  629c              ld                      a5,0(a3)
0x00024970:  06a1              addi                    a3,a3,8
0x00024972:  01d81633          sll                     a2,a6,t4
0x00024976:  8e4d              or                      a2,a2,a1
0x00024978:  f0f613e3          bne                     a2,a5,-250              # 0x2487e

----------------
IN: strcmp
0x00024992:  01c78733          add                     a4,a5,t3
0x00024996:  fff7c793          not                     a5,a5
0x0002499a:  8ff9              and                     a5,a5,a4
0x0002499c:  0067f7b3          and                     a5,a5,t1
0x000249a0:  4501              mv                      a0,zero
0x000249a2:  e60796e3          bnez                    a5,-404                 # 0x2480e

----------------
IN: strcmp
0x000249a6:  629c              ld                      a5,0(a3)
0x000249a8:  01185833          srl                     a6,a6,a7
0x000249ac:  0feff737          lui                     a4,65279
0x000249b0:  0712              slli                    a4,a4,4
0x000249b2:  eff70713          addi                    a4,a4,-257
0x000249b6:  0742              slli                    a4,a4,16
0x000249b8:  eff70713          addi                    a4,a4,-257
0x000249bc:  073e              slli                    a4,a4,15
0x000249be:  f7f70713          addi                    a4,a4,-129
0x000249c2:  0107c5b3          xor                     a1,a5,a6
0x000249c6:  00e7f6b3          and                     a3,a5,a4
0x000249ca:  96ba              add                     a3,a3,a4
0x000249cc:  00e5f633          and                     a2,a1,a4
0x000249d0:  8edd              or                      a3,a3,a5
0x000249d2:  963a              add                     a2,a2,a4
0x000249d4:  fff6c713          not                     a4,a3
0x000249d8:  00b666b3          or                      a3,a2,a1
0x000249dc:  8f55              or                      a4,a4,a3
0x000249de:  08077693          andi                    a3,a4,128
0x000249e2:  ee85              bnez                    a3,56                   # 0x24a1a

----------------
IN: strcmp
0x000249e4:  03071693          slli                    a3,a4,48
0x000249e8:  0406c463          bltz                    a3,72                   # 0x24a30

----------------
IN: strcmp
0x00024a30:  83a1              srli                    a5,a5,8
0x00024a32:  00885813          srli                    a6,a6,8
0x00024a36:  b7d5              j                       -28                     # 0x24a1a

----------------
IN: strcmp
0x00024a1a:  6422              ld                      s0,8(sp)
0x00024a1c:  0ff7f793          andi                    a5,a5,255
0x00024a20:  0ff87813          andi                    a6,a6,255
0x00024a24:  4107853b          subw                    a0,a5,a6
0x00024a28:  0141              addi                    sp,sp,16
0x00024a2a:  8082              ret                     

----------------
IN: check_match
0x00029f28:  e55d              bnez                    a0,174                  # 0x29fd6

----------------
IN: check_match
0x00029f2a:  35893783          ld                      a5,856(s2)
0x00029f2e:  060a0163          beqz                    s4,98                   # 0x29f90

----------------
IN: check_match
0x00029f32:  cbf1              beqz                    a5,212                  # 0x2a006

----------------
IN: check_match
0x0002a006:  010a3503          ld                      a0,16(s4)
0x0002a00a:  d92d              beqz                    a0,-142                 # 0x29f7c

----------------
IN: check_match
0x00029f7c:  8526              mv                      a0,s1
0x00029f7e:  70e2              ld                      ra,56(sp)
0x00029f80:  7442              ld                      s0,48(sp)
0x00029f82:  74a2              ld                      s1,40(sp)
0x00029f84:  7902              ld                      s2,32(sp)
0x00029f86:  69e2              ld                      s3,24(sp)
0x00029f88:  6a42              ld                      s4,16(sp)
0x00029f8a:  6aa2              ld                      s5,8(sp)
0x00029f8c:  6121              addi                    sp,sp,64
0x00029f8e:  8082              ret                     

----------------
IN: do_lookup_x
0x0002a3b2:  50051a63          bnez                    a0,1300                 # 0x2a8c6

----------------
IN: do_lookup_x
0x0002a8c6:  82e6              mv                      t0,s9
0x0002a8c8:  f3843f83          ld                      t6,-200(s0)
0x0002a8cc:  f4043c83          ld                      s9,-192(s0)
0x0002a8d0:  f3043b83          ld                      s7,-208(s0)
0x0002a8d4:  01843f03          ld                      t5,24(s0)
0x0002a8d8:  f2843703          ld                      a4,-216(s0)
0x0002a8dc:  f2043e83          ld                      t4,-224(s0)
0x0002a8e0:  f1843e03          ld                      t3,-232(s0)
0x0002a8e4:  87aa              mv                      a5,a0
0x0002a8e6:  88ce              mv                      a7,s3
0x0002a8e8:  baad              j                       -1670                   # 0x2a262

----------------
IN: do_lookup_x
0x0002a262:  0057c683          lbu                     a3,5(a5)
0x0002a266:  8a8d              andi                    a3,a3,3
0x0002a268:  fff6861b          addiw                   a2,a3,-1
0x0002a26c:  06cc7f63          bleu                    a2,s8,126               # 0x2a2ea

----------------
IN: do_lookup_x
0x0002a270:  460d              addi                    a2,zero,3
0x0002a272:  14c68563          beq                     a3,a2,330               # 0x2a3bc

----------------
IN: do_lookup_x
0x0002a276:  0047c683          lbu                     a3,4(a5)
0x0002a27a:  4609              addi                    a2,zero,2
0x0002a27c:  8291              srli                    a3,a3,4
0x0002a27e:  1ac68f63          beq                     a3,a2,446               # 0x2a43c

----------------
IN: do_lookup_x
0x0002a282:  4629              addi                    a2,zero,10
0x0002a284:  1ec68063          beq                     a3,a2,480               # 0x2a464

----------------
IN: do_lookup_x
0x0002a288:  4605              addi                    a2,zero,1
0x0002a28a:  06c69063          bne                     a3,a2,96                # 0x2a2ea

----------------
IN: do_lookup_x
0x0002a28e:  f5843703          ld                      a4,-168(s0)
0x0002a292:  e31c              sd                      a5,0(a4)
0x0002a294:  e704              sd                      s1,8(a4)
0x0002a296:  79ae              ld                      s3,232(sp)
0x0002a298:  6aee              ld                      s5,216(sp)
0x0002a29a:  7d4a              ld                      s10,176(sp)
0x0002a29c:  4505              addi                    a0,zero,1
0x0002a29e:  60b2              ld                      ra,264(sp)
0x0002a2a0:  6412              ld                      s0,256(sp)
0x0002a2a2:  74ee              ld                      s1,248(sp)
0x0002a2a4:  794e              ld                      s2,240(sp)
0x0002a2a6:  7a0e              ld                      s4,224(sp)
0x0002a2a8:  6b4e              ld                      s6,208(sp)
0x0002a2aa:  6bae              ld                      s7,200(sp)
0x0002a2ac:  6c0e              ld                      s8,192(sp)
0x0002a2ae:  7cea              ld                      s9,184(sp)
0x0002a2b0:  7daa              ld                      s11,168(sp)
0x0002a2b2:  6151              addi                    sp,sp,272
0x0002a2b4:  8082              ret                     

----------------
IN: _dl_lookup_symbol_x
0x0002aa4e:  dd71              beqz                    a0,-36                  # 0x2aa2a

----------------
IN: _dl_lookup_symbol_x
0x0002aa50:  00093683          ld                      a3,0(s2)
0x0002aa54:  f6843783          ld                      a5,-152(s0)
0x0002aa58:  8736              mv                      a4,a3
0x0002aa5a:  28078f63          beqz                    a5,670                  # 0x2acf8

----------------
IN: _dl_lookup_symbol_x
0x0002aa5e:  c699              beqz                    a3,14                   # 0x2aa6c

----------------
IN: _dl_lookup_symbol_x
0x0002aa60:  0056c783          lbu                     a5,5(a3)
0x0002aa64:  470d              addi                    a4,zero,3
0x0002aa66:  8b8d              andi                    a5,a5,3
0x0002aa68:  04e78c63          beq                     a5,a4,88                # 0x2aac0

----------------
IN: _dl_lookup_symbol_x
0x0002aa6c:  f7043d83          ld                      s11,-144(s0)
0x0002aa70:  4c01              mv                      s8,zero
0x0002aa72:  334dd783          lhu                     a5,820(s11)
0x0002aa76:  4709              addi                    a4,zero,2
0x0002aa78:  8b8d              andi                    a5,a5,3
0x0002aa7a:  0ce78163          beq                     a5,a4,194               # 0x2ab3c

----------------
IN: _dl_lookup_symbol_x
0x0002aa7e:  00058997          auipc                   s3,88                   # 0x82a7e
0x0002aa82:  21a9b983          ld                      s3,538(s3)
0x0002aa86:  3ecda783          lw                      a5,1004(s11)
0x0002aa8a:  1c078563          beqz                    a5,458                  # 0x2ac54

----------------
IN: _dl_lookup_symbol_x
0x0002aa8e:  0009a783          lw                      a5,0(s3)
0x0002aa92:  8b91              andi                    a5,a5,4
0x0002aa94:  14079463          bnez                    a5,328                  # 0x2abdc

----------------
IN: _dl_lookup_symbol_x
0x0002aa98:  f6843783          ld                      a5,-152(s0)
0x0002aa9c:  7c0a              ld                      s8,160(sp)
0x0002aa9e:  6cea              ld                      s9,152(sp)
0x0002aaa0:  70ae              ld                      ra,232(sp)
0x0002aaa2:  740e              ld                      s0,224(sp)
0x0002aaa4:  00f93023          sd                      a5,0(s2)
0x0002aaa8:  64ee              ld                      s1,216(sp)
0x0002aaaa:  694e              ld                      s2,208(sp)
0x0002aaac:  69ae              ld                      s3,200(sp)
0x0002aaae:  6a0e              ld                      s4,192(sp)
0x0002aab0:  7aea              ld                      s5,184(sp)
0x0002aab2:  7b4a              ld                      s6,176(sp)
0x0002aab4:  7baa              ld                      s7,168(sp)
0x0002aab6:  6d4a              ld                      s10,144(sp)
0x0002aab8:  856e              mv                      a0,s11
0x0002aaba:  6daa              ld                      s11,136(sp)
0x0002aabc:  616d              addi                    sp,sp,240
0x0002aabe:  8082              ret                     

----------------
IN: _dl_non_dynamic_init
0x0001980e:  f9043703          ld                      a4,-112(s0)
0x00019812:  36070b63          beqz                    a4,886                  # 0x19b88

----------------
IN: _dl_non_dynamic_init
0x00019816:  00675683          lhu                     a3,6(a4)
0x0001981a:  67c1              lui                     a5,16
0x0001981c:  17c5              addi                    a5,a5,-15
0x0001981e:  38f68563          beq                     a3,a5,906               # 0x19ba8

----------------
IN: _dl_non_dynamic_init
0x00019822:  4781              mv                      a5,zero
0x00019824:  c111              beqz                    a0,4                    # 0x19828

----------------
IN: _dl_non_dynamic_init
0x00019826:  611c              ld                      a5,0(a0)
0x00019828:  6718              ld                      a4,8(a4)
0x0001982a:  058b3583          ld                      a1,88(s6)
0x0001982e:  97ba              add                     a5,a5,a4
0x00019830:  00068497          auipc                   s1,104                  # 0x81830
0x00019834:  4e048493          addi                    s1,s1,1248
0x00019838:  e49c              sd                      a5,8(s1)
0x0001983a:  36058d63          beqz                    a1,890                  # 0x19bb4

----------------
IN: _dl_non_dynamic_init
0x0001983e:  f8043c23          sd                      zero,-104(s0)
0x00019842:  00066717          auipc                   a4,102                  # 0x7f842
0x00019846:  b7670713          addi                    a4,a4,-1162
0x0001984a:  02000313          addi                    t1,zero,32
0x0001984e:  4881              mv                      a7,zero
0x00019850:  4801              mv                      a6,zero
0x00019852:  4781              mv                      a5,zero
0x00019854:  3a858693          addi                    a3,a1,936
0x00019858:  8662              mv                      a2,s8
0x0001985a:  0003c517          auipc                   a0,60                   # 0x5585a
0x0001985e:  84e50513          addi                    a0,a0,-1970
0x00019862:  fa043023          sd                      zero,-96(s0)
0x00019866:  fa043423          sd                      zero,-88(s0)
0x0001986a:  f8640e23          sb                      t1,-100(s0)
0x0001986e:  f9743823          sd                      s7,-112(s0)
0x00019872:  102110ef          jal                     ra,69890                # 0x2a974

----------------
IN: _dl_lookup_symbol_x
0x0002ab2e:  01a7073b          addw                    a4,a4,s10
0x0002ab32:  005d159b          slliw                   a1,s10,5
0x0002ab36:  00b70d3b          addw                    s10,a4,a1
0x0002ab3a:  b575              j                       -340                    # 0x2a9e6

----------------
IN: strcmp
0x0002487e:  0feff737          lui                     a4,65279
0x00024882:  0712              slli                    a4,a4,4
0x00024884:  eff70713          addi                    a4,a4,-257
0x00024888:  0742              slli                    a4,a4,16
0x0002488a:  eff70713          addi                    a4,a4,-257
0x0002488e:  073e              slli                    a4,a4,15
0x00024890:  f7f70713          addi                    a4,a4,-129
0x00024894:  00f64533          xor                     a0,a2,a5
0x00024898:  00e7f6b3          and                     a3,a5,a4
0x0002489c:  96ba              add                     a3,a3,a4
0x0002489e:  00e575b3          and                     a1,a0,a4
0x000248a2:  8edd              or                      a3,a3,a5
0x000248a4:  95ba              add                     a1,a1,a4
0x000248a6:  fff6c713          not                     a4,a3
0x000248aa:  00a5e6b3          or                      a3,a1,a0
0x000248ae:  8f55              or                      a4,a4,a3
0x000248b0:  08077693          andi                    a3,a4,128
0x000248b4:  ea9d              bnez                    a3,54                   # 0x248ea

----------------
IN: strcmp
0x000248b6:  03071693          slli                    a3,a4,48
0x000248ba:  1806c263          bltz                    a3,388                  # 0x24a3e

----------------
IN: strcmp
0x000248be:  02871693          slli                    a3,a4,40
0x000248c2:  1606cb63          bltz                    a3,374                  # 0x24a38

----------------
IN: strcmp
0x000248c6:  02071693          slli                    a3,a4,32
0x000248ca:  1806c163          bltz                    a3,386                  # 0x24a4c

----------------
IN: strcmp
0x000248ce:  01871693          slli                    a3,a4,24
0x000248d2:  1806c763          bltz                    a3,398                  # 0x24a60

----------------
IN: strcmp
0x00024a60:  9381              srli                    a5,a5,32
0x00024a62:  9201              srli                    a2,a2,32
0x00024a64:  b559              j                       -378                    # 0x248ea

----------------
IN: strcmp
0x000248ea:  6422              ld                      s0,8(sp)
0x000248ec:  0ff7f793          andi                    a5,a5,255
0x000248f0:  0ff67613          andi                    a2,a2,255
0x000248f4:  40c7853b          subw                    a0,a5,a2
0x000248f8:  0141              addi                    sp,sp,16
0x000248fa:  8082              ret                     

----------------
IN: _dl_non_dynamic_init
0x00019876:  f9043703          ld                      a4,-112(s0)
0x0001987a:  30070b63          beqz                    a4,790                  # 0x19b90

----------------
IN: _dl_non_dynamic_init
0x0001987e:  00675683          lhu                     a3,6(a4)
0x00019882:  67c1              lui                     a5,16
0x00019884:  17c5              addi                    a5,a5,-15
0x00019886:  32f68363          beq                     a3,a5,806               # 0x19bac

----------------
IN: _dl_non_dynamic_init
0x0001988a:  4781              mv                      a5,zero
0x0001988c:  c111              beqz                    a0,4                    # 0x19890

----------------
IN: _dl_non_dynamic_init
0x0001988e:  611c              ld                      a5,0(a0)
0x00019890:  6718              ld                      a4,8(a4)
0x00019892:  058b3583          ld                      a1,88(s6)
0x00019896:  97ba              add                     a5,a5,a4
0x00019898:  e89c              sd                      a5,16(s1)
0x0001989a:  3a058d63          beqz                    a1,954                  # 0x19c54

----------------
IN: _dl_non_dynamic_init
0x0001989e:  f8043c23          sd                      zero,-104(s0)
0x000198a2:  00066717          auipc                   a4,102                  # 0x7f8a2
0x000198a6:  b1670713          addi                    a4,a4,-1258
0x000198aa:  02000313          addi                    t1,zero,32
0x000198ae:  4881              mv                      a7,zero
0x000198b0:  4801              mv                      a6,zero
0x000198b2:  4781              mv                      a5,zero
0x000198b4:  3a858693          addi                    a3,a1,936
0x000198b8:  8662              mv                      a2,s8
0x000198ba:  0003c517          auipc                   a0,60                   # 0x558ba
0x000198be:  80650513          addi                    a0,a0,-2042
0x000198c2:  fa043023          sd                      zero,-96(s0)
0x000198c6:  fa043423          sd                      zero,-88(s0)
0x000198ca:  f8640e23          sb                      t1,-100(s0)
0x000198ce:  f9743823          sd                      s7,-112(s0)
0x000198d2:  0a2110ef          jal                     ra,69794                # 0x2a974

----------------
IN: strcmp
0x000249ec:  02871693          slli                    a3,a4,40
0x000249f0:  0406ca63          bltz                    a3,84                   # 0x24a44

----------------
IN: strcmp
0x000249f4:  02071693          slli                    a3,a4,32
0x000249f8:  0406cd63          bltz                    a3,90                   # 0x24a52

----------------
IN: strcmp
0x00024a52:  83e1              srli                    a5,a5,24
0x00024a54:  01885813          srli                    a6,a6,24
0x00024a58:  b7c9              j                       -62                     # 0x24a1a

----------------
IN: _dl_non_dynamic_init
0x000198d6:  f9043703          ld                      a4,-112(s0)
0x000198da:  2a070f63          beqz                    a4,702                  # 0x19b98

----------------
IN: _dl_non_dynamic_init
0x000198de:  00675683          lhu                     a3,6(a4)
0x000198e2:  67c1              lui                     a5,16
0x000198e4:  17c5              addi                    a5,a5,-15
0x000198e6:  2cf68563          beq                     a3,a5,714               # 0x19bb0

----------------
IN: _dl_non_dynamic_init
0x000198ea:  4781              mv                      a5,zero
0x000198ec:  c111              beqz                    a0,4                    # 0x198f0

----------------
IN: _dl_non_dynamic_init
0x000198ee:  611c              ld                      a5,0(a0)
0x000198f0:  6718              ld                      a4,8(a4)
0x000198f2:  058b3583          ld                      a1,88(s6)
0x000198f6:  97ba              add                     a5,a5,a4
0x000198f8:  ec9c              sd                      a5,24(s1)
0x000198fa:  24058f63          beqz                    a1,606                  # 0x19b58

----------------
IN: _dl_non_dynamic_init
0x000198fe:  f8043c23          sd                      zero,-104(s0)
0x00019902:  00066717          auipc                   a4,102                  # 0x7f902
0x00019906:  ab670713          addi                    a4,a4,-1354
0x0001990a:  02000313          addi                    t1,zero,32
0x0001990e:  4881              mv                      a7,zero
0x00019910:  4801              mv                      a6,zero
0x00019912:  4781              mv                      a5,zero
0x00019914:  3a858693          addi                    a3,a1,936
0x00019918:  8662              mv                      a2,s8
0x0001991a:  0003b517          auipc                   a0,59                   # 0x5491a
0x0001991e:  7b650513          addi                    a0,a0,1974
0x00019922:  fa043023          sd                      zero,-96(s0)
0x00019926:  fa043423          sd                      zero,-88(s0)
0x0001992a:  f8640e23          sb                      t1,-100(s0)
0x0001992e:  f9743823          sd                      s7,-112(s0)
0x00019932:  042110ef          jal                     ra,69698                # 0x2a974

----------------
IN: strcmp
0x000248d6:  01071693          slli                    a3,a4,16
0x000248da:  1806ce63          bltz                    a3,412                  # 0x24a76

----------------
IN: strcmp
0x00024a76:  93a1              srli                    a5,a5,40
0x00024a78:  9221              srli                    a2,a2,40
0x00024a7a:  bd85              j                       -400                    # 0x248ea

----------------
IN: _dl_non_dynamic_init
0x00019936:  f9043703          ld                      a4,-112(s0)
0x0001993a:  20070f63          beqz                    a4,542                  # 0x19b58

----------------
IN: _dl_non_dynamic_init
0x0001993e:  00675683          lhu                     a3,6(a4)
0x00019942:  67c1              lui                     a5,16
0x00019944:  17c5              addi                    a5,a5,-15
0x00019946:  24f68f63          beq                     a3,a5,606               # 0x19ba4

----------------
IN: _dl_non_dynamic_init
0x0001994a:  4781              mv                      a5,zero
0x0001994c:  c111              beqz                    a0,4                    # 0x19950

----------------
IN: _dl_non_dynamic_init
0x0001994e:  611c              ld                      a5,0(a0)
0x00019950:  6718              ld                      a4,8(a4)
0x00019952:  7c02              ld                      s8,32(sp)
0x00019954:  97ba              add                     a5,a5,a4
0x00019956:  f09c              sd                      a5,32(s1)
0x00019958:  0006a797          auipc                   a5,106                  # 0x83958
0x0001995c:  6a07a783          lw                      a5,1696(a5)
0x00019960:  14079c63          bnez                    a5,344                  # 0x19ab8

----------------
IN: _dl_non_dynamic_init
0x00019964:  0003b517          auipc                   a0,59                   # 0x54964
0x00019968:  78450513          addi                    a0,a0,1924
0x0001996c:  524000ef          jal                     ra,1316                 # 0x19e90

----------------
IN: getenv
0x00019e90:  7139              addi                    sp,sp,-64
0x00019e92:  f822              sd                      s0,48(sp)
0x00019e94:  f04a              sd                      s2,32(sp)
0x00019e96:  fc06              sd                      ra,56(sp)
0x00019e98:  f426              sd                      s1,40(sp)
0x00019e9a:  0080              addi                    s0,sp,64
0x00019e9c:  00069797          auipc                   a5,105                  # 0x82e9c
0x00019ea0:  e847b783          ld                      a5,-380(a5)
0x00019ea4:  0007b903          ld                      s2,0(a5)
0x00019ea8:  08090a63          beqz                    s2,148                  # 0x19f3c

----------------
IN: getenv
0x00019eac:  e456              sd                      s5,8(sp)
0x00019eae:  ec4e              sd                      s3,24(sp)
0x00019eb0:  00054983          lbu                     s3,0(a0)
0x00019eb4:  8aaa              mv                      s5,a0
0x00019eb6:  06098963          beqz                    s3,114                  # 0x19f28

----------------
IN: getenv
0x00019eba:  e852              sd                      s4,16(sp)
0x00019ebc:  84efd0ef          jal                     ra,-12210               # 0x16f0a

----------------
IN: strlen
0x00016fd6:  03071793          slli                    a5,a4,48
0x00016fda:  4505              addi                    a0,zero,1
0x00016fdc:  fe07c6e3          bltz                    a5,-20                  # 0x16fc8

----------------
IN: strlen
0x00016fe0:  02871793          slli                    a5,a4,40
0x00016fe4:  4509              addi                    a0,zero,2
0x00016fe6:  fe07c1e3          bltz                    a5,-30                  # 0x16fc8

----------------
IN: strlen
0x00016fea:  02071793          slli                    a5,a4,32
0x00016fee:  450d              addi                    a0,zero,3
0x00016ff0:  fc07cce3          bltz                    a5,-40                  # 0x16fc8

----------------
IN: strlen
0x00016ff4:  01871793          slli                    a5,a4,24
0x00016ff8:  4511              addi                    a0,zero,4
0x00016ffa:  fc07c7e3          bltz                    a5,-50                  # 0x16fc8

----------------
IN: strlen
0x00016ffe:  01071793          slli                    a5,a4,16

----------------
IN: strlen
0x00017002:  4515              addi                    a0,zero,5
0x00017004:  fc07c2e3          bltz                    a5,-60                  # 0x16fc8

----------------
IN: strlen
0x00017008:  4785              addi                    a5,zero,1
0x0001700a:  17de              slli                    a5,a5,55
0x0001700c:  8f7d              and                     a4,a4,a5
0x0001700e:  00173513          seqz                    a0,a4
0x00017012:  0519              addi                    a0,a0,6
0x00017014:  bf55              j                       -76                     # 0x16fc8

----------------
IN: getenv
0x00019ec0:  00093483          ld                      s1,0(s2)
0x00019ec4:  8a2a              mv                      s4,a0
0x00019ec6:  ccad              beqz                    s1,122                  # 0x19f40

----------------
IN: getenv
0x00019ec8:  e05a              sd                      s6,0(sp)
0x00019eca:  03d00b13          addi                    s6,zero,61
0x00019ece:  a029              j                       10                      # 0x19ed8

----------------
IN: getenv
0x00019ed8:  0004c783          lbu                     a5,0(s1)
0x00019edc:  ff379ae3          bne                     a5,s3,-12               # 0x19ed0

----------------
IN: getenv
0x00019ed0:  00893483          ld                      s1,8(s2)
0x00019ed4:  0921              addi                    s2,s2,8
0x00019ed6:  cc95              beqz                    s1,60                   # 0x19f12

----------------
IN: getenv
0x00019ee0:  8652              mv                      a2,s4
0x00019ee2:  85a6              mv                      a1,s1
0x00019ee4:  8556              mv                      a0,s5
0x00019ee6:  39f0a0ef          jal                     ra,43934                # 0x24a84

----------------
IN: strncmp
0x00024a84:  1141              addi                    sp,sp,-16
0x00024a86:  e422              sd                      s0,8(sp)
0x00024a88:  40a00833          neg                     a6,a0
0x00024a8c:  0800              addi                    s0,sp,16
0x00024a8e:  00787813          andi                    a6,a6,7
0x00024a92:  87aa              mv                      a5,a0
0x00024a94:  88b2              mv                      a7,a2
0x00024a96:  01066363          bgtu                    a6,a2,6                 # 0x24a9c

----------------
IN: strncmp
0x00024a9a:  88c2              mv                      a7,a6
0x00024a9c:  02088463          beqz                    a7,40                   # 0x24ac4

----------------
IN: strncmp
0x00024ac4:  86ae              mv                      a3,a1
0x00024ac6:  4501              mv                      a0,zero
0x00024ac8:  fec87be3          bleu                    a2,a6,-10               # 0x24abe

----------------
IN: strncmp
0x00024acc:  0076fe93          andi                    t4,a3,7
0x00024ad0:  638c              ld                      a1,0(a5)
0x00024ad2:  41160633          sub                     a2,a2,a7
0x00024ad6:  07a1              addi                    a5,a5,8
0x00024ad8:  120e8c63          beqz                    t4,312                  # 0x24c10

----------------
IN: strncmp
0x00024adc:  9ae1              andi                    a3,a3,-8
0x00024ade:  feff0337          lui                     t1,-4112
0x00024ae2:  0006be03          ld                      t3,0(a3)
0x00024ae6:  eff30313          addi                    t1,t1,-257
0x00024aea:  f0101537          lui                     a0,-65279
0x00024aee:  003e9713          slli                    a4,t4,3
0x00024af2:  0342              slli                    t1,t1,16
0x00024af4:  0512              slli                    a0,a0,4
0x00024af6:  04000f13          addi                    t5,zero,64
0x00024afa:  40ef0f33          sub                     t5,t5,a4
0x00024afe:  eff30313          addi                    t1,t1,-257
0x00024b02:  10150513          addi                    a0,a0,257
0x00024b06:  587d              addi                    a6,zero,-1
0x00024b08:  00ee5e33          srl                     t3,t3,a4
0x00024b0c:  01e81833          sll                     a6,a6,t5
0x00024b10:  0342              slli                    t1,t1,16
0x00024b12:  0542              slli                    a0,a0,16
0x00024b14:  01c86833          or                      a6,a6,t3
0x00024b18:  eff30313          addi                    t1,t1,-257
0x00024b1c:  10150513          addi                    a0,a0,257
0x00024b20:  8fba              mv                      t6,a4
0x00024b22:  fff84893          not                     a7,a6
0x00024b26:  00680733          add                     a4,a6,t1
0x00024b2a:  053e              slli                    a0,a0,15
0x00024b2c:  01177733          and                     a4,a4,a7
0x00024b30:  08050513          addi                    a0,a0,128
0x00024b34:  8f69              and                     a4,a4,a0
0x00024b36:  1c071e63          bnez                    a4,476                  # 0x24d12

----------------
IN: strncmp
0x00024b3a:  42a1              addi                    t0,zero,8
0x00024b3c:  41d288b3          sub                     a7,t0,t4
0x00024b40:  1cc8f963          bleu                    a2,a7,466               # 0x24d12

----------------
IN: strncmp
0x00024b44:  0086b803          ld                      a6,8(a3)
0x00024b48:  01068713          addi                    a4,a3,16
0x00024b4c:  01e816b3          sll                     a3,a6,t5
0x00024b50:  01c6e6b3          or                      a3,a3,t3
0x00024b54:  24c2fd63          bleu                    a2,t0,602               # 0x24dae

----------------
IN: strncmp
0x00024dae:  0feff7b7          lui                     a5,65279
0x00024db2:  0792              slli                    a5,a5,4
0x00024db4:  eff78793          addi                    a5,a5,-257
0x00024db8:  07c2              slli                    a5,a5,16
0x00024dba:  eff78793          addi                    a5,a5,-257
0x00024dbe:  07be              slli                    a5,a5,15
0x00024dc0:  f7f78793          addi                    a5,a5,-129
0x00024dc4:  00b6c833          xor                     a6,a3,a1
0x00024dc8:  00f5f733          and                     a4,a1,a5
0x00024dcc:  973e              add                     a4,a4,a5
0x00024dce:  00f87533          and                     a0,a6,a5
0x00024dd2:  8f4d              or                      a4,a4,a1
0x00024dd4:  953e              add                     a0,a0,a5
0x00024dd6:  fff74793          not                     a5,a4
0x00024dda:  01056733          or                      a4,a0,a6
0x00024dde:  8fd9              or                      a5,a5,a4
0x00024de0:  0807f713          andi                    a4,a5,128
0x00024de4:  e339              bnez                    a4,70                   # 0x24e2a

----------------
IN: strncmp
0x00024de6:  03079713          slli                    a4,a5,48
0x00024dea:  0a074563          bltz                    a4,170                  # 0x24e94

----------------
IN: strncmp
0x00024e94:  81a1              srli                    a1,a1,8
0x00024e96:  82a1              srli                    a3,a3,8
0x00024e98:  bf49              j                       -110                    # 0x24e2a

----------------
IN: strncmp
0x00024e2a:  0ff5f513          andi                    a0,a1,255
0x00024e2e:  0ff6f693          andi                    a3,a3,255
0x00024e32:  9d15              subw                    a0,a0,a3
0x00024e34:  b169              j                       -886                    # 0x24abe

----------------
IN: strncmp
0x00024abe:  6422              ld                      s0,8(sp)
0x00024ac0:  0141              addi                    sp,sp,16
0x00024ac2:  8082              ret                     

----------------
IN: getenv
0x00019eea:  014487b3          add                     a5,s1,s4
0x00019eee:  f16d              bnez                    a0,-30                  # 0x19ed0

----------------
IN: getenv
0x00019f12:  69e2              ld                      s3,24(sp)
0x00019f14:  6a42              ld                      s4,16(sp)
0x00019f16:  6aa2              ld                      s5,8(sp)
0x00019f18:  6b02              ld                      s6,0(sp)
0x00019f1a:  70e2              ld                      ra,56(sp)
0x00019f1c:  7442              ld                      s0,48(sp)
0x00019f1e:  7902              ld                      s2,32(sp)
0x00019f20:  8526              mv                      a0,s1
0x00019f22:  74a2              ld                      s1,40(sp)
0x00019f24:  6121              addi                    sp,sp,64
0x00019f26:  8082              ret                     

----------------
IN: _dl_non_dynamic_init
0x00019970:  4781              mv                      a5,zero
0x00019972:  c509              beqz                    a0,10                   # 0x1997c

----------------
IN: _dl_non_dynamic_init
0x0001997c:  0003b517          auipc                   a0,59                   # 0x5497c
0x00019980:  77450513          addi                    a0,a0,1908
0x00019984:  06fb2023          sw                      a5,96(s6)
0x00019988:  508000ef          jal                     ra,1288                 # 0x19e90

----------------
IN: strlen
0x00016f48:  f0101637          lui                     a2,-65279
0x00016f4c:  feff05b7          lui                     a1,-4112
0x00016f50:  0612              slli                    a2,a2,4
0x00016f52:  eff58593          addi                    a1,a1,-257
0x00016f56:  10160613          addi                    a2,a2,257
0x00016f5a:  05c2              slli                    a1,a1,16
0x00016f5c:  0642              slli                    a2,a2,16
0x00016f5e:  eff58593          addi                    a1,a1,-257
0x00016f62:  10160613          addi                    a2,a2,257
0x00016f66:  05c2              slli                    a1,a1,16
0x00016f68:  063e              slli                    a2,a2,15
0x00016f6a:  eff58593          addi                    a1,a1,-257
0x00016f6e:  08060613          addi                    a2,a2,128
0x00016f72:  6798              ld                      a4,8(a5)
0x00016f74:  883e              mv                      a6,a5
0x00016f76:  07a1              addi                    a5,a5,8
0x00016f78:  00b706b3          add                     a3,a4,a1
0x00016f7c:  fff74713          not                     a4,a4
0x00016f80:  8f75              and                     a4,a4,a3
0x00016f82:  00c776b3          and                     a3,a4,a2
0x00016f86:  d6f5              beqz                    a3,-20                  # 0x16f72

----------------
IN: strlen
0x00016f88:  08077693          andi                    a3,a4,128
0x00016f8c:  ee85              bnez                    a3,56                   # 0x16fc4

----------------
IN: strlen
0x00016f8e:  03071793          slli                    a5,a4,48
0x00016f92:  0807c263          bltz                    a5,132                  # 0x17016

----------------
IN: strlen
0x00016f96:  02871793          slli                    a5,a4,40
0x00016f9a:  0807c163          bltz                    a5,130                  # 0x1701c

----------------
IN: strlen
0x00016f9e:  02071793          slli                    a5,a4,32
0x00016fa2:  0807c063          bltz                    a5,128                  # 0x17022

----------------
IN: strlen
0x00016fa6:  01871793          slli                    a5,a4,24
0x00016faa:  0607cf63          bltz                    a5,126                  # 0x17028

----------------
IN: strlen
0x00016fae:  01071793          slli                    a5,a4,16
0x00016fb2:  0607ce63          bltz                    a5,124                  # 0x1702e

----------------
IN: strlen
0x00016fb6:  4785              addi                    a5,zero,1
0x00016fb8:  17de              slli                    a5,a5,55
0x00016fba:  8f7d              and                     a4,a4,a5
0x00016fbc:  00173793          seqz                    a5,a4
0x00016fc0:  97c2              add                     a5,a5,a6
0x00016fc2:  07b9              addi                    a5,a5,14
0x00016fc4:  40a78533          sub                     a0,a5,a0
0x00016fc8:  6422              ld                      s0,8(sp)
0x00016fca:  0141              addi                    sp,sp,16
0x00016fcc:  8082              ret                     

----------------
IN: strncmp
0x00024b58:  24d59b63          bne                     a1,a3,598               # 0x24dae

----------------
IN: _dl_non_dynamic_init
0x0001998c:  4681              mv                      a3,zero
0x0001998e:  4601              mv                      a2,zero
0x00019990:  0003b597          auipc                   a1,59                   # 0x54990
0x00019994:  76058593          addi                    a1,a1,1888
0x00019998:  08d0e0ef          jal                     ra,59532                # 0x28224

----------------
IN: _dl_init_paths
0x00028224:  7179              addi                    sp,sp,-48
0x00028226:  f022              sd                      s0,32(sp)
0x00028228:  e84a              sd                      s2,16(sp)
0x0002822a:  e44e              sd                      s3,8(sp)
0x0002822c:  e052              sd                      s4,0(sp)
0x0002822e:  f406              sd                      ra,40(sp)
0x00028230:  ec26              sd                      s1,24(sp)
0x00028232:  1800              addi                    s0,sp,48
0x00028234:  8a2a              mv                      s4,a0
0x00028236:  02800513          addi                    a0,zero,40
0x0002823a:  892e              mv                      s2,a1
0x0002823c:  0005a997          auipc                   s3,90                   # 0x8223c
0x00028240:  50c98993          addi                    s3,s3,1292
0x00028244:  a76ed0ef          jal                     ra,-77194               # 0x154ba

----------------
IN: __malloc
0x000154d2:  0c09c363          bltz                    s3,198                  # 0x15598

----------------
IN: __malloc
0x000154f4:  0006e717          auipc                   a4,110                  # 0x834f4
0x000154f8:  c3473703          ld                      a4,-972(a4)
0x000154fc:  0ce96a63          bgtu                    a4,s2,212               # 0x155d0

----------------
IN: _dl_init_paths
0x00028248:  00a9b023          sd                      a0,0(s3)
0x0002824c:  20050463          beqz                    a0,520                  # 0x28454

----------------
IN: _dl_init_paths
0x00028250:  84aa              mv                      s1,a0
0x00028252:  14000513          addi                    a0,zero,320
0x00028256:  a64ed0ef          jal                     ra,-77212               # 0x154ba

----------------
IN: _dl_init_paths
0x0002825a:  e088              sd                      a0,0(s1)
0x0002825c:  87aa              mv                      a5,a0
0x0002825e:  1e050263          beqz                    a0,484                  # 0x28442

----------------
IN: _dl_init_paths
0x00028262:  00033697          auipc                   a3,51                   # 0x5b262
0x00028266:  91668693          addi                    a3,a3,-1770
0x0002826a:  0005a717          auipc                   a4,90                   # 0x8226a
0x0002826e:  4e072323          sw                      zero,1254(a4)
0x00028272:  0005b717          auipc                   a4,91                   # 0x83272
0x00028276:  d1e73703          ld                      a4,-738(a4)
0x0002827a:  ed14              sd                      a3,24(a0)
0x0002827c:  0002e897          auipc                   a7,46                   # 0x5627c
0x00028280:  a2488893          addi                    a7,a7,-1500
0x00028284:  46dd              addi                    a3,zero,23
0x00028286:  e308              sd                      a0,0(a4)
0x00028288:  f114              sd                      a3,32(a0)
0x0002828a:  01153423          sd                      a7,8(a0)
0x0002828e:  00053823          sd                      zero,16(a0)
0x00028292:  02052423          sw                      zero,40(a0)
0x00028296:  0f050813          addi                    a6,a0,240
0x0002829a:  00848713          addi                    a4,s1,8
0x0002829e:  00033597          auipc                   a1,51                   # 0x5b29e
0x000282a2:  92258593          addi                    a1,a1,-1758
0x000282a6:  02f00513          addi                    a0,zero,47
0x000282aa:  00033697          auipc                   a3,51                   # 0x5b2aa
0x000282ae:  8e668693          addi                    a3,a3,-1818
0x000282b2:  02f00313          addi                    t1,zero,47
0x000282b6:  6590              ld                      a2,8(a1)
0x000282b8:  05078793          addi                    a5,a5,80
0x000282bc:  e31c              sd                      a5,0(a4)
0x000282be:  faf7b823          sd                      a5,-80(a5)
0x000282c2:  0117b423          sd                      a7,8(a5)
0x000282c6:  0007b823          sd                      zero,16(a5)
0x000282ca:  ef94              sd                      a3,24(a5)
0x000282cc:  f390              sd                      a2,32(a5)
0x000282ce:  0721              addi                    a4,a4,8
0x000282d0:  14651963          bne                     a0,t1,338               # 0x28422

----------------
IN: _dl_init_paths
0x000282d4:  0207a423          sw                      zero,40(a5)
0x000282d8:  00f80863          beq                     a6,a5,16                # 0x282e8

----------------
IN: _dl_init_paths
0x000282dc:  0605              addi                    a2,a2,1
0x000282de:  96b2              add                     a3,a3,a2
0x000282e0:  0006c503          lbu                     a0,0(a3)
0x000282e4:  05a1              addi                    a1,a1,8
0x000282e6:  bfc1              j                       -48                     # 0x282b6

----------------
IN: _dl_init_paths
0x000282b6:  6590              ld                      a2,8(a1)
0x000282b8:  05078793          addi                    a5,a5,80
0x000282bc:  e31c              sd                      a5,0(a4)
0x000282be:  faf7b823          sd                      a5,-80(a5)
0x000282c2:  0117b423          sd                      a7,8(a5)
0x000282c6:  0007b823          sd                      zero,16(a5)
0x000282ca:  ef94              sd                      a3,24(a5)
0x000282cc:  f390              sd                      a2,32(a5)
0x000282ce:  0721              addi                    a4,a4,8
0x000282d0:  14651963          bne                     a0,t1,338               # 0x28422

----------------
IN: _dl_init_paths
0x000282e8:  0005b797          auipc                   a5,91                   # 0x832e8
0x000282ec:  d007b783          ld                      a5,-768(a5)
0x000282f0:  6384              ld                      s1,0(a5)
0x000282f2:  00073023          sd                      zero,0(a4)
0x000282f6:  476d              addi                    a4,zero,27
0x000282f8:  3344d783          lhu                     a5,820(s1)
0x000282fc:  00061697          auipc                   a3,97                   # 0x892fc
0x00028300:  5ae6b623          sd                      a4,1452(a3)
0x00028304:  00083023          sd                      zero,0(a6)
0x00028308:  8b8d              andi                    a5,a5,3
0x0002830a:  4709              addi                    a4,zero,2
0x0002830c:  14e78963          beq                     a5,a4,338               # 0x2845e

----------------
IN: _dl_init_paths
0x00028310:  1284b783          ld                      a5,296(s1)
0x00028314:  c7e9              beqz                    a5,202                  # 0x283de

----------------
IN: _dl_init_paths
0x000283de:  7cdc              ld                      a5,184(s1)
0x000283e0:  577d              addi                    a4,zero,-1
0x000283e2:  3ce4b423          sd                      a4,968(s1)
0x000283e6:  c39d              beqz                    a5,38                   # 0x2840c

----------------
IN: _dl_init_paths
0x0002840c:  34e4b023          sd                      a4,832(s1)
0x00028410:  b73d              j                       -210                    # 0x2833e

----------------
IN: _dl_init_paths
0x0002833e:  000a0563          beqz                    s4,10                   # 0x28348

----------------
IN: _dl_init_paths
0x00028348:  57fd              addi                    a5,zero,-1
0x0002834a:  00f9b823          sd                      a5,16(s3)
0x0002834e:  fd040113          addi                    sp,s0,-48
0x00028352:  70a2              ld                      ra,40(sp)
0x00028354:  7402              ld                      s0,32(sp)
0x00028356:  64e2              ld                      s1,24(sp)
0x00028358:  6942              ld                      s2,16(sp)
0x0002835a:  69a2              ld                      s3,8(sp)
0x0002835c:  6a02              ld                      s4,0(sp)
0x0002835e:  6145              addi                    sp,sp,48
0x00028360:  8082              ret                     

----------------
IN: _dl_non_dynamic_init
0x0001999c:  070b3783          ld                      a5,112(s6)
0x000199a0:  0003b517          auipc                   a0,59                   # 0x549a0
0x000199a4:  76050513          addi                    a0,a0,1888
0x000199a8:  06fb3423          sd                      a5,104(s6)
0x000199ac:  4e4000ef          jal                     ra,1252                 # 0x19e90

----------------
IN: strlen
0x00017022:  00b80793          addi                    a5,a6,11
0x00017026:  bf79              j                       -98                     # 0x16fc4

----------------
IN: strlen
0x00016fc4:  40a78533          sub                     a0,a5,a0
0x00016fc8:  6422              ld                      s0,8(sp)
0x00016fca:  0141              addi                    sp,sp,16
0x00016fcc:  8082              ret                     

----------------
IN: _dl_non_dynamic_init
0x000199b0:  4785              addi                    a5,zero,1
0x000199b2:  c509              beqz                    a0,10                   # 0x199bc

----------------
IN: _dl_non_dynamic_init
0x000199bc:  0003b517          auipc                   a0,59                   # 0x549bc
0x000199c0:  75450513          addi                    a0,a0,1876
0x000199c4:  06fb2c23          sw                      a5,120(s6)
0x000199c8:  4c8000ef          jal                     ra,1224                 # 0x19e90

----------------
IN: _dl_non_dynamic_init
0x000199cc:  4781              mv                      a5,zero
0x000199ce:  c509              beqz                    a0,10                   # 0x199d8

----------------
IN: _dl_non_dynamic_init
0x000199d8:  0003b517          auipc                   a0,59                   # 0x549d8
0x000199dc:  74850513          addi                    a0,a0,1864
0x000199e0:  06fb2e23          sw                      a5,124(s6)
0x000199e4:  4ac000ef          jal                     ra,1196                 # 0x19e90

----------------
IN: _dl_non_dynamic_init
0x000199e8:  4785              addi                    a5,zero,1
0x000199ea:  c509              beqz                    a0,10                   # 0x199f4

----------------
IN: _dl_non_dynamic_init
0x000199f4:  008b3503          ld                      a0,8(s6)
0x000199f8:  08fb2023          sw                      a5,128(s6)
0x000199fc:  c509              beqz                    a0,10                   # 0x19a06

----------------
IN: _dl_non_dynamic_init
0x00019a06:  048b3703          ld                      a4,72(s6)
0x00019a0a:  040b3783          ld                      a5,64(s6)
0x00019a0e:  6474e637          lui                     a2,411470
0x00019a12:  00371693          slli                    a3,a4,3
0x00019a16:  8e99              sub                     a3,a3,a4
0x00019a18:  068e              slli                    a3,a3,3
0x00019a1a:  6474e5b7          lui                     a1,411470
0x00019a1e:  96be              add                     a3,a3,a5
0x00019a20:  4501              mv                      a0,zero
0x00019a22:  4801              mv                      a6,zero
0x00019a24:  55160613          addi                    a2,a2,1361
0x00019a28:  55258593          addi                    a1,a1,1362
0x00019a2c:  04d7f763          bleu                    a3,a5,78                # 0x19a7a

----------------
IN: _dl_non_dynamic_init
0x00019a30:  e0d2              sd                      s4,64(sp)
0x00019a32:  fc56              sd                      s5,56(sp)
0x00019a34:  a821              j                       24                      # 0x19a4c

----------------
IN: _dl_non_dynamic_init
0x00019a4c:  4398              lw                      a4,0(a5)
0x00019a4e:  fec714e3          bne                     a4,a2,-24               # 0x19a36

----------------
IN: _dl_non_dynamic_init
0x00019a36:  00b71763          bne                     a4,a1,14                # 0x19a44

----------------
IN: _dl_non_dynamic_init
0x00019a44:  03878793          addi                    a5,a5,56
0x00019a48:  00d7fc63          bleu                    a3,a5,24                # 0x19a60

----------------
IN: _dl_non_dynamic_init
0x00019a52:  0047a983          lw                      s3,4(a5)
0x00019a56:  03878793          addi                    a5,a5,56
0x00019a5a:  4805              addi                    a6,zero,1
0x00019a5c:  fed7e8e3          bgtu                    a3,a5,-16               # 0x19a4c

----------------
IN: _dl_non_dynamic_init
0x00019a3a:  0107ba03          ld                      s4,16(a5)
0x00019a3e:  0287ba83          ld                      s5,40(a5)
0x00019a42:  4505              addi                    a0,zero,1
0x00019a44:  03878793          addi                    a5,a5,56
0x00019a48:  00d7fc63          bleu                    a3,a5,24                # 0x19a60

----------------
IN: _dl_non_dynamic_init
0x00019a60:  c509              beqz                    a0,10                   # 0x19a6a

----------------
IN: _dl_non_dynamic_init
0x00019a62:  47593823          sd                      s5,1136(s2)
0x00019a66:  47493423          sd                      s4,1128(s2)
0x00019a6a:  10080c63          beqz                    a6,280                  # 0x19b82

----------------
IN: _dl_non_dynamic_init
0x00019a6e:  6a06              ld                      s4,64(sp)
0x00019a70:  7ae2              ld                      s5,56(sp)
0x00019a72:  0006a797          auipc                   a5,106                  # 0x83a72
0x00019a76:  f937af23          sw                      s3,-98(a5)
0x00019a7a:  00069797          auipc                   a5,105                  # 0x82a7a
0x00019a7e:  3767b783          ld                      a5,886(a5)
0x00019a82:  c391              beqz                    a5,4                    # 0x19a86

----------------
IN: _dl_non_dynamic_init
0x00019a84:  9782              jalr                    ra,a5,0

----------------
IN: _dl_find_object_init
0x00048776:  7179              addi                    sp,sp,-48
0x00048778:  f022              sd                      s0,32(sp)
0x0004877a:  f406              sd                      ra,40(sp)
0x0004877c:  ec26              sd                      s1,24(sp)
0x0004877e:  e84a              sd                      s2,16(sp)
0x00048780:  e44e              sd                      s3,8(sp)
0x00048782:  1800              addi                    s0,sp,48
0x00048784:  0003b797          auipc                   a5,59                   # 0x83784
0x00048788:  8647b783          ld                      a5,-1948(a5)
0x0004878c:  6388              ld                      a0,0(a5)
0x0004878e:  33654783          lbu                     a5,822(a0)
0x00048792:  8ba1              andi                    a5,a5,8
0x00048794:  0e079963          bnez                    a5,242                  # 0x48886

----------------
IN: _dl_find_object_init
0x00048798:  0003a997          auipc                   s3,58                   # 0x82798
0x0004879c:  37898993          addi                    s3,s3,888
0x000487a0:  57fd              addi                    a5,zero,-1
0x000487a2:  00f9b823          sd                      a5,16(s3)
0x000487a6:  00f9bc23          sd                      a5,24(s3)
0x000487aa:  b47ff0ef          jal                     ra,-1210                # 0x482f0

----------------
IN: _dlfo_process_initial
0x000482f0:  711d              addi                    sp,sp,-96
0x000482f2:  e8a2              sd                      s0,80(sp)
0x000482f4:  e4a6              sd                      s1,72(sp)
0x000482f6:  e0ca              sd                      s2,64(sp)
0x000482f8:  ec86              sd                      ra,88(sp)
0x000482fa:  fc4e              sd                      s3,56(sp)
0x000482fc:  f852              sd                      s4,48(sp)
0x000482fe:  f456              sd                      s5,40(sp)
0x00048300:  1080              addi                    s0,sp,96
0x00048302:  0003b497          auipc                   s1,59                   # 0x83302
0x00048306:  ce64b483          ld                      s1,-794(s1)
0x0004830a:  0004b903          ld                      s2,0(s1)
0x0004830e:  33694783          lbu                     a5,822(s2)
0x00048312:  8ba1              andi                    a5,a5,8
0x00048314:  cfd9              beqz                    a5,158                  # 0x483b2

----------------
IN: _dlfo_process_initial
0x000483b2:  fa040593          addi                    a1,s0,-96
0x000483b6:  854a              mv                      a0,s2
0x000483b8:  ecfff0ef          jal                     ra,-306                 # 0x48286

----------------
IN: _dl_find_object_from_map
0x00048286:  1141              addi                    sp,sp,-16
0x00048288:  e422              sd                      s0,8(sp)
0x0004828a:  0800              addi                    s0,sp,16
0x0004828c:  36853783          ld                      a5,872(a0)
0x00048290:  e19c              sd                      a5,0(a1)
0x00048292:  37053783          ld                      a5,880(a0)
0x00048296:  00858713          addi                    a4,a1,8
0x0004829a:  e31c              sd                      a5,0(a4)
0x0004829c:  01058793          addi                    a5,a1,16
0x000482a0:  e388              sd                      a0,0(a5)
0x000482a2:  2d055703          lhu                     a4,720(a0)
0x000482a6:  2c053783          ld                      a5,704(a0)
0x000482aa:  00371693          slli                    a3,a4,3
0x000482ae:  8e99              sub                     a3,a3,a4
0x000482b0:  068e              slli                    a3,a3,3
0x000482b2:  96be              add                     a3,a3,a5
0x000482b4:  02d7f763          bleu                    a3,a5,46                # 0x482e2

----------------
IN: _dl_find_object_from_map
0x000482b8:  6474e637          lui                     a2,411470
0x000482bc:  55060613          addi                    a2,a2,1360
0x000482c0:  a029              j                       10                      # 0x482ca

----------------
IN: _dl_find_object_from_map
0x000482ca:  4398              lw                      a4,0(a5)
0x000482cc:  fec71be3          bne                     a4,a2,-10               # 0x482c2

----------------
IN: _dl_find_object_from_map
0x000482c2:  03878793          addi                    a5,a5,56
0x000482c6:  00d7fe63          bleu                    a3,a5,28                # 0x482e2

----------------
IN: _dl_find_object_from_map
0x000482e2:  01858793          addi                    a5,a1,24
0x000482e6:  0007b023          sd                      zero,0(a5)
0x000482ea:  6422              ld                      s0,8(sp)
0x000482ec:  0141              addi                    sp,sp,16
0x000482ee:  8082              ret                     

----------------
IN: _dlfo_process_initial
0x000483bc:  2d095703          lhu                     a4,720(s2)
0x000483c0:  2c093783          ld                      a5,704(s2)
0x000483c4:  00371693          slli                    a3,a4,3
0x000483c8:  8e99              sub                     a3,a3,a4
0x000483ca:  068e              slli                    a3,a3,3
0x000483cc:  96be              add                     a3,a3,a5
0x000483ce:  08d7f063          bleu                    a3,a5,128               # 0x4844e

----------------
IN: _dlfo_process_initial
0x000483d2:  0003aa97          auipc                   s5,58                   # 0x823d2
0x000483d6:  73ea8a93          addi                    s5,s5,1854
0x000483da:  000ab803          ld                      a6,0(s5)
0x000483de:  4981              mv                      s3,zero
0x000483e0:  4585              addi                    a1,zero,1
0x000483e2:  a029              j                       10                      # 0x483ec

----------------
IN: _dlfo_process_initial
0x000483ec:  4398              lw                      a4,0(a5)
0x000483ee:  feb71be3          bne                     a4,a1,-10               # 0x483e4

----------------
IN: _dlfo_process_initial
0x000483e4:  03878793          addi                    a5,a5,56
0x000483e8:  04d7f563          bleu                    a3,a5,74                # 0x48432

----------------
IN: _dlfo_process_initial
0x000483f2:  00599713          slli                    a4,s3,5
0x000483f6:  9742              add                     a4,a4,a6
0x000483f8:  02080863          beqz                    a6,48                   # 0x48428

----------------
IN: _dlfo_process_initial
0x00048428:  03878793          addi                    a5,a5,56
0x0004842c:  0985              addi                    s3,s3,1
0x0004842e:  fad7efe3          bgtu                    a3,a5,-66               # 0x483ec

----------------
IN: _dlfo_process_initial
0x00048432:  0003b797          auipc                   a5,59                   # 0x83432
0x00048436:  a167b783          ld                      a5,-1514(a5)
0x0004843a:  0007ba03          ld                      s4,0(a5)
0x0004843e:  f00a0be3          beqz                    s4,-234                 # 0x48354

----------------
IN: _dlfo_process_initial
0x00048442:  6084              ld                      s1,0(s1)
0x00048444:  c099              beqz                    s1,6                    # 0x4844a

----------------
IN: _dlfo_process_initial
0x00048446:  f05a              sd                      s6,32(sp)
0x00048448:  b5f5              j                       -276                    # 0x48334

----------------
IN: _dlfo_process_initial
0x00048334:  4a01              mv                      s4,zero
0x00048336:  4b05              addi                    s6,zero,1
0x00048338:  00990563          beq                     s2,s1,10                # 0x48342

----------------
IN: _dlfo_process_initial
0x00048342:  6c84              ld                      s1,24(s1)
0x00048344:  f8f5              bnez                    s1,-12                  # 0x48338

----------------
IN: _dlfo_process_initial
0x00048338:  00990563          beq                     s2,s1,10                # 0x48342

----------------
IN: _dlfo_process_initial
0x0004833c:  749c              ld                      a5,40(s1)
0x0004833e:  02978763          beq                     a5,s1,46                # 0x4836c

----------------
IN: _dlfo_process_initial
0x0004836c:  3344d783          lhu                     a5,820(s1)
0x00048370:  8b8d              andi                    a5,a5,3
0x00048372:  03678563          beq                     a5,s6,42                # 0x4839c

----------------
IN: _dlfo_process_initial
0x0004839c:  000ab783          ld                      a5,0(s5)
0x000483a0:  c799              beqz                    a5,14                   # 0x483ae

----------------
IN: _dlfo_process_initial
0x000483ae:  0985              addi                    s3,s3,1
0x000483b0:  bf49              j                       -110                    # 0x48342

----------------
IN: _dlfo_process_initial
0x00048346:  7b02              ld                      s6,32(sp)
0x00048348:  a031              j                       12                      # 0x48354

----------------
IN: _dlfo_process_initial
0x00048354:  60e6              ld                      ra,88(sp)
0x00048356:  6446              ld                      s0,80(sp)
0x00048358:  013ab423          sd                      s3,8(s5)
0x0004835c:  64a6              ld                      s1,72(sp)
0x0004835e:  6906              ld                      s2,64(sp)
0x00048360:  79e2              ld                      s3,56(sp)
0x00048362:  7aa2              ld                      s5,40(sp)
0x00048364:  8552              mv                      a0,s4
0x00048366:  7a42              ld                      s4,48(sp)
0x00048368:  6125              addi                    sp,sp,96
0x0004836a:  8082              ret                     

----------------
IN: _dl_find_object_init
0x000487ae:  0089b783          ld                      a5,8(s3)
0x000487b2:  84aa              mv                      s1,a0
0x000487b4:  00579513          slli                    a0,a5,5
0x000487b8:  d03cc0ef          jal                     ra,-209662              # 0x154ba

----------------
IN: _dl_find_object_init
0x000487bc:  00a9b023          sd                      a0,0(s3)
0x000487c0:  892a              mv                      s2,a0
0x000487c2:  e0a9              bnez                    s1,66                   # 0x48804

----------------
IN: _dl_find_object_init
0x000487c4:  0e050763          beqz                    a0,238                  # 0x488b2

----------------
IN: _dl_find_object_init
0x000487c8:  0003a797          auipc                   a5,58                   # 0x827c8
0x000487cc:  3407b823          sd                      zero,848(a5)
0x000487d0:  b21ff0ef          jal                     ra,-1248                # 0x482f0

----------------
IN: _dlfo_process_initial
0x000483fc:  fb043503          ld                      a0,-80(s0)
0x00048400:  fb843603          ld                      a2,-72(s0)
0x00048404:  fa843883          ld                      a7,-88(s0)
0x00048408:  fa043303          ld                      t1,-96(s0)
0x0004840c:  eb08              sd                      a0,16(a4)
0x0004840e:  01173423          sd                      a7,8(a4)
0x00048412:  00673023          sd                      t1,0(a4)
0x00048416:  ef10              sd                      a2,24(a4)
0x00048418:  00093503          ld                      a0,0(s2)
0x0004841c:  6b90              ld                      a2,16(a5)
0x0004841e:  962a              add                     a2,a2,a0
0x00048420:  e310              sd                      a2,0(a4)
0x00048422:  7788              ld                      a0,40(a5)
0x00048424:  962a              add                     a2,a2,a0
0x00048426:  e710              sd                      a2,8(a4)
0x00048428:  03878793          addi                    a5,a5,56
0x0004842c:  0985              addi                    s3,s3,1
0x0004842e:  fad7efe3          bgtu                    a3,a5,-66               # 0x483ec

----------------
IN: _dlfo_process_initial
0x000483a2:  00599593          slli                    a1,s3,5
0x000483a6:  95be              add                     a1,a1,a5
0x000483a8:  8526              mv                      a0,s1
0x000483aa:  eddff0ef          jal                     ra,-292                 # 0x48286

----------------
IN: _dl_find_object_from_map
0x000482d0:  6118              ld                      a4,0(a0)
0x000482d2:  6b9c              ld                      a5,16(a5)
0x000482d4:  97ba              add                     a5,a5,a4
0x000482d6:  01858713          addi                    a4,a1,24
0x000482da:  e31c              sd                      a5,0(a4)
0x000482dc:  6422              ld                      s0,8(sp)
0x000482de:  0141              addi                    sp,sp,16
0x000482e0:  8082              ret                     

----------------
IN: _dl_find_object_init
0x000487d4:  0089b483          ld                      s1,8(s3)
0x000487d8:  cc99              beqz                    s1,30                   # 0x487f6

----------------
IN: _dl_find_object_init
0x000487da:  4785              addi                    a5,zero,1
0x000487dc:  00f48963          beq                     s1,a5,18                # 0x487ee

----------------
IN: _dl_find_object_init
0x000487e0:  85a6              mv                      a1,s1
0x000487e2:  14fd              addi                    s1,s1,-1
0x000487e4:  854a              mv                      a0,s2
0x000487e6:  0496              slli                    s1,s1,5
0x000487e8:  c73ff0ef          jal                     ra,-910                 # 0x4845a

----------------
IN: _dlfo_sort_mappings.part.0
0x0004845a:  1141              addi                    sp,sp,-16
0x0004845c:  e422              sd                      s0,8(sp)
0x0004845e:  0800              addi                    s0,sp,16
0x00048460:  4785              addi                    a5,zero,1
0x00048462:  06f58c63          beq                     a1,a5,120               # 0x484da

----------------
IN: _dlfo_sort_mappings.part.0
0x00048466:  fff58293          addi                    t0,a1,-1
0x0004846a:  88aa              mv                      a7,a0
0x0004846c:  4301              mv                      t1,zero
0x0004846e:  861a              mv                      a2,t1
0x00048470:  0305              addi                    t1,t1,1
0x00048472:  0008b803          ld                      a6,0(a7)
0x00048476:  06b37563          bleu                    a1,t1,106               # 0x484e0

----------------
IN: _dlfo_sort_mappings.part.0
0x0004847a:  8746              mv                      a4,a7
0x0004847c:  879a              mv                      a5,t1
0x0004847e:  7314              ld                      a3,32(a4)
0x00048480:  02070713          addi                    a4,a4,32
0x00048484:  0106f463          bleu                    a6,a3,8                 # 0x4848c

----------------
IN: _dlfo_sort_mappings.part.0
0x0004848c:  0785              addi                    a5,a5,1
0x0004848e:  fef598e3          bne                     a1,a5,-16               # 0x4847e

----------------
IN: _dlfo_sort_mappings.part.0
0x0004847e:  7314              ld                      a3,32(a4)
0x00048480:  02070713          addi                    a4,a4,32
0x00048484:  0106f463          bleu                    a6,a3,8                 # 0x4848c

----------------
IN: _dlfo_sort_mappings.part.0
0x00048492:  00561793          slli                    a5,a2,5
0x00048496:  97aa              add                     a5,a5,a0
0x00048498:  0007b803          ld                      a6,0(a5)
0x0004849c:  0008bf83          ld                      t6,0(a7)
0x000484a0:  0088bf03          ld                      t5,8(a7)
0x000484a4:  0108be83          ld                      t4,16(a7)
0x000484a8:  0188be03          ld                      t3,24(a7)
0x000484ac:  6790              ld                      a2,8(a5)
0x000484ae:  6b94              ld                      a3,16(a5)
0x000484b0:  6f98              ld                      a4,24(a5)
0x000484b2:  01f7b023          sd                      t6,0(a5)
0x000484b6:  01e7b423          sd                      t5,8(a5)
0x000484ba:  01d7b823          sd                      t4,16(a5)
0x000484be:  01c7bc23          sd                      t3,24(a5)
0x000484c2:  0108b023          sd                      a6,0(a7)
0x000484c6:  00c8b423          sd                      a2,8(a7)
0x000484ca:  00d8b823          sd                      a3,16(a7)
0x000484ce:  00e8bc23          sd                      a4,24(a7)
0x000484d2:  02088893          addi                    a7,a7,32
0x000484d6:  f8531ce3          bne                     t1,t0,-104              # 0x4846e

----------------
IN: _dlfo_sort_mappings.part.0
0x0004846e:  861a              mv                      a2,t1
0x00048470:  0305              addi                    t1,t1,1
0x00048472:  0008b803          ld                      a6,0(a7)
0x00048476:  06b37563          bleu                    a1,t1,106               # 0x484e0

----------------
IN: _dlfo_sort_mappings.part.0
0x000484da:  6422              ld                      s0,8(sp)
0x000484dc:  0141              addi                    sp,sp,16
0x000484de:  8082              ret                     

----------------
IN: _dl_find_object_init
0x000487ec:  9926              add                     s2,s2,s1
0x000487ee:  00893783          ld                      a5,8(s2)
0x000487f2:  02f9b823          sd                      a5,48(s3)
0x000487f6:  70a2              ld                      ra,40(sp)
0x000487f8:  7402              ld                      s0,32(sp)
0x000487fa:  64e2              ld                      s1,24(sp)
0x000487fc:  6942              ld                      s2,16(sp)
0x000487fe:  69a2              ld                      s3,8(sp)
0x00048800:  6145              addi                    sp,sp,48
0x00048802:  8082              ret                     

----------------
IN: _dl_non_dynamic_init
0x00019a86:  47093783          ld                      a5,1136(s2)
0x00019a8a:  e7d1              bnez                    a5,140                  # 0x19b16

----------------
IN: _dl_non_dynamic_init
0x00019b16:  7406              ld                      s0,96(sp)
0x00019b18:  70a6              ld                      ra,104(sp)
0x00019b1a:  64e6              ld                      s1,88(sp)
0x00019b1c:  6946              ld                      s2,80(sp)
0x00019b1e:  69a6              ld                      s3,72(sp)
0x00019b20:  7b42              ld                      s6,48(sp)
0x00019b22:  7ba2              ld                      s7,40(sp)
0x00019b24:  0006a517          auipc                   a0,106                  # 0x83b24
0x00019b28:  f7c50513          addi                    a0,a0,-132
0x00019b2c:  6165              addi                    sp,sp,112
0x00019b2e:  3e61206f          j                       74726                   # 0x2bf14

----------------
IN: _dl_protect_relro
0x0002bf14:  1101              addi                    sp,sp,-32
0x0002bf16:  e822              sd                      s0,16(sp)
0x0002bf18:  e426              sd                      s1,8(sp)
0x0002bf1a:  ec06              sd                      ra,24(sp)
0x0002bf1c:  1000              addi                    s0,sp,32
0x0002bf1e:  611c              ld                      a5,0(a0)
0x0002bf20:  46853683          ld                      a3,1128(a0)
0x0002bf24:  00057717          auipc                   a4,87                   # 0x82f24
0x0002bf28:  09c73703          ld                      a4,156(a4)
0x0002bf2c:  47053583          ld                      a1,1136(a0)
0x0002bf30:  6318              ld                      a4,0(a4)
0x0002bf32:  97b6              add                     a5,a5,a3
0x0002bf34:  95be              add                     a1,a1,a5
0x0002bf36:  40e00733          neg                     a4,a4
0x0002bf3a:  84aa              mv                      s1,a0
0x0002bf3c:  8df9              and                     a1,a1,a4
0x0002bf3e:  00e7f533          and                     a0,a5,a4
0x0002bf42:  00b51763          bne                     a0,a1,14                # 0x2bf50

----------------
IN: _dl_protect_relro
0x0002bf50:  4605              addi                    a2,zero,1
0x0002bf52:  8d89              sub                     a1,a1,a0
0x0002bf54:  dc5eb0ef          jal                     ra,-82492               # 0x17d18

----------------
IN: __mprotect
0x00017d18:  0e200893          addi                    a7,zero,226
0x00017d1c:  00000073          ecall                   

----------------
IN: __mprotect
0x00017d20:  78fd              lui                     a7,-1
0x00017d22:  00a8e363          bgtu                    a0,a7,6                 # 0x17d28

----------------
IN: __mprotect
0x00017d26:  8082              ret                     

----------------
IN: _dl_protect_relro
0x0002bf58:  fe0557e3          bgez                    a0,-18                  # 0x2bf46

----------------
IN: _dl_protect_relro
0x0002bf46:  60e2              ld                      ra,24(sp)
0x0002bf48:  6442              ld                      s0,16(sp)
0x0002bf4a:  64a2              ld                      s1,8(sp)
0x0002bf4c:  6105              addi                    sp,sp,32
0x0002bf4e:  8082              ret                     

----------------
IN: __libc_init_first
0x00019d90:  7402              ld                      s0,32(sp)
0x00019d92:  70a2              ld                      ra,40(sp)
0x00019d94:  864e              mv                      a2,s3
0x00019d96:  85ca              mv                      a1,s2
0x00019d98:  69a2              ld                      s3,8(sp)
0x00019d9a:  6942              ld                      s2,16(sp)
0x00019d9c:  8526              mv                      a0,s1
0x00019d9e:  64e2              ld                      s1,24(sp)
0x00019da0:  6145              addi                    sp,sp,48
0x00019da2:  4910c06f          j                       52368                   # 0x26a32

----------------
IN: __init_misc
0x00026a32:  c1b1              beqz                    a1,68                   # 0x26a76

----------------
IN: __init_misc
0x00026a34:  1101              addi                    sp,sp,-32
0x00026a36:  e822              sd                      s0,16(sp)
0x00026a38:  e426              sd                      s1,8(sp)
0x00026a3a:  e04a              sd                      s2,0(sp)
0x00026a3c:  ec06              sd                      ra,24(sp)
0x00026a3e:  1000              addi                    s0,sp,32
0x00026a40:  0005b903          ld                      s2,0(a1)
0x00026a44:  84ae              mv                      s1,a1
0x00026a46:  02090263          beqz                    s2,36                   # 0x26a6a

----------------
IN: __init_misc
0x00026a4a:  02f00593          addi                    a1,zero,47
0x00026a4e:  854a              mv                      a0,s2
0x00026a50:  cbefe0ef          jal                     ra,-6978                # 0x24f0e

----------------
IN: rindex
0x00024f0e:  1101              addi                    sp,sp,-32
0x00024f10:  e822              sd                      s0,16(sp)
0x00024f12:  e426              sd                      s1,8(sp)
0x00024f14:  e04a              sd                      s2,0(sp)
0x00024f16:  ec06              sd                      ra,24(sp)
0x00024f18:  1000              addi                    s0,sp,32
0x00024f1a:  84aa              mv                      s1,a0
0x00024f1c:  892e              mv                      s2,a1
0x00024f1e:  fedf10ef          jal                     ra,-57364               # 0x16f0a

----------------
IN: strlen
0x00016f72:  6798              ld                      a4,8(a5)
0x00016f74:  883e              mv                      a6,a5
0x00016f76:  07a1              addi                    a5,a5,8
0x00016f78:  00b706b3          add                     a3,a4,a1
0x00016f7c:  fff74713          not                     a4,a4
0x00016f80:  8f75              and                     a4,a4,a3
0x00016f82:  00c776b3          and                     a3,a4,a2
0x00016f86:  d6f5              beqz                    a3,-20                  # 0x16f72

----------------
IN: rindex
0x00024f22:  6442              ld                      s0,16(sp)
0x00024f24:  60e2              ld                      ra,24(sp)
0x00024f26:  00150613          addi                    a2,a0,1
0x00024f2a:  85ca              mv                      a1,s2
0x00024f2c:  8526              mv                      a0,s1
0x00024f2e:  6902              ld                      s2,0(sp)
0x00024f30:  64a2              ld                      s1,8(sp)
0x00024f32:  6105              addi                    sp,sp,32
0x00024f34:  4041c06f          j                       115716                  # 0x41338

----------------
IN: memrchr
0x00041338:  1141              addi                    sp,sp,-16
0x0004133a:  e422              sd                      s0,8(sp)
0x0004133c:  0800              addi                    s0,sp,16
0x0004133e:  1c060963          beqz                    a2,466                  # 0x41510

----------------
IN: memrchr
0x00041342:  010107b7          lui                     a5,4112
0x00041346:  10178793          addi                    a5,a5,257
0x0004134a:  07c2              slli                    a5,a5,16
0x0004134c:  10178793          addi                    a5,a5,257
0x00041350:  07c2              slli                    a5,a5,16
0x00041352:  10178793          addi                    a5,a5,257
0x00041356:  0ff5f593          andi                    a1,a1,255
0x0004135a:  02f58e33          mul                     t3,a1,a5
0x0004135e:  962a              add                     a2,a2,a0
0x00041360:  0feff7b7          lui                     a5,65279
0x00041364:  832a              mv                      t1,a0
0x00041366:  0792              slli                    a5,a5,4
0x00041368:  00760513          addi                    a0,a2,7
0x0004136c:  9961              andi                    a0,a0,-8
0x0004136e:  eff78793          addi                    a5,a5,-257
0x00041372:  ff853683          ld                      a3,-8(a0)
0x00041376:  07c2              slli                    a5,a5,16
0x00041378:  eff78793          addi                    a5,a5,-257
0x0004137c:  07be              slli                    a5,a5,15
0x0004137e:  f7f78793          addi                    a5,a5,-129
0x00041382:  00de46b3          xor                     a3,t3,a3
0x00041386:  00f6f733          and                     a4,a3,a5
0x0004138a:  973e              add                     a4,a4,a5
0x0004138c:  8f55              or                      a4,a4,a3
0x0004138e:  8a1d              andi                    a2,a2,7
0x00041390:  ff850693          addi                    a3,a0,-8
0x00041394:  8fd9              or                      a5,a5,a4
0x00041396:  12060663          beqz                    a2,300                  # 0x414c2

----------------
IN: memrchr
0x000414c2:  fff7c793          not                     a5,a5
0x000414c6:  ee0784e3          beqz                    a5,-280                 # 0x413ae

----------------
IN: memrchr
0x000413ae:  ff837893          andi                    a7,t1,-8
0x000413b2:  15168f63          beq                     a3,a7,350               # 0x41510

----------------
IN: memrchr
0x000413b6:  feff0637          lui                     a2,-4112
0x000413ba:  eff60613          addi                    a2,a2,-257
0x000413be:  f01016b7          lui                     a3,-65279
0x000413c2:  ff053703          ld                      a4,-16(a0)
0x000413c6:  0642              slli                    a2,a2,16
0x000413c8:  0692              slli                    a3,a3,4
0x000413ca:  eff60613          addi                    a2,a2,-257
0x000413ce:  10168693          addi                    a3,a3,257
0x000413d2:  0642              slli                    a2,a2,16
0x000413d4:  06c2              slli                    a3,a3,16
0x000413d6:  01c74733          xor                     a4,a4,t3
0x000413da:  eff60613          addi                    a2,a2,-257
0x000413de:  10168693          addi                    a3,a3,257
0x000413e2:  fff74593          not                     a1,a4
0x000413e6:  00c707b3          add                     a5,a4,a2
0x000413ea:  06be              slli                    a3,a3,15
0x000413ec:  8fed              and                     a5,a5,a1
0x000413ee:  08068693          addi                    a3,a3,128
0x000413f2:  ff050593          addi                    a1,a0,-16
0x000413f6:  8ff5              and                     a5,a5,a3
0x000413f8:  02b88263          beq                     a7,a1,36                # 0x4141c

----------------
IN: memrchr
0x000413fc:  10079e63          bnez                    a5,284                  # 0x41518

----------------
IN: memrchr
0x00041400:  ff85b703          ld                      a4,-8(a1)
0x00041404:  15e1              addi                    a1,a1,-8
0x00041406:  01c74733          xor                     a4,a4,t3
0x0004140a:  00c707b3          add                     a5,a4,a2
0x0004140e:  fff74813          not                     a6,a4
0x00041412:  0107f7b3          and                     a5,a5,a6
0x00041416:  8ff5              and                     a5,a5,a3
0x00041418:  feb892e3          bne                     a7,a1,-28               # 0x413fc

----------------
IN: memrchr
0x0004141c:  feff07b7          lui                     a5,-4112
0x00041420:  eff78793          addi                    a5,a5,-257
0x00041424:  f01016b7          lui                     a3,-65279
0x00041428:  07c2              slli                    a5,a5,16
0x0004142a:  0692              slli                    a3,a3,4
0x0004142c:  eff78793          addi                    a5,a5,-257
0x00041430:  10168693          addi                    a3,a3,257
0x00041434:  07c2              slli                    a5,a5,16
0x00041436:  06c2              slli                    a3,a3,16
0x00041438:  eff78793          addi                    a5,a5,-257
0x0004143c:  10168693          addi                    a3,a3,257
0x00041440:  97ba              add                     a5,a5,a4
0x00041442:  fff74613          not                     a2,a4
0x00041446:  06be              slli                    a3,a3,15
0x00041448:  8ff1              and                     a5,a5,a2
0x0004144a:  08068693          addi                    a3,a3,128
0x0004144e:  8ff5              and                     a5,a5,a3
0x00041450:  4501              mv                      a0,zero
0x00041452:  c7ad              beqz                    a5,106                  # 0x414bc

----------------
IN: memrchr
0x00041454:  0feff7b7          lui                     a5,65279
0x00041458:  0792              slli                    a5,a5,4
0x0004145a:  eff78793          addi                    a5,a5,-257
0x0004145e:  07c2              slli                    a5,a5,16
0x00041460:  eff78793          addi                    a5,a5,-257
0x00041464:  07be              slli                    a5,a5,15
0x00041466:  f7f78793          addi                    a5,a5,-129
0x0004146a:  00f776b3          and                     a3,a4,a5
0x0004146e:  96be              add                     a3,a3,a5
0x00041470:  8f55              or                      a4,a4,a3
0x00041472:  8fd9              or                      a5,a5,a4
0x00041474:  fff7c713          not                     a4,a5
0x00041478:  1007d763          bgez                    a5,270                  # 0x41586

----------------
IN: memrchr
0x0004147c:  00871693          slli                    a3,a4,8
0x00041480:  4799              addi                    a5,zero,6
0x00041482:  0206c963          bltz                    a3,50                   # 0x414b4

----------------
IN: memrchr
0x00041486:  01071693          slli                    a3,a4,16
0x0004148a:  4795              addi                    a5,zero,5
0x0004148c:  0206c463          bltz                    a3,40                   # 0x414b4

----------------
IN: memrchr
0x000414b4:  00f58533          add                     a0,a1,a5
0x000414b8:  04656c63          bgtu                    t1,a0,88                # 0x41510

----------------
IN: memrchr
0x000414bc:  6422              ld                      s0,8(sp)
0x000414be:  0141              addi                    sp,sp,16
0x000414c0:  8082              ret                     

----------------
IN: __init_misc
0x00026a54:  c119              beqz                    a0,6                    # 0x26a5a

----------------
IN: __init_misc
0x00026a56:  00150913          addi                    s2,a0,1
0x00026a5a:  0005e797          auipc                   a5,94                   # 0x84a5a
0x00026a5e:  b3678793          addi                    a5,a5,-1226
0x00026a62:  0127b023          sd                      s2,0(a5)
0x00026a66:  6098              ld                      a4,0(s1)
0x00026a68:  e798              sd                      a4,8(a5)
0x00026a6a:  60e2              ld                      ra,24(sp)
0x00026a6c:  6442              ld                      s0,16(sp)
0x00026a6e:  64a2              ld                      s1,8(sp)
0x00026a70:  6902              ld                      s2,0(sp)
0x00026a72:  6105              addi                    sp,sp,32
0x00026a74:  8082              ret                     

----------------
IN: __libc_start_main
0x00010a42:  4601              mv                      a2,zero
0x00010a44:  4581              mv                      a1,zero
0x00010a46:  00000517          auipc                   a0,0                    # 0x10a46
0x00010a4a:  db650513          addi                    a0,a0,-586
0x00010a4e:  5cc000ef          jal                     ra,1484                 # 0x1101a

----------------
IN: __cxa_atexit
0x0001101a:  1141              addi                    sp,sp,-16
0x0001101c:  e422              sd                      s0,8(sp)
0x0001101e:  0800              addi                    s0,sp,16
0x00011020:  6422              ld                      s0,8(sp)
0x00011022:  00072697          auipc                   a3,114                  # 0x83022
0x00011026:  fde68693          addi                    a3,a3,-34
0x0001102a:  0141              addi                    sp,sp,16
0x0001102c:  b715              j                       -220                    # 0x10f50

----------------
IN: __internal_atexit
0x00010f50:  7139              addi                    sp,sp,-64
0x00010f52:  f822              sd                      s0,48(sp)
0x00010f54:  fc06              sd                      ra,56(sp)
0x00010f56:  f426              sd                      s1,40(sp)
0x00010f58:  f04a              sd                      s2,32(sp)
0x00010f5a:  ec4e              sd                      s3,24(sp)
0x00010f5c:  e852              sd                      s4,16(sp)
0x00010f5e:  0080              addi                    s0,sp,64
0x00010f60:  cd49              beqz                    a0,154                  # 0x10ffa

----------------
IN: __internal_atexit
0x00010f62:  0a018493          addi                    s1,gp,160
0x00010f66:  8a2e              mv                      s4,a1
0x00010f68:  892a              mv                      s2,a0
0x00010f6a:  89b2              mv                      s3,a2
0x00010f6c:  4705              addi                    a4,zero,1
0x00010f6e:  00848593          addi                    a1,s1,8
0x00010f72:  1405a7af          lr.w.aq                 a5,(a1)
0x00010f76:  e781              bnez                    a5,8                    # 0x10f7e

----------------
IN: __internal_atexit
0x00010f78:  18e5a62f          sc.w                    a2,a4,(a1)
0x00010f7c:  fa7d              bnez                    a2,-10                  # 0x10f72

----------------
IN: __internal_atexit
0x00010f7e:  2781              sext.w                  a5,a5
0x00010f80:  e7a1              bnez                    a5,72                   # 0x10fc8

----------------
IN: __internal_atexit
0x00010f82:  8536              mv                      a0,a3
0x00010f84:  f01ff0ef          jal                     ra,-256                 # 0x10e84

----------------
IN: __new_exitfn
0x00010e84:  4c01c783          lbu                     a5,1216(gp)
0x00010e88:  e3f1              bnez                    a5,196                  # 0x10f4c

----------------
IN: __new_exitfn
0x00010e8a:  1101              addi                    sp,sp,-32
0x00010e8c:  e822              sd                      s0,16(sp)
0x00010e8e:  e426              sd                      s1,8(sp)
0x00010e90:  e04a              sd                      s2,0(sp)
0x00010e92:  ec06              sd                      ra,24(sp)
0x00010e94:  1000              addi                    s0,sp,32
0x00010e96:  00053903          ld                      s2,0(a0)
0x00010e9a:  84aa              mv                      s1,a0
0x00010e9c:  08090863          beqz                    s2,144                  # 0x10f2c

----------------
IN: __new_exitfn
0x00010ea0:  85ca              mv                      a1,s2
0x00010ea2:  4801              mv                      a6,zero
0x00010ea4:  6598              ld                      a4,8(a1)
0x00010ea6:  00571793          slli                    a5,a4,5
0x00010eaa:  97ae              add                     a5,a5,a1
0x00010eac:  cb09              beqz                    a4,18                   # 0x10ebe

----------------
IN: __new_exitfn
0x00010ebe:  619c              ld                      a5,0(a1)
0x00010ec0:  0005b423          sd                      zero,8(a1)
0x00010ec4:  882e              mv                      a6,a1
0x00010ec6:  c7b9              beqz                    a5,78                   # 0x10f14

----------------
IN: __new_exitfn
0x00010f14:  4785              addi                    a5,zero,1
0x00010f16:  01058513          addi                    a0,a1,16
0x00010f1a:  e59c              sd                      a5,8(a1)
0x00010f1c:  b7d1              j                       -60                     # 0x10ee0

----------------
IN: __new_exitfn
0x00010ee0:  0a018713          addi                    a4,gp,160
0x00010ee4:  631c              ld                      a5,0(a4)
0x00010ee6:  60e2              ld                      ra,24(sp)
0x00010ee8:  6442              ld                      s0,16(sp)
0x00010eea:  4685              addi                    a3,zero,1
0x00010eec:  e114              sd                      a3,0(a0)
0x00010eee:  0785              addi                    a5,a5,1
0x00010ef0:  e31c              sd                      a5,0(a4)
0x00010ef2:  64a2              ld                      s1,8(sp)
0x00010ef4:  6902              ld                      s2,0(sp)
0x00010ef6:  6105              addi                    sp,sp,32
0x00010ef8:  8082              ret                     

----------------
IN: __internal_atexit
0x00010f88:  c921              beqz                    a0,80                   # 0x10fd8

----------------
IN: __internal_atexit
0x00010f8a:  4791              addi                    a5,zero,4
0x00010f8c:  e11c              sd                      a5,0(a0)
0x00010f8e:  01253423          sd                      s2,8(a0)
0x00010f92:  01453823          sd                      s4,16(a0)
0x00010f96:  01353c23          sd                      s3,24(a0)
0x00010f9a:  4781              mv                      a5,zero
0x00010f9c:  00848713          addi                    a4,s1,8
0x00010fa0:  0af727af          amoswap.w.rl            a5,a5,(a4)
0x00010fa4:  4705              addi                    a4,zero,1
0x00010fa6:  2781              sext.w                  a5,a5
0x00010fa8:  00f74b63          bgt                     a5,a4,22                # 0x10fbe

----------------
IN: __internal_atexit
0x00010fac:  4501              mv                      a0,zero
0x00010fae:  70e2              ld                      ra,56(sp)
0x00010fb0:  7442              ld                      s0,48(sp)
0x00010fb2:  74a2              ld                      s1,40(sp)
0x00010fb4:  7902              ld                      s2,32(sp)
0x00010fb6:  69e2              ld                      s3,24(sp)
0x00010fb8:  6a42              ld                      s4,16(sp)
0x00010fba:  6121              addi                    sp,sp,64
0x00010fbc:  8082              ret                     

----------------
IN: __libc_start_main
0x00010a52:  00073797          auipc                   a5,115                  # 0x83a52
0x00010a56:  5a67a783          lw                      a5,1446(a5)
0x00010a5a:  efa5              bnez                    a5,120                  # 0x10ad2

----------------
IN: __libc_start_main
0x00010a5c:  0006f717          auipc                   a4,111                  # 0x7fa5c
0x00010a60:  94470713          addi                    a4,a4,-1724
0x00010a64:  0006f497          auipc                   s1,111                  # 0x7fa64
0x00010a68:  93448493          addi                    s1,s1,-1740
0x00010a6c:  409707b3          sub                     a5,a4,s1
0x00010a70:  000b3a83          ld                      s5,0(s6)
0x00010a74:  4037db13          srai                    s6,a5,3
0x00010a78:  00970c63          beq                     a4,s1,24                # 0x10a90

----------------
IN: __libc_start_main
0x00010a7c:  4a01              mv                      s4,zero
0x00010a7e:  609c              ld                      a5,0(s1)
0x00010a80:  8656              mv                      a2,s5
0x00010a82:  85ce              mv                      a1,s3
0x00010a84:  854a              mv                      a0,s2
0x00010a86:  0a05              addi                    s4,s4,1
0x00010a88:  9782              jalr                    ra,a5,0

----------------
IN: __libc_start_main
0x00010a8a:  04a1              addi                    s1,s1,8
0x00010a8c:  ff6a69e3          bgtu                    s6,s4,-14               # 0x10a7e

----------------
IN: __libc_start_main
0x00010a90:  0006f797          auipc                   a5,111                  # 0x7fa90
0x00010a94:  91878793          addi                    a5,a5,-1768
0x00010a98:  0006f497          auipc                   s1,111                  # 0x7fa98
0x00010a9c:  90848493          addi                    s1,s1,-1784
0x00010aa0:  40978b33          sub                     s6,a5,s1
0x00010aa4:  403b5b13          srai                    s6,s6,3
0x00010aa8:  00978c63          beq                     a5,s1,24                # 0x10ac0

----------------
IN: __libc_start_main
0x00010aac:  4a01              mv                      s4,zero
0x00010aae:  609c              ld                      a5,0(s1)
0x00010ab0:  8656              mv                      a2,s5
0x00010ab2:  85ce              mv                      a1,s3
0x00010ab4:  854a              mv                      a0,s2
0x00010ab6:  0a05              addi                    s4,s4,1
0x00010ab8:  9782              jalr                    ra,a5,0

----------------
IN: 
0x000106ec:  000527b7          lui                     a5,82
0x000106f0:  44878793          addi                    a5,a5,1096
0x000106f4:  c39d              beqz                    a5,38                   # 0x1071a

----------------
IN: 
0x000106f6:  1141              addi                    sp,sp,-16
0x000106f8:  e022              sd                      s0,0(sp)
0x000106fa:  e406              sd                      ra,8(sp)
0x000106fc:  0800              addi                    s0,sp,16
0x000106fe:  000855b7          lui                     a1,133
0x00010702:  0006e537          lui                     a0,110
0x00010706:  95858593          addi                    a1,a1,-1704
0x0001070a:  5b850513          addi                    a0,a0,1464
0x0001070e:  53b410ef          jal                     ra,269626               # 0x52448

----------------
IN: __register_frame_info
0x00052448:  c119              beqz                    a0,6                    # 0x5244e

----------------
IN: __register_frame_info
0x0005244a:  411c              lw                      a5,0(a0)
0x0005244c:  e391              bnez                    a5,4                    # 0x52450

----------------
IN: __register_frame_info
0x00052450:  7179              addi                    sp,sp,-48
0x00052452:  f406              sd                      ra,40(sp)
0x00052454:  f022              sd                      s0,32(sp)
0x00052456:  ec26              sd                      s1,24(sp)
0x00052458:  1800              addi                    s0,sp,48
0x0005245a:  57fd              addi                    a5,zero,-1
0x0005245c:  e19c              sd                      a5,0(a1)
0x0005245e:  7f800793          addi                    a5,zero,2040
0x00052462:  84ae              mv                      s1,a1
0x00052464:  86ae              mv                      a3,a1
0x00052466:  ed88              sd                      a0,24(a1)
0x00052468:  f19c              sd                      a5,32(a1)
0x0005246a:  4605              addi                    a2,zero,1
0x0005246c:  0005b423          sd                      zero,8(a1)
0x00052470:  0005b823          sd                      zero,16(a1)
0x00052474:  85aa              mv                      a1,a0
0x00052476:  00038517          auipc                   a0,56                   # 0x8a476
0x0005247a:  88250513          addi                    a0,a0,-1918
0x0005247e:  9effe0ef          jal                     ra,-5650                # 0x50e6c

----------------
IN: btree_insert.isra.0
0x00050e6c:  e211              bnez                    a2,4                    # 0x50e70

----------------
IN: btree_insert.isra.0
0x00050e70:  7159              addi                    sp,sp,-112
0x00050e72:  f0a2              sd                      s0,96(sp)
0x00050e74:  eca6              sd                      s1,88(sp)
0x00050e76:  1880              addi                    s0,sp,112
0x00050e78:  e8ca              sd                      s2,80(sp)
0x00050e7a:  e4ce              sd                      s3,72(sp)
0x00050e7c:  fc56              sd                      s5,56(sp)
0x00050e7e:  f85a              sd                      s6,48(sp)
0x00050e80:  f45e              sd                      s7,40(sp)
0x00050e82:  f486              sd                      ra,104(sp)
0x00050e84:  e0d2              sd                      s4,64(sp)
0x00050e86:  f062              sd                      s8,32(sp)
0x00050e88:  01050493          addi                    s1,a0,16
0x00050e8c:  892a              mv                      s2,a0
0x00050e8e:  8526              mv                      a0,s1
0x00050e90:  89b2              mv                      s3,a2
0x00050e92:  8b2e              mv                      s6,a1
0x00050e94:  8ab6              mv                      s5,a3
0x00050e96:  f8043c23          sd                      zero,-104(s0)
0x00050e9a:  feeff0ef          jal                     ra,-2066                # 0x50688

----------------
IN: version_lock_lock_exclusive
0x00050688:  7139              addi                    sp,sp,-64
0x0005068a:  f822              sd                      s0,48(sp)
0x0005068c:  f426              sd                      s1,40(sp)
0x0005068e:  fc06              sd                      ra,56(sp)
0x00050690:  0080              addi                    s0,sp,64
0x00050692:  84aa              mv                      s1,a0
0x00050694:  0330000f          fence                   rw,rw
0x00050698:  611c              ld                      a5,0(a0)
0x0005069a:  0230000f          fence                   r,rw
0x0005069e:  0017f713          andi                    a4,a5,1
0x000506a2:  e30d              bnez                    a4,34                   # 0x506c4

----------------
IN: version_lock_lock_exclusive
0x000506a4:  0017e693          ori                     a3,a5,1
0x000506a8:  1605372f          lr.d.aq.rl              a4,(a0)
0x000506ac:  00f71563          bne                     a4,a5,10                # 0x506b6

----------------
IN: version_lock_lock_exclusive
0x000506b0:  1ad5362f          sc.d.rl                 a2,a3,(a0)
0x000506b4:  fa75              bnez                    a2,-12                  # 0x506a8

----------------
IN: version_lock_lock_exclusive
0x000506b6:  00f71763          bne                     a4,a5,14                # 0x506c4

----------------
IN: version_lock_lock_exclusive
0x000506ba:  70e2              ld                      ra,56(sp)
0x000506bc:  7442              ld                      s0,48(sp)
0x000506be:  74a2              ld                      s1,40(sp)
0x000506c0:  6121              addi                    sp,sp,64
0x000506c2:  8082              ret                     

----------------
IN: btree_insert.isra.0
0x00050e9e:  00093b83          ld                      s7,0(s2)
0x00050ea2:  f9743823          sd                      s7,-112(s0)
0x00050ea6:  1e0b8a63          beqz                    s7,500                  # 0x5109a

----------------
IN: btree_insert.isra.0
0x0005109a:  4581              mv                      a1,zero
0x0005109c:  854a              mv                      a0,s2
0x0005109e:  c9dff0ef          jal                     ra,-868                 # 0x50d3a

----------------
IN: btree_allocate_node
0x00050d3a:  7179              addi                    sp,sp,-48
0x00050d3c:  f022              sd                      s0,32(sp)
0x00050d3e:  ec26              sd                      s1,24(sp)
0x00050d40:  e84a              sd                      s2,16(sp)
0x00050d42:  e44e              sd                      s3,8(sp)
0x00050d44:  f406              sd                      ra,40(sp)
0x00050d46:  1800              addi                    s0,sp,48
0x00050d48:  892e              mv                      s2,a1
0x00050d4a:  00850493          addi                    s1,a0,8
0x00050d4e:  4989              addi                    s3,zero,2
0x00050d50:  0330000f          fence                   rw,rw
0x00050d54:  609c              ld                      a5,0(s1)
0x00050d56:  0230000f          fence                   r,rw
0x00050d5a:  853e              mv                      a0,a5
0x00050d5c:  cba5              beqz                    a5,112                  # 0x50dcc

----------------
IN: btree_allocate_node
0x00050dcc:  10000513          addi                    a0,zero,256
0x00050dd0:  eeac40ef          jal                     ra,-243990              # 0x154ba

----------------
IN: btree_allocate_node
0x00050dd4:  70a2              ld                      ra,40(sp)
0x00050dd6:  7402              ld                      s0,32(sp)
0x00050dd8:  00194913          xori                    s2,s2,1
0x00050ddc:  4785              addi                    a5,zero,1
0x00050dde:  01252623          sw                      s2,12(a0)
0x00050de2:  e11c              sd                      a5,0(a0)
0x00050de4:  00052423          sw                      zero,8(a0)
0x00050de8:  64e2              ld                      s1,24(sp)
0x00050dea:  6942              ld                      s2,16(sp)
0x00050dec:  69a2              ld                      s3,8(sp)
0x00050dee:  6145              addi                    sp,sp,48
0x00050df0:  8082              ret                     

----------------
IN: btree_insert.isra.0
0x000510a2:  8baa              mv                      s7,a0
0x000510a4:  f8a43823          sd                      a0,-112(s0)
0x000510a8:  00a93023          sd                      a0,0(s2)
0x000510ac:  b511              j                       -508                    # 0x50eb0

----------------
IN: btree_insert.isra.0
0x00050eb0:  8526              mv                      a0,s1
0x00050eb2:  e13ff0ef          jal                     ra,-494                 # 0x50cc4

----------------
IN: version_lock_unlock_exclusive
0x00050cc4:  0330000f          fence                   rw,rw
0x00050cc8:  611c              ld                      a5,0(a0)
0x00050cca:  0230000f          fence                   r,rw
0x00050cce:  0791              addi                    a5,a5,4
0x00050cd0:  9bf1              andi                    a5,a5,-4
0x00050cd2:  0ef537af          amoswap.d.aq.rl         a5,a5,(a0)
0x00050cd6:  8b89              andi                    a5,a5,2
0x00050cd8:  e391              bnez                    a5,4                    # 0x50cdc

----------------
IN: version_lock_unlock_exclusive
0x00050cda:  8082              ret                     

----------------
IN: btree_insert.isra.0
0x00050eb6:  00cba783          lw                      a5,12(s7)
0x00050eba:  20079463          bnez                    a5,520                  # 0x510c2

----------------
IN: btree_insert.isra.0
0x000510c2:  008ba703          lw                      a4,8(s7)
0x000510c6:  47a9              addi                    a5,zero,10
0x000510c8:  e6f715e3          bne                     a4,a5,-406              # 0x50f32

----------------
IN: btree_insert.isra.0
0x00050f32:  008ba483          lw                      s1,8(s7)
0x00050f36:  22048963          beqz                    s1,562                  # 0x51168

----------------
IN: btree_insert.isra.0
0x00051168:  4901              mv                      s2,zero
0x0005116a:  bd99              j                       -426                    # 0x50fc0

----------------
IN: btree_insert.isra.0
0x00050fc0:  00191793          slli                    a5,s2,1
0x00050fc4:  97ca              add                     a5,a5,s2
0x00050fc6:  078e              slli                    a5,a5,3
0x00050fc8:  97de              add                     a5,a5,s7
0x00050fca:  0167b823          sd                      s6,16(a5)
0x00050fce:  0137bc23          sd                      s3,24(a5)
0x00050fd2:  0357b023          sd                      s5,32(a5)
0x00050fd6:  2485              addiw                   s1,s1,1
0x00050fd8:  009ba423          sw                      s1,8(s7)
0x00050fdc:  7406              ld                      s0,96(sp)
0x00050fde:  70a6              ld                      ra,104(sp)
0x00050fe0:  64e6              ld                      s1,88(sp)
0x00050fe2:  6946              ld                      s2,80(sp)
0x00050fe4:  69a6              ld                      s3,72(sp)
0x00050fe6:  6a06              ld                      s4,64(sp)
0x00050fe8:  7ae2              ld                      s5,56(sp)
0x00050fea:  7b42              ld                      s6,48(sp)
0x00050fec:  7c02              ld                      s8,32(sp)
0x00050fee:  855e              mv                      a0,s7
0x00050ff0:  7ba2              ld                      s7,40(sp)
0x00050ff2:  6165              addi                    sp,sp,112
0x00050ff4:  b9c1              j                       -816                    # 0x50cc4

----------------
IN: __register_frame_info
0x00052482:  fd040593          addi                    a1,s0,-48
0x00052486:  8526              mv                      a0,s1
0x00052488:  80bff0ef          jal                     ra,-2038                # 0x51c92

----------------
IN: get_pc_range
0x00051c92:  7179              addi                    sp,sp,-48
0x00051c94:  f022              sd                      s0,32(sp)
0x00051c96:  ec26              sd                      s1,24(sp)
0x00051c98:  e84a              sd                      s2,16(sp)
0x00051c9a:  f406              sd                      ra,40(sp)
0x00051c9c:  1800              addi                    s0,sp,48
0x00051c9e:  0005b423          sd                      zero,8(a1)
0x00051ca2:  0005b023          sd                      zero,0(a1)
0x00051ca6:  511c              lw                      a5,32(a0)
0x00051ca8:  6d04              ld                      s1,24(a0)
0x00051caa:  892e              mv                      s2,a1
0x00051cac:  0017f713          andi                    a4,a5,1
0x00051cb0:  ef0d              bnez                    a4,58                   # 0x51cea

----------------
IN: get_pc_range
0x00051cb2:  8b89              andi                    a5,a5,2
0x00051cb4:  c39d              beqz                    a5,38                   # 0x51cda

----------------
IN: get_pc_range
0x00051cda:  7402              ld                      s0,32(sp)
0x00051cdc:  70a2              ld                      ra,40(sp)
0x00051cde:  6942              ld                      s2,16(sp)
0x00051ce0:  862e              mv                      a2,a1
0x00051ce2:  85a6              mv                      a1,s1
0x00051ce4:  64e2              ld                      s1,24(sp)
0x00051ce6:  6145              addi                    sp,sp,48
0x00051ce8:  b3bd              j                       -658                    # 0x51a56

----------------
IN: classify_object_over_fdes
0x00051a56:  7135              addi                    sp,sp,-160
0x00051a58:  e922              sd                      s0,144(sp)
0x00051a5a:  e0ea              sd                      s10,64(sp)
0x00051a5c:  ed06              sd                      ra,152(sp)
0x00051a5e:  f4d6              sd                      s5,104(sp)
0x00051a60:  1100              addi                    s0,sp,160
0x00051a62:  0005ad03          lw                      s10,0(a1)
0x00051a66:  220d0463          beqz                    s10,552                 # 0x51c8e

----------------
IN: classify_object_over_fdes
0x00051a6a:  f8840793          addi                    a5,s0,-120
0x00051a6e:  66c1              lui                     a3,16
0x00051a70:  f6f43423          sd                      a5,-152(s0)
0x00051a74:  fff68793          addi                    a5,a3,-1
0x00051a78:  f6f43023          sd                      a5,-160(s0)
0x00051a7c:  57fd              addi                    a5,zero,-1
0x00051a7e:  9381              srli                    a5,a5,32
0x00051a80:  e14a              sd                      s2,128(sp)
0x00051a82:  fcce              sd                      s3,120(sp)
0x00051a84:  f8d2              sd                      s4,112(sp)
0x00051a86:  f0da              sd                      s6,96(sp)
0x00051a88:  ecde              sd                      s7,88(sp)
0x00051a8a:  e8e2              sd                      s8,80(sp)
0x00051a8c:  e4e6              sd                      s9,72(sp)
0x00051a8e:  89b2              mv                      s3,a2
0x00051a90:  e526              sd                      s1,136(sp)
0x00051a92:  fc6e              sd                      s11,56(sp)
0x00051a94:  8cae              mv                      s9,a1
0x00051a96:  8a2a              mv                      s4,a0
0x00051a98:  4b01              mv                      s6,zero
0x00051a9a:  4901              mv                      s2,zero
0x00051a9c:  4a81              mv                      s5,zero
0x00051a9e:  4601              mv                      a2,zero
0x00051aa0:  4b89              addi                    s7,zero,2
0x00051aa2:  f6f43823          sd                      a5,-144(s0)
0x00051aa6:  f8040c13          addi                    s8,s0,-128
0x00051aaa:  004ca683          lw                      a3,4(s9)
0x00051aae:  cac5              beqz                    a3,176                  # 0x51b5e

----------------
IN: classify_object_over_fdes
0x00051ab0:  004c8493          addi                    s1,s9,4
0x00051ab4:  8c95              sub                     s1,s1,a3
0x00051ab6:  0ff97d93          andi                    s11,s2,255
0x00051aba:  10c48163          beq                     s1,a2,258               # 0x51bbc

----------------
IN: classify_object_over_fdes
0x00051abe:  8526              mv                      a0,s1
0x00051ac0:  eacff0ef          jal                     ra,-2388                # 0x5116c

----------------
IN: get_cie_encoding
0x0005116c:  715d              addi                    sp,sp,-80
0x0005116e:  e0a2              sd                      s0,64(sp)
0x00051170:  fc26              sd                      s1,56(sp)
0x00051172:  f84a              sd                      s2,48(sp)
0x00051174:  e486              sd                      ra,72(sp)
0x00051176:  0880              addi                    s0,sp,80
0x00051178:  00950493          addi                    s1,a0,9
0x0005117c:  892a              mv                      s2,a0
0x0005117e:  8526              mv                      a0,s1
0x00051180:  d8bc50ef          jal                     ra,-238198              # 0x16f0a

----------------
IN: get_cie_encoding
0x00051184:  00894683          lbu                     a3,8(s2)
0x00051188:  0505              addi                    a0,a0,1
0x0005118a:  478d              addi                    a5,zero,3
0x0005118c:  00a48633          add                     a2,s1,a0
0x00051190:  0cd7e863          bgtu                    a3,a5,208               # 0x51260

----------------
IN: get_cie_encoding
0x00051194:  00994703          lbu                     a4,9(s2)
0x00051198:  07a00793          addi                    a5,zero,122
0x0005119c:  00f70963          beq                     a4,a5,18                # 0x511ae

----------------
IN: get_cie_encoding
0x000511ae:  00060783          lb                      a5,0(a2)
0x000511b2:  0605              addi                    a2,a2,1
0x000511b4:  fe07cde3          bltz                    a5,-6                   # 0x511ae

----------------
IN: get_cie_encoding
0x000511b8:  00060783          lb                      a5,0(a2)
0x000511bc:  8732              mv                      a4,a2
0x000511be:  0605              addi                    a2,a2,1
0x000511c0:  fe07cce3          bltz                    a5,-8                   # 0x511b8

----------------
IN: get_cie_encoding
0x000511c4:  4785              addi                    a5,zero,1
0x000511c6:  08f68a63          beq                     a3,a5,148               # 0x5125a

----------------
IN: get_cie_encoding
0x000511ca:  00060783          lb                      a5,0(a2)
0x000511ce:  0605              addi                    a2,a2,1
0x000511d0:  fe07cde3          bltz                    a5,-6                   # 0x511ca

----------------
IN: get_cie_encoding
0x000511d4:  00a90493          addi                    s1,s2,10
0x000511d8:  00060783          lb                      a5,0(a2)
0x000511dc:  0605              addi                    a2,a2,1
0x000511de:  fe07cde3          bltz                    a5,-6                   # 0x511d8

----------------
IN: get_cie_encoding
0x000511e2:  00a94783          lbu                     a5,10(s2)
0x000511e6:  05200713          addi                    a4,zero,82
0x000511ea:  04e78063          beq                     a5,a4,64                # 0x5122a

----------------
IN: get_cie_encoding
0x0005122a:  60a6              ld                      ra,72(sp)
0x0005122c:  6406              ld                      s0,64(sp)
0x0005122e:  00064503          lbu                     a0,0(a2)
0x00051232:  74e2              ld                      s1,56(sp)
0x00051234:  7942              ld                      s2,48(sp)
0x00051236:  6161              addi                    sp,sp,80
0x00051238:  8082              ret                     

----------------
IN: classify_object_over_fdes
0x00051ac4:  0ff00693          addi                    a3,zero,255
0x00051ac8:  892a              mv                      s2,a0
0x00051aca:  1cd50063          beq                     a0,a3,448               # 0x51c8a

----------------
IN: classify_object_over_fdes
0x00051ace:  0ff57d93          andi                    s11,a0,255
0x00051ad2:  14dd8963          beq                     s11,a3,338              # 0x51c24

----------------
IN: classify_object_over_fdes
0x00051ad6:  070df693          andi                    a3,s11,112
0x00051ada:  02000613          addi                    a2,zero,32
0x00051ade:  14c68063          beq                     a3,a2,320               # 0x51c1e

----------------
IN: classify_object_over_fdes
0x00051ae2:  12d67363          bleu                    a3,a2,294               # 0x51c08

----------------
IN: classify_object_over_fdes
0x00051c08:  f80984e3          beqz                    s3,-120                 # 0x51b90

----------------
IN: classify_object_over_fdes
0x00051c0c:  86e2              mv                      a3,s8
0x00051c0e:  008c8613          addi                    a2,s9,8
0x00051c12:  4581              mv                      a1,zero
0x00051c14:  856e              mv                      a0,s11
0x00051c16:  b81fe0ef          jal                     ra,-5248                # 0x50796

----------------
IN: read_encoded_value_with_base
0x00050796:  05000793          addi                    a5,zero,80
0x0005079a:  08f50663          beq                     a0,a5,140               # 0x50826

----------------
IN: read_encoded_value_with_base
0x0005079e:  872a              mv                      a4,a0
0x000507a0:  00f57793          andi                    a5,a0,15
0x000507a4:  4531              addi                    a0,zero,12
0x000507a6:  16f56e63          bgtu                    a5,a0,380               # 0x50922

----------------
IN: read_encoded_value_with_base
0x000507aa:  0001e517          auipc                   a0,30                   # 0x6e7aa
0x000507ae:  d6e50513          addi                    a0,a0,-658
0x000507b2:  078a              slli                    a5,a5,2
0x000507b4:  97aa              add                     a5,a5,a0
0x000507b6:  439c              lw                      a5,0(a5)
0x000507b8:  97aa              add                     a5,a5,a0
0x000507ba:  8782              jr                      a5

----------------
IN: read_encoded_value_with_base
0x00050874:  00164803          lbu                     a6,1(a2)
0x00050878:  00064883          lbu                     a7,0(a2)
0x0005087c:  00264503          lbu                     a0,2(a2)
0x00050880:  00364783          lbu                     a5,3(a2)
0x00050884:  0822              slli                    a6,a6,8
0x00050886:  01186833          or                      a6,a6,a7
0x0005088a:  0542              slli                    a0,a0,16
0x0005088c:  01056533          or                      a0,a0,a6
0x00050890:  07e2              slli                    a5,a5,24
0x00050892:  8fc9              or                      a5,a5,a0
0x00050894:  2781              sext.w                  a5,a5
0x00050896:  00460513          addi                    a0,a2,4
0x0005089a:  b7b5              j                       -148                    # 0x50806

----------------
IN: read_encoded_value_with_base
0x00050806:  cf91              beqz                    a5,28                   # 0x50822

----------------
IN: read_encoded_value_with_base
0x00050808:  07077813          andi                    a6,a4,112
0x0005080c:  48c1              addi                    a7,zero,16
0x0005080e:  01181363          bne                     a6,a7,6                 # 0x50814

----------------
IN: read_encoded_value_with_base
0x00050812:  85b2              mv                      a1,a2
0x00050814:  0187171b          slliw                   a4,a4,24
0x00050818:  4187571b          sraiw                   a4,a4,24
0x0005081c:  97ae              add                     a5,a5,a1
0x0005081e:  00074b63          bltz                    a4,22                   # 0x50834

----------------
IN: read_encoded_value_with_base
0x00050822:  e29c              sd                      a5,0(a3)
0x00050824:  8082              ret                     

----------------
IN: classify_object_over_fdes
0x00051c1a:  4b01              mv                      s6,zero
0x00051c1c:  b5e5              j                       -280                    # 0x51b04

----------------
IN: classify_object_over_fdes
0x00051b04:  007df593          andi                    a1,s11,7
0x00051b08:  0d758963          beq                     a1,s7,210               # 0x51bda

----------------
IN: classify_object_over_fdes
0x00051b0c:  12bbfe63          bleu                    a1,s7,316               # 0x51c48

----------------
IN: classify_object_over_fdes
0x00051b10:  478d              addi                    a5,zero,3
0x00051b12:  f7043683          ld                      a3,-144(s0)
0x00051b16:  12f59463          bne                     a1,a5,296               # 0x51c3e

----------------
IN: classify_object_over_fdes
0x00051b1a:  f8043883          ld                      a7,-128(s0)
0x00051b1e:  00d8f6b3          and                     a3,a7,a3
0x00051b22:  ce8d              beqz                    a3,58                   # 0x51b5c

----------------
IN: classify_object_over_fdes
0x00051b24:  0a85              addi                    s5,s5,1
0x00051b26:  0a098d63          beqz                    s3,186                  # 0x51be0

----------------
IN: classify_object_over_fdes
0x00051b2a:  f6843683          ld                      a3,-152(s0)
0x00051b2e:  862a              mv                      a2,a0
0x00051b30:  4581              mv                      a1,zero
0x00051b32:  00fdf513          andi                    a0,s11,15
0x00051b36:  f7143c23          sd                      a7,-136(s0)
0x00051b3a:  c5dfe0ef          jal                     ra,-5028                # 0x50796

----------------
IN: read_encoded_value_with_base
0x00050814:  0187171b          slliw                   a4,a4,24
0x00050818:  4187571b          sraiw                   a4,a4,24
0x0005081c:  97ae              add                     a5,a5,a1
0x0005081e:  00074b63          bltz                    a4,22                   # 0x50834

----------------
IN: classify_object_over_fdes
0x00051b3e:  f8843683          ld                      a3,-120(s0)
0x00051b42:  f7843883          ld                      a7,-136(s0)
0x00051b46:  0009b603          ld                      a2,0(s3)
0x00051b4a:  0089b583          ld                      a1,8(s3)
0x00051b4e:  96c6              add                     a3,a3,a7
0x00051b50:  ee59              bnez                    a2,158                  # 0x51bee

----------------
IN: classify_object_over_fdes
0x00051b52:  e1d5              bnez                    a1,164                  # 0x51bf6

----------------
IN: classify_object_over_fdes
0x00051b54:  0119b023          sd                      a7,0(s3)
0x00051b58:  00d9b423          sd                      a3,8(s3)
0x00051b5c:  8626              mv                      a2,s1
0x00051b5e:  020d1793          slli                    a5,s10,32
0x00051b62:  9381              srli                    a5,a5,32
0x00051b64:  0791              addi                    a5,a5,4
0x00051b66:  9cbe              add                     s9,s9,a5
0x00051b68:  000cad03          lw                      s10,0(s9)
0x00051b6c:  f20d1fe3          bnez                    s10,-194                # 0x51aaa

----------------
IN: classify_object_over_fdes
0x00051aaa:  004ca683          lw                      a3,4(s9)
0x00051aae:  cac5              beqz                    a3,176                  # 0x51b5e

----------------
IN: classify_object_over_fdes
0x00051bbc:  86e2              mv                      a3,s8
0x00051bbe:  008c8613          addi                    a2,s9,8
0x00051bc2:  85da              mv                      a1,s6
0x00051bc4:  856e              mv                      a0,s11
0x00051bc6:  bd1fe0ef          jal                     ra,-5168                # 0x50796

----------------
IN: classify_object_over_fdes
0x00051bca:  0ff00693          addi                    a3,zero,255
0x00051bce:  f8dd87e3          beq                     s11,a3,-114             # 0x51b5c

----------------
IN: classify_object_over_fdes
0x00051bd2:  007df593          andi                    a1,s11,7
0x00051bd6:  f3759be3          bne                     a1,s7,-202              # 0x51b0c

----------------
IN: classify_object_over_fdes
0x00051bee:  00c8f463          bleu                    a2,a7,8                 # 0x51bf6

----------------
IN: classify_object_over_fdes
0x00051bf6:  f6d5f3e3          bleu                    a3,a1,-154              # 0x51b5c

----------------
IN: classify_object_over_fdes
0x00051bfa:  00d9b423          sd                      a3,8(s3)
0x00051bfe:  bfb9              j                       -162                    # 0x51b5c

----------------
IN: classify_object_over_fdes
0x00051b5c:  8626              mv                      a2,s1
0x00051b5e:  020d1793          slli                    a5,s10,32
0x00051b62:  9381              srli                    a5,a5,32
0x00051b64:  0791              addi                    a5,a5,4
0x00051b66:  9cbe              add                     s9,s9,a5
0x00051b68:  000cad03          lw                      s10,0(s9)
0x00051b6c:  f20d1fe3          bnez                    s10,-194                # 0x51aaa

----------------
IN: classify_object_over_fdes
0x00051bf2:  0119b023          sd                      a7,0(s3)
0x00051bf6:  f6d5f3e3          bleu                    a3,a1,-154              # 0x51b5c

----------------
IN: classify_object_over_fdes
0x00051b5e:  020d1793          slli                    a5,s10,32
0x00051b62:  9381              srli                    a5,a5,32
0x00051b64:  0791              addi                    a5,a5,4
0x00051b66:  9cbe              add                     s9,s9,a5
0x00051b68:  000cad03          lw                      s10,0(s9)
0x00051b6c:  f20d1fe3          bnez                    s10,-194                # 0x51aaa

----------------
IN: get_cie_encoding
0x000511ee:  f44e              sd                      s3,40(sp)
0x000511f0:  f052              sd                      s4,32(sp)
0x000511f2:  ec56              sd                      s5,24(sp)
0x000511f4:  e85a              sd                      s6,16(sp)
0x000511f6:  05000913          addi                    s2,zero,80
0x000511fa:  04c00a13          addi                    s4,zero,76
0x000511fe:  04200a93          addi                    s5,zero,66
0x00051202:  fb840b13          addi                    s6,s0,-72
0x00051206:  05200993          addi                    s3,zero,82
0x0005120a:  03278863          beq                     a5,s2,48                # 0x5123a

----------------
IN: get_cie_encoding
0x0005123a:  00064503          lbu                     a0,0(a2)
0x0005123e:  86da              mv                      a3,s6
0x00051240:  0605              addi                    a2,a2,1
0x00051242:  4581              mv                      a1,zero
0x00051244:  07f57513          andi                    a0,a0,127
0x00051248:  d4eff0ef          jal                     ra,-2738                # 0x50796

----------------
IN: get_cie_encoding
0x0005124c:  862a              mv                      a2,a0
0x0005124e:  b7e9              j                       -54                     # 0x51218

----------------
IN: get_cie_encoding
0x00051218:  0014c783          lbu                     a5,1(s1)
0x0005121c:  0485              addi                    s1,s1,1
0x0005121e:  ff3796e3          bne                     a5,s3,-20               # 0x5120a

----------------
IN: get_cie_encoding
0x0005120a:  03278863          beq                     a5,s2,48                # 0x5123a

----------------
IN: get_cie_encoding
0x0005120e:  01478463          beq                     a5,s4,8                 # 0x51216

----------------
IN: get_cie_encoding
0x00051216:  0605              addi                    a2,a2,1
0x00051218:  0014c783          lbu                     a5,1(s1)
0x0005121c:  0485              addi                    s1,s1,1
0x0005121e:  ff3796e3          bne                     a5,s3,-20               # 0x5120a

----------------
IN: get_cie_encoding
0x00051222:  79a2              ld                      s3,40(sp)
0x00051224:  7a02              ld                      s4,32(sp)
0x00051226:  6ae2              ld                      s5,24(sp)
0x00051228:  6b42              ld                      s6,16(sp)
0x0005122a:  60a6              ld                      ra,72(sp)
0x0005122c:  6406              ld                      s0,64(sp)
0x0005122e:  00064503          lbu                     a0,0(a2)
0x00051232:  74e2              ld                      s1,56(sp)
0x00051234:  7942              ld                      s2,48(sp)
0x00051236:  6161              addi                    sp,sp,80
0x00051238:  8082              ret                     

----------------
IN: classify_object_over_fdes
0x00051b70:  64aa              ld                      s1,136(sp)
0x00051b72:  690a              ld                      s2,128(sp)
0x00051b74:  79e6              ld                      s3,120(sp)
0x00051b76:  7a46              ld                      s4,112(sp)
0x00051b78:  7b06              ld                      s6,96(sp)
0x00051b7a:  6be6              ld                      s7,88(sp)
0x00051b7c:  6c46              ld                      s8,80(sp)
0x00051b7e:  6ca6              ld                      s9,72(sp)
0x00051b80:  7de2              ld                      s11,56(sp)
0x00051b82:  60ea              ld                      ra,152(sp)
0x00051b84:  644a              ld                      s0,144(sp)
0x00051b86:  6d06              ld                      s10,64(sp)
0x00051b88:  8556              mv                      a0,s5
0x00051b8a:  7aa6              ld                      s5,104(sp)
0x00051b8c:  610d              addi                    sp,sp,160
0x00051b8e:  8082              ret                     

----------------
IN: __register_frame_info
0x0005248c:  fd043583          ld                      a1,-48(s0)
0x00052490:  fd843603          ld                      a2,-40(s0)
0x00052494:  7402              ld                      s0,32(sp)
0x00052496:  70a2              ld                      ra,40(sp)
0x00052498:  86a6              mv                      a3,s1
0x0005249a:  64e2              ld                      s1,24(sp)
0x0005249c:  8e0d              sub                     a2,a2,a1
0x0005249e:  00038517          auipc                   a0,56                   # 0x8a49e
0x000524a2:  87250513          addi                    a0,a0,-1934
0x000524a6:  6145              addi                    sp,sp,48
0x000524a8:  9c5fe06f          j                       -5692                   # 0x50e6c

----------------
IN: 
0x00010712:  6402              ld                      s0,0(sp)
0x00010714:  60a2              ld                      ra,8(sp)
0x00010716:  0141              addi                    sp,sp,16
0x00010718:  bfb1              j                       -164                    # 0x10674

----------------
IN: 
0x00010674:  00085537          lui                     a0,133
0x00010678:  94850793          addi                    a5,a0,-1720
0x0001067c:  00085737          lui                     a4,133
0x00010680:  94870593          addi                    a1,a4,-1720
0x00010684:  8d9d              sub                     a1,a1,a5
0x00010686:  1141              addi                    sp,sp,-16
0x00010688:  4035d793          srai                    a5,a1,3
0x0001068c:  91fd              srli                    a1,a1,63
0x0001068e:  e422              sd                      s0,8(sp)
0x00010690:  95be              add                     a1,a1,a5
0x00010692:  0800              addi                    s0,sp,16
0x00010694:  8585              srai                    a1,a1,1
0x00010696:  c989              beqz                    a1,18                   # 0x106a8

----------------
IN: 
0x000106a8:  6422              ld                      s0,8(sp)
0x000106aa:  0141              addi                    sp,sp,16
0x000106ac:  8082              ret                     

----------------
IN: __libc_start_main
0x00010aba:  04a1              addi                    s1,s1,8
0x00010abc:  ff6a69e3          bgtu                    s6,s4,-14               # 0x10aae

----------------
IN: __libc_start_main
0x00010ac0:  4581              mv                      a1,zero
0x00010ac2:  4501              mv                      a0,zero
0x00010ac4:  1d9070ef          jal                     ra,31192                # 0x1849c

----------------
IN: _dl_debug_initialize
0x0001849c:  1141              addi                    sp,sp,-16
0x0001849e:  e422              sd                      s0,8(sp)
0x000184a0:  0800              addi                    s0,sp,16
0x000184a2:  00071797          auipc                   a5,113                  # 0x894a2
0x000184a6:  1c678793          addi                    a5,a5,454
0x000184aa:  e199              bnez                    a1,6                    # 0x184b0

----------------
IN: _dl_debug_initialize
0x000184ac:  4398              lw                      a4,0(a5)
0x000184ae:  cb0d              beqz                    a4,50                   # 0x184e0

----------------
IN: _dl_debug_initialize
0x000184e0:  4705              addi                    a4,zero,1
0x000184e2:  c398              sw                      a4,0(a5)
0x000184e4:  b7f1              j                       -52                     # 0x184b0

----------------
IN: _dl_debug_initialize
0x000184b0:  6b98              ld                      a4,16(a5)
0x000184b2:  ef01              bnez                    a4,24                   # 0x184ca

----------------
IN: _dl_debug_initialize
0x000184b4:  c505              beqz                    a0,40                   # 0x184dc

----------------
IN: _dl_debug_initialize
0x000184dc:  7388              ld                      a0,32(a5)
0x000184de:  bfe1              j                       -40                     # 0x184b6

----------------
IN: _dl_debug_initialize
0x000184b6:  00000717          auipc                   a4,0                    # 0x184b6
0x000184ba:  f8270713          addi                    a4,a4,-126
0x000184be:  eb98              sd                      a4,16(a5)
0x000184c0:  f388              sd                      a0,32(a5)
0x000184c2:  00071717          auipc                   a4,113                  # 0x894c2
0x000184c6:  1c073723          sd                      zero,462(a4)
0x000184ca:  679c              ld                      a5,8(a5)
0x000184cc:  cf89              beqz                    a5,26                   # 0x184e6

----------------
IN: _dl_debug_initialize
0x000184e6:  00259793          slli                    a5,a1,2
0x000184ea:  97ae              add                     a5,a5,a1
0x000184ec:  0006b717          auipc                   a4,107                  # 0x834ec
0x000184f0:  afc73703          ld                      a4,-1284(a4)
0x000184f4:  0796              slli                    a5,a5,5
0x000184f6:  97ba              add                     a5,a5,a4
0x000184f8:  6398              ld                      a4,0(a5)
0x000184fa:  00071797          auipc                   a5,113                  # 0x894fa
0x000184fe:  17678793          addi                    a5,a5,374
0x00018502:  0310000f          fence                   rw,w
0x00018506:  e398              sd                      a4,0(a5)
0x00018508:  6422              ld                      s0,8(sp)
0x0001850a:  00071517          auipc                   a0,113                  # 0x8950a
0x0001850e:  15e50513          addi                    a0,a0,350
0x00018512:  0141              addi                    sp,sp,16
0x00018514:  8082              ret                     

----------------
IN: __libc_start_main
0x00010ac8:  864e              mv                      a2,s3
0x00010aca:  85ca              mv                      a1,s2
0x00010acc:  8562              mv                      a0,s8
0x00010ace:  d71ff0ef          jal                     ra,-656                 # 0x1083e

----------------
IN: __libc_start_call_main
0x0001083e:  7169              addi                    sp,sp,-304
0x00010840:  f222              sd                      s0,288(sp)
0x00010842:  f606              sd                      ra,296(sp)
0x00010844:  1a00              addi                    s0,sp,304
0x00010846:  87aa              mv                      a5,a0
0x00010848:  ef840513          addi                    a0,s0,-264
0x0001084c:  eef43423          sd                      a5,-280(s0)
0x00010850:  eeb43023          sd                      a1,-288(s0)
0x00010854:  ecc43c23          sd                      a2,-296(s0)
0x00010858:  55c000ef          jal                     ra,1372                 # 0x10db4

----------------
IN: __GI__setjmp
0x00010db4:  4581              mv                      a1,zero
0x00010db6:  a019              j                       6                       # 0x10dbc

----------------
IN: __sigsetjmp
0x00010dbc:  00153023          sd                      ra,0(a0)
0x00010dc0:  e500              sd                      s0,8(a0)
0x00010dc2:  e904              sd                      s1,16(a0)
0x00010dc4:  01253c23          sd                      s2,24(a0)
0x00010dc8:  03353023          sd                      s3,32(a0)
0x00010dcc:  03453423          sd                      s4,40(a0)
0x00010dd0:  03553823          sd                      s5,48(a0)
0x00010dd4:  03653c23          sd                      s6,56(a0)
0x00010dd8:  05753023          sd                      s7,64(a0)
0x00010ddc:  05853423          sd                      s8,72(a0)
0x00010de0:  05953823          sd                      s9,80(a0)
0x00010de4:  05a53c23          sd                      s10,88(a0)
0x00010de8:  07b53023          sd                      s11,96(a0)
0x00010dec:  06253423          sd                      sp,104(a0)
0x00010df0:  b920              fsd                     fs0,112(a0)
0x00010df2:  bd24              fsd                     fs1,120(a0)
0x00010df4:  09253027          fsd                     fs2,128(a0)
0x00010df8:  09353427          fsd                     fs3,136(a0)
0x00010dfc:  09453827          fsd                     fs4,144(a0)
0x00010e00:  09553c27          fsd                     fs5,152(a0)
0x00010e04:  0b653027          fsd                     fs6,160(a0)
0x00010e08:  0b753427          fsd                     fs7,168(a0)
0x00010e0c:  0b853827          fsd                     fs8,176(a0)
0x00010e10:  0b953c27          fsd                     fs9,184(a0)
0x00010e14:  0da53027          fsd                     fs10,192(a0)
0x00010e18:  0db53427          fsd                     fs11,200(a0)
0x00010e1c:  0040006f          j                       4                       # 0x10e20

----------------
IN: __sigjmp_save
0x00010e20:  1101              addi                    sp,sp,-32
0x00010e22:  e822              sd                      s0,16(sp)
0x00010e24:  e426              sd                      s1,8(sp)
0x00010e26:  ec06              sd                      ra,24(sp)
0x00010e28:  1000              addi                    s0,sp,32
0x00010e2a:  84aa              mv                      s1,a0
0x00010e2c:  e989              bnez                    a1,18                   # 0x10e3e

----------------
IN: __sigjmp_save
0x00010e2e:  60e2              ld                      ra,24(sp)
0x00010e30:  6442              ld                      s0,16(sp)
0x00010e32:  0cb4a823          sw                      a1,208(s1)
0x00010e36:  4501              mv                      a0,zero
0x00010e38:  64a2              ld                      s1,8(sp)
0x00010e3a:  6105              addi                    sp,sp,32
0x00010e3c:  8082              ret                     

----------------
IN: __libc_start_call_main
0x0001085c:  e915              bnez                    a0,52                   # 0x10890

----------------
IN: __libc_start_call_main
0x0001085e:  9a023683          ld                      a3,-1632(tp)
0x00010862:  99823703          ld                      a4,-1640(tp)
0x00010866:  ed843583          ld                      a1,-296(s0)
0x0001086a:  ee043503          ld                      a0,-288(s0)
0x0001086e:  ee843783          ld                      a5,-280(s0)
0x00010872:  fce43c23          sd                      a4,-40(s0)
0x00010876:  fcd43823          sd                      a3,-48(s0)
0x0001087a:  ef840713          addi                    a4,s0,-264
0x0001087e:  9ae23023          sd                      a4,-1632(tp)
0x00010882:  00079617          auipc                   a2,121                  # 0x89882
0x00010886:  dd663603          ld                      a2,-554(a2)
0x0001088a:  9782              jalr                    ra,a5,0

----------------
IN: 
0x00010636:  bdb9              j                       -418                    # 0x10494

----------------
IN: main
0x00010494:  715d              addi                    sp,sp,-80
0x00010496:  6589              lui                     a1,2
0x00010498:  04000513          addi                    a0,zero,64
0x0001049c:  e486              sd                      ra,72(sp)
0x0001049e:  e0a2              sd                      s0,64(sp)
0x000104a0:  fc26              sd                      s1,56(sp)
0x000104a2:  f84a              sd                      s2,48(sp)
0x000104a4:  f44e              sd                      s3,40(sp)
0x000104a6:  f052              sd                      s4,32(sp)
0x000104a8:  ec56              sd                      s5,24(sp)
0x000104aa:  e85a              sd                      s6,16(sp)
0x000104ac:  e45e              sd                      s7,8(sp)
0x000104ae:  e062              sd                      s8,0(sp)
0x000104b0:  3a3050ef          jal                     ra,23458                # 0x16052

----------------
IN: aligned_alloc
0x00016052:  00073797          auipc                   a5,115                  # 0x89052
0x00016056:  5c37c783          lbu                     a5,1475(a5)
0x0001605a:  c38d              beqz                    a5,34                   # 0x1607c

----------------
IN: aligned_alloc
0x0001605c:  fff50793          addi                    a5,a0,-1
0x00016060:  8fe9              and                     a5,a5,a0
0x00016062:  e781              bnez                    a5,8                    # 0x1606a

----------------
IN: aligned_alloc
0x00016064:  c119              beqz                    a0,6                    # 0x1606a

----------------
IN: aligned_alloc
0x00016066:  ea6ff06f          j                       -2394                   # 0x1570c

----------------
IN: _mid_memalign.isra.0
0x0001570c:  7139              addi                    sp,sp,-64
0x0001570e:  f822              sd                      s0,48(sp)
0x00015710:  ec4e              sd                      s3,24(sp)
0x00015712:  fc06              sd                      ra,56(sp)
0x00015714:  0080              addi                    s0,sp,64
0x00015716:  47c1              addi                    a5,zero,16
0x00015718:  89ae              mv                      s3,a1
0x0001571a:  10a7f563          bleu                    a0,a5,266               # 0x15824

----------------
IN: _mid_memalign.isra.0
0x0001571e:  f426              sd                      s1,40(sp)
0x00015720:  f04a              sd                      s2,32(sp)
0x00015722:  47fd              addi                    a5,zero,31
0x00015724:  0ea7fd63          bleu                    a0,a5,250               # 0x1581e

----------------
IN: _mid_memalign.isra.0
0x00015728:  57fd              addi                    a5,zero,-1
0x0001572a:  17fe              slli                    a5,a5,63
0x0001572c:  22a7e763          bgtu                    a0,a5,558               # 0x1595a

----------------
IN: _mid_memalign.isra.0
0x00015730:  fff50793          addi                    a5,a0,-1
0x00015734:  8fe9              and                     a5,a5,a0
0x00015736:  24078463          beqz                    a5,584                  # 0x1597e

----------------
IN: _mid_memalign.isra.0
0x0001597e:  84aa              mv                      s1,a0
0x00015980:  b3f1              j                       -564                    # 0x1574c

----------------
IN: _mid_memalign.isra.0
0x0001574c:  1e09ce63          bltz                    s3,508                  # 0x15948

----------------
IN: _mid_memalign.isra.0
0x00015750:  e456              sd                      s5,8(sp)
0x00015752:  01798793          addi                    a5,s3,23
0x00015756:  46fd              addi                    a3,zero,31
0x00015758:  4701              mv                      a4,zero
0x0001575a:  00f6f663          bleu                    a5,a3,12                # 0x15766

----------------
IN: _mid_memalign.isra.0
0x0001575e:  9bc1              andi                    a5,a5,-16
0x00015760:  17bd              addi                    a5,a5,-17
0x00015762:  0047d713          srli                    a4,a5,4
0x00015766:  0006ea97          auipc                   s5,110                  # 0x83766
0x0001576a:  95aa8a93          addi                    s5,s5,-1702
0x0001576e:  068ab783          ld                      a5,104(s5)
0x00015772:  00f77d63          bleu                    a5,a4,26                # 0x1578c

----------------
IN: _mid_memalign.isra.0
0x0001578c:  8a022783          lw                      a5,-1888(tp)
0x00015790:  cfe1              beqz                    a5,216                  # 0x15868

----------------
IN: _mid_memalign.isra.0
0x00015868:  864e              mv                      a2,s3
0x0001586a:  85a6              mv                      a1,s1
0x0001586c:  0006e517          auipc                   a0,110                  # 0x8386c
0x00015870:  8ec50513          addi                    a0,a0,-1812
0x00015874:  8e1ff0ef          jal                     ra,-1824                # 0x15154

----------------
IN: _int_memalign
0x00015154:  7139              addi                    sp,sp,-64
0x00015156:  f822              sd                      s0,48(sp)
0x00015158:  fc06              sd                      ra,56(sp)
0x0001515a:  f426              sd                      s1,40(sp)
0x0001515c:  0080              addi                    s0,sp,64
0x0001515e:  14064c63          bltz                    a2,344                  # 0x152b6

----------------
IN: _int_memalign
0x00015162:  f04a              sd                      s2,32(sp)
0x00015164:  e852              sd                      s4,16(sp)
0x00015166:  e05a              sd                      s6,0(sp)
0x00015168:  065d              addi                    a2,a2,23
0x0001516a:  47fd              addi                    a5,zero,31
0x0001516c:  8a2a              mv                      s4,a0
0x0001516e:  892e              mv                      s2,a1
0x00015170:  02000b13          addi                    s6,zero,32
0x00015174:  00c7f463          bleu                    a2,a5,8                 # 0x1517c

----------------
IN: _int_memalign
0x00015178:  ff067b13          andi                    s6,a2,-16
0x0001517c:  02090593          addi                    a1,s2,32
0x00015180:  95da              add                     a1,a1,s6
0x00015182:  8552              mv                      a0,s4
0x00015184:  854ff0ef          jal                     ra,-4012                # 0x141d8

----------------
IN: _int_malloc
0x000143a4:  0094da93          srli                    s5,s1,9
0x000143a8:  47d1              addi                    a5,zero,20
0x000143aa:  4957e263          bgtu                    s5,a5,1156              # 0x1482e

----------------
IN: _int_malloc
0x000143ae:  05ba8a9b          addiw                   s5,s5,91
0x000143b2:  00890793          addi                    a5,s2,8
0x000143b6:  439c              lw                      a5,0(a5)
0x000143b8:  2781              sext.w                  a5,a5
0x000143ba:  28079963          bnez                    a5,658                  # 0x1464c

----------------
IN: _int_memalign
0x00015188:  84aa              mv                      s1,a0
0x0001518a:  12050f63          beqz                    a0,318                  # 0x152c8

----------------
IN: _int_memalign
0x0001518e:  032577b3          remu                    a5,a0,s2
0x00015192:  ff050593          addi                    a1,a0,-16
0x00015196:  c7c9              beqz                    a5,138                  # 0x15220

----------------
IN: _int_memalign
0x00015198:  ec4e              sd                      s3,24(sp)
0x0001519a:  fff90993          addi                    s3,s2,-1
0x0001519e:  412007b3          neg                     a5,s2
0x000151a2:  99aa              add                     s3,s3,a0
0x000151a4:  00f9f9b3          and                     s3,s3,a5
0x000151a8:  19c1              addi                    s3,s3,-16
0x000151aa:  e456              sd                      s5,8(sp)
0x000151ac:  40b98633          sub                     a2,s3,a1
0x000151b0:  47fd              addi                    a5,zero,31
0x000151b2:  00c7e563          bgtu                    a2,a5,10                # 0x151bc

----------------
IN: _int_memalign
0x000151bc:  ff84b783          ld                      a5,-8(s1)
0x000151c0:  ff87fa93          andi                    s5,a5,-8
0x000151c4:  8b89              andi                    a5,a5,2
0x000151c6:  40ca8ab3          sub                     s5,s5,a2
0x000151ca:  e3e1              bnez                    a5,192                  # 0x1528a

----------------
IN: _int_memalign
0x000151cc:  0006e797          auipc                   a5,110                  # 0x831cc
0x000151d0:  f8c78793          addi                    a5,a5,-116
0x000151d4:  40fa07b3          sub                     a5,s4,a5
0x000151d8:  00f037b3          snez                    a5,a5
0x000151dc:  078a              slli                    a5,a5,2
0x000151de:  00fae733          or                      a4,s5,a5
0x000151e2:  00176713          ori                     a4,a4,1
0x000151e6:  00e9b423          sd                      a4,8(s3)
0x000151ea:  015986b3          add                     a3,s3,s5
0x000151ee:  6698              ld                      a4,8(a3)
0x000151f0:  8552              mv                      a0,s4
0x000151f2:  00176713          ori                     a4,a4,1
0x000151f6:  e698              sd                      a4,8(a3)
0x000151f8:  ff84b703          ld                      a4,-8(s1)
0x000151fc:  8b1d              andi                    a4,a4,7
0x000151fe:  8fd9              or                      a5,a5,a4
0x00015200:  8fd1              or                      a5,a5,a2
0x00015202:  fef4bc23          sd                      a5,-8(s1)
0x00015206:  d1efe0ef          jal                     ra,-6882                # 0x13724

----------------
IN: _int_free_merge_chunk
0x00013724:  7139              addi                    sp,sp,-64
0x00013726:  f822              sd                      s0,48(sp)
0x00013728:  ec4e              sd                      s3,24(sp)
0x0001372a:  fc06              sd                      ra,56(sp)
0x0001372c:  f426              sd                      s1,40(sp)
0x0001372e:  f04a              sd                      s2,32(sp)
0x00013730:  e852              sd                      s4,16(sp)
0x00013732:  e456              sd                      s5,8(sp)
0x00013734:  0080              addi                    s0,sp,64
0x00013736:  7138              ld                      a4,96(a0)
0x00013738:  00c589b3          add                     s3,a1,a2
0x0001373c:  08b70d63          beq                     a4,a1,154               # 0x137d6

----------------
IN: _int_free_merge_chunk
0x00013740:  415c              lw                      a5,4(a0)
0x00013742:  8aaa              mv                      s5,a0
0x00013744:  84ae              mv                      s1,a1
0x00013746:  8b89              andi                    a5,a5,2
0x00013748:  8932              mv                      s2,a2
0x0001374a:  cfc1              beqz                    a5,152                  # 0x137e2

----------------
IN: _int_free_merge_chunk
0x000137e2:  671c              ld                      a5,8(a4)
0x000137e4:  9be1              andi                    a5,a5,-8
0x000137e6:  973e              add                     a4,a4,a5
0x000137e8:  f6e9e2e3          bgtu                    a4,s3,-156              # 0x1374c

----------------
IN: _int_free_merge_chunk
0x0001374c:  0089b783          ld                      a5,8(s3)
0x00013750:  0017f713          andi                    a4,a5,1
0x00013754:  c355              beqz                    a4,164                  # 0x137f8

----------------
IN: _int_free_merge_chunk
0x00013756:  4741              addi                    a4,zero,16
0x00013758:  ff87fa13          andi                    s4,a5,-8
0x0001375c:  06f77763          bleu                    a5,a4,110               # 0x137ca

----------------
IN: _int_free_merge_chunk
0x00013760:  6785              lui                     a5,1
0x00013762:  97d6              add                     a5,a5,s5
0x00013764:  8887b783          ld                      a5,-1912(a5)
0x00013768:  06fa7163          bleu                    a5,s4,98                # 0x137ca

----------------
IN: _int_free_merge_chunk
0x0001376c:  00076597          auipc                   a1,118                  # 0x8976c
0x00013770:  ea45a583          lw                      a1,-348(a1)
0x00013774:  e9c1              bnez                    a1,144                  # 0x13804

----------------
IN: _int_free_merge_chunk
0x00013776:  649c              ld                      a5,8(s1)
0x00013778:  8b85              andi                    a5,a5,1
0x0001377a:  eb99              bnez                    a5,22                   # 0x13790

----------------
IN: _int_free_merge_chunk
0x00013790:  8752              mv                      a4,s4
0x00013792:  86ce              mv                      a3,s3
0x00013794:  864a              mv                      a2,s2
0x00013796:  85a6              mv                      a1,s1
0x00013798:  8556              mv                      a0,s5
0x0001379a:  ecdfe0ef          jal                     ra,-4404                # 0x12666

----------------
IN: _int_free_create_chunk
0x00012666:  7179              addi                    sp,sp,-48
0x00012668:  f022              sd                      s0,32(sp)
0x0001266a:  ec26              sd                      s1,24(sp)
0x0001266c:  e84a              sd                      s2,16(sp)
0x0001266e:  e44e              sd                      s3,8(sp)
0x00012670:  e052              sd                      s4,0(sp)
0x00012672:  f406              sd                      ra,40(sp)
0x00012674:  1800              addi                    s0,sp,48
0x00012676:  713c              ld                      a5,96(a0)
0x00012678:  892a              mv                      s2,a0
0x0001267a:  84ae              mv                      s1,a1
0x0001267c:  8a32              mv                      s4,a2
0x0001267e:  89ba              mv                      s3,a4
0x00012680:  06d78263          beq                     a5,a3,100               # 0x126e4

----------------
IN: _int_free_create_chunk
0x00012684:  00e687b3          add                     a5,a3,a4
0x00012688:  679c              ld                      a5,8(a5)
0x0001268a:  8b85              andi                    a5,a5,1
0x0001268c:  c7b1              beqz                    a5,76                   # 0x126d8

----------------
IN: _int_free_create_chunk
0x0001268e:  669c              ld                      a5,8(a3)
0x00012690:  8532              mv                      a0,a2
0x00012692:  9bf9              andi                    a5,a5,-2
0x00012694:  e69c              sd                      a5,8(a3)
0x00012696:  07093703          ld                      a4,112(s2)
0x0001269a:  06090793          addi                    a5,s2,96
0x0001269e:  6f14              ld                      a3,24(a4)
0x000126a0:  06f69163          bne                     a3,a5,98                # 0x12702

----------------
IN: _int_free_create_chunk
0x000126a4:  e898              sd                      a4,16(s1)
0x000126a6:  ec94              sd                      a3,24(s1)
0x000126a8:  3ff00793          addi                    a5,zero,1023
0x000126ac:  00a7f663          bleu                    a0,a5,12                # 0x126b8

----------------
IN: _int_free_create_chunk
0x000126b8:  06993823          sd                      s1,112(s2)
0x000126bc:  ef04              sd                      s1,24(a4)
0x000126be:  70a2              ld                      ra,40(sp)
0x000126c0:  7402              ld                      s0,32(sp)
0x000126c2:  00156793          ori                     a5,a0,1
0x000126c6:  e49c              sd                      a5,8(s1)
0x000126c8:  94aa              add                     s1,s1,a0
0x000126ca:  e088              sd                      a0,0(s1)
0x000126cc:  6942              ld                      s2,16(sp)
0x000126ce:  64e2              ld                      s1,24(sp)
0x000126d0:  69a2              ld                      s3,8(sp)
0x000126d2:  6a02              ld                      s4,0(sp)
0x000126d4:  6145              addi                    sp,sp,48
0x000126d6:  8082              ret                     

----------------
IN: _int_free_merge_chunk
0x0001379e:  67c1              lui                     a5,16
0x000137a0:  00f57b63          bleu                    a5,a0,22                # 0x137b6

----------------
IN: _int_free_merge_chunk
0x000137a4:  70e2              ld                      ra,56(sp)
0x000137a6:  7442              ld                      s0,48(sp)
0x000137a8:  74a2              ld                      s1,40(sp)
0x000137aa:  7902              ld                      s2,32(sp)
0x000137ac:  69e2              ld                      s3,24(sp)
0x000137ae:  6a42              ld                      s4,16(sp)
0x000137b0:  6aa2              ld                      s5,8(sp)
0x000137b2:  6121              addi                    sp,sp,64
0x000137b4:  8082              ret                     

----------------
IN: _int_memalign
0x0001520a:  0d6ae463          bgtu                    s6,s5,200               # 0x152d2

----------------
IN: _int_memalign
0x0001520e:  01098493          addi                    s1,s3,16
0x00015212:  0324f933          remu                    s2,s1,s2
0x00015216:  85ce              mv                      a1,s3
0x00015218:  0a091d63          bnez                    s2,186                  # 0x152d2

----------------
IN: _int_memalign
0x0001521c:  69e2              ld                      s3,24(sp)
0x0001521e:  6aa2              ld                      s5,8(sp)
0x00015220:  659c              ld                      a5,8(a1)
0x00015222:  0027f713          andi                    a4,a5,2
0x00015226:  cb11              beqz                    a4,20                   # 0x1523a

----------------
IN: _int_memalign
0x0001523a:  ff87f613          andi                    a2,a5,-8
0x0001523e:  00c586b3          add                     a3,a1,a2
0x00015242:  6698              ld                      a4,8(a3)
0x00015244:  fecb72e3          bleu                    a2,s6,-28               # 0x15228

----------------
IN: _int_memalign
0x00015248:  41660633          sub                     a2,a2,s6
0x0001524c:  457d              addi                    a0,zero,31
0x0001524e:  9b61              andi                    a4,a4,-8
0x00015250:  00c56b63          bgtu                    a2,a0,22                # 0x15266

----------------
IN: _int_memalign
0x00015266:  8b9d              andi                    a5,a5,7
0x00015268:  0167e7b3          or                      a5,a5,s6
0x0001526c:  e59c              sd                      a5,8(a1)
0x0001526e:  8552              mv                      a0,s4
0x00015270:  95da              add                     a1,a1,s6
0x00015272:  bf4fd0ef          jal                     ra,-11276               # 0x12666

----------------
IN: _int_free_create_chunk
0x000126e4:  00e60533          add                     a0,a2,a4
0x000126e8:  70a2              ld                      ra,40(sp)
0x000126ea:  7402              ld                      s0,32(sp)
0x000126ec:  00156793          ori                     a5,a0,1
0x000126f0:  e59c              sd                      a5,8(a1)
0x000126f2:  06b93023          sd                      a1,96(s2)
0x000126f6:  64e2              ld                      s1,24(sp)
0x000126f8:  6942              ld                      s2,16(sp)
0x000126fa:  69a2              ld                      s3,8(sp)
0x000126fc:  6a02              ld                      s4,0(sp)
0x000126fe:  6145              addi                    sp,sp,48
0x00012700:  8082              ret                     

----------------
IN: _int_memalign
0x00015276:  67c1              lui                     a5,16
0x00015278:  faf568e3          bgtu                    a5,a0,-80               # 0x15228

----------------
IN: _int_memalign
0x0001527c:  8552              mv                      a0,s4
0x0001527e:  8b4fe0ef          jal                     ra,-8012                # 0x13332

----------------
IN: _int_free_maybe_consolidate.part.0
0x00013332:  7175              addi                    sp,sp,-144
0x00013334:  e122              sd                      s0,128(sp)
0x00013336:  fca6              sd                      s1,120(sp)
0x00013338:  0900              addi                    s0,sp,144
0x0001333a:  e506              sd                      ra,136(sp)
0x0001333c:  00070717          auipc                   a4,112                  # 0x8333c
0x00013340:  8d473703          ld                      a4,-1836(a4)
0x00013344:  631c              ld                      a5,0(a4)
0x00013346:  f8f43423          sd                      a5,-120(s0)
0x0001334a:  4781              mv                      a5,zero
0x0001334c:  84aa              mv                      s1,a0
0x0001334e:  00850793          addi                    a5,a0,8
0x00013352:  439c              lw                      a5,0(a5)
0x00013354:  2781              sext.w                  a5,a5
0x00013356:  1a079663          bnez                    a5,428                  # 0x13502

----------------
IN: _int_free_maybe_consolidate.part.0
0x0001335a:  00070797          auipc                   a5,112                  # 0x8335a
0x0001335e:  dfe78793          addi                    a5,a5,-514
0x00013362:  1af48863          beq                     s1,a5,432               # 0x13512

----------------
IN: _int_free_maybe_consolidate.part.0
0x00013512:  70bc              ld                      a5,96(s1)
0x00013514:  00070717          auipc                   a4,112                  # 0x83514
0x00013518:  bac70713          addi                    a4,a4,-1108
0x0001351c:  6314              ld                      a3,0(a4)
0x0001351e:  679c              ld                      a5,8(a5)
0x00013520:  9be1              andi                    a5,a5,-8
0x00013522:  f8d7efe3          bgtu                    a3,a5,-98               # 0x134c0

----------------
IN: _int_free_maybe_consolidate.part.0
0x000134c0:  0006f797          auipc                   a5,111                  # 0x824c0
0x000134c4:  7507b783          ld                      a5,1872(a5)
0x000134c8:  f8843703          ld                      a4,-120(s0)
0x000134cc:  639c              ld                      a5,0(a5)
0x000134ce:  8fb9              xor                     a5,a5,a4
0x000134d0:  4701              mv                      a4,zero
0x000134d2:  20079763          bnez                    a5,526                  # 0x136e0

----------------
IN: _int_free_maybe_consolidate.part.0
0x000134d6:  60aa              ld                      ra,136(sp)
0x000134d8:  640a              ld                      s0,128(sp)
0x000134da:  74e6              ld                      s1,120(sp)
0x000134dc:  6149              addi                    sp,sp,144
0x000134de:  8082              ret                     

----------------
IN: _int_memalign
0x00015282:  7902              ld                      s2,32(sp)
0x00015284:  6a42              ld                      s4,16(sp)
0x00015286:  6b02              ld                      s6,0(sp)
0x00015288:  b75d              j                       -90                     # 0x1522e

----------------
IN: _int_memalign
0x0001522e:  70e2              ld                      ra,56(sp)
0x00015230:  7442              ld                      s0,48(sp)
0x00015232:  8526              mv                      a0,s1
0x00015234:  74a2              ld                      s1,40(sp)
0x00015236:  6121              addi                    sp,sp,64
0x00015238:  8082              ret                     

----------------
IN: _mid_memalign.isra.0
0x00015878:  892a              mv                      s2,a0
0x0001587a:  c951              beqz                    a0,148                  # 0x1590e

----------------
IN: _mid_memalign.isra.0
0x0001587c:  ff853783          ld                      a5,-8(a0)
0x00015880:  0027f713          andi                    a4,a5,2
0x00015884:  f741              bnez                    a4,-120                 # 0x1580c

----------------
IN: _mid_memalign.isra.0
0x00015886:  8b91              andi                    a5,a5,4
0x00015888:  d3d1              beqz                    a5,-124                 # 0x1580c

----------------
IN: _mid_memalign.isra.0
0x0001580c:  6aa2              ld                      s5,8(sp)
0x0001580e:  70e2              ld                      ra,56(sp)
0x00015810:  7442              ld                      s0,48(sp)
0x00015812:  74a2              ld                      s1,40(sp)
0x00015814:  69e2              ld                      s3,24(sp)
0x00015816:  854a              mv                      a0,s2
0x00015818:  7902              ld                      s2,32(sp)
0x0001581a:  6121              addi                    sp,sp,64
0x0001581c:  8082              ret                     

----------------
IN: main
0x000104b4:  89aa              mv                      s3,a0
0x000104b6:  6589              lui                     a1,2
0x000104b8:  04000513          addi                    a0,zero,64
0x000104bc:  397050ef          jal                     ra,23446                # 0x16052

----------------
IN: _int_malloc
0x000143f2:  6685              lui                     a3,1
0x000143f4:  4801              mv                      a6,zero
0x000143f6:  4501              mv                      a0,zero
0x000143f8:  45c1              addi                    a1,zero,16
0x000143fa:  96ca              add                     a3,a3,s2
0x000143fc:  48bd              addi                    a7,zero,15
0x000143fe:  671c              ld                      a5,8(a4)
0x00014400:  9be1              andi                    a5,a5,-8
0x00014402:  00f70eb3          add                     t4,a4,a5
0x00014406:  20f5ff63          bleu                    a5,a1,542               # 0x14624

----------------
IN: _int_malloc
0x0001440a:  8886b603          ld                      a2,-1912(a3)
0x0001440e:  20f66b63          bgtu                    a5,a2,534               # 0x14624

----------------
IN: _int_malloc
0x00014412:  008ebe03          ld                      t3,8(t4)
0x00014416:  27c8f363          bleu                    t3,a7,614               # 0x1467c

----------------
IN: _int_malloc
0x0001441a:  27c66163          bgtu                    t3,a2,610               # 0x1467c

----------------
IN: _int_malloc
0x0001441e:  000eb603          ld                      a2,0(t4)
0x00014422:  9a61              andi                    a2,a2,-8
0x00014424:  52f61263          bne                     a2,a5,1316              # 0x14948

----------------
IN: _int_malloc
0x00014428:  6f10              ld                      a2,24(a4)
0x0001442a:  01063303          ld                      t1,16(a2)
0x0001442e:  40e31d63          bne                     t1,a4,1050              # 0x14848

----------------
IN: _int_malloc
0x00014432:  01073303          ld                      t1,16(a4)
0x00014436:  41931963          bne                     t1,s9,1042              # 0x14848

----------------
IN: _int_malloc
0x0001443a:  001e7313          andi                    t1,t3,1
0x0001443e:  54031d63          bnez                    t1,1370                 # 0x14998

----------------
IN: _int_malloc
0x00014442:  3ff00313          addi                    t1,zero,1023
0x00014446:  00936463          bgtu                    s1,t1,8                 # 0x1444e

----------------
IN: _int_malloc
0x0001444e:  06c93c23          sd                      a2,120(s2)
0x00014452:  01963823          sd                      s9,16(a2)
0x00014456:  22978f63          beq                     a5,s1,574               # 0x14694

----------------
IN: _int_malloc
0x0001445a:  3ff00613          addi                    a2,zero,1023
0x0001445e:  28f67a63          bleu                    a5,a2,660               # 0x146f2

----------------
IN: _int_malloc
0x000146f2:  0047d61b          srliw                   a2,a5,4
0x000146f6:  0016161b          slliw                   a2,a2,1
0x000146fa:  2631              addiw                   a2,a2,12
0x000146fc:  060e              slli                    a2,a2,3
0x000146fe:  964a              add                     a2,a2,s2
0x00014700:  00063e03          ld                      t3,0(a2)
0x00014704:  0047d31b          srliw                   t1,a5,4
0x00014708:  1641              addi                    a2,a2,-16
0x0001470a:  40535793          srai                    a5,t1,5
0x0001470e:  078a              slli                    a5,a5,2
0x00014710:  6e85              lui                     t4,1
0x00014712:  97ca              add                     a5,a5,s2
0x00014714:  97f6              add                     a5,a5,t4
0x00014716:  8607ae83          lw                      t4,-1952(a5)
0x0001471a:  4f05              addi                    t5,zero,1
0x0001471c:  006f133b          sllw                    t1,t5,t1
0x00014720:  006ee333          or                      t1,t4,t1
0x00014724:  8667a023          sw                      t1,-1952(a5)
0x00014728:  ef10              sd                      a2,24(a4)
0x0001472a:  01c73823          sd                      t3,16(a4)
0x0001472e:  00ee3c23          sd                      a4,24(t3)
0x00014732:  ea18              sd                      a4,16(a2)
0x00014734:  0d05              addi                    s10,s10,1
0x00014736:  c56d              beqz                    a0,234                  # 0x14820

----------------
IN: _int_malloc
0x00014820:  6789              lui                     a5,2
0x00014822:  2805              addiw                   a6,a6,1
0x00014824:  70f78793          addi                    a5,a5,1807
0x00014828:  f707d1e3          ble                     a6,a5,-158              # 0x1478a

----------------
IN: _int_malloc
0x0001478a:  07893703          ld                      a4,120(s2)
0x0001478e:  c79718e3          bne                     a4,s9,-912              # 0x143fe

----------------
IN: _int_malloc
0x00014792:  52051a63          bnez                    a0,1332                 # 0x14cc6

----------------
IN: main
0x000104c0:  8aaa              mv                      s5,a0
0x000104c2:  6589              lui                     a1,2
0x000104c4:  04000513          addi                    a0,zero,64
0x000104c8:  38b050ef          jal                     ra,23434                # 0x16052

----------------
IN: main
0x000104cc:  6589              lui                     a1,2
0x000104ce:  8a2a              mv                      s4,a0
0x000104d0:  04000513          addi                    a0,zero,64
0x000104d4:  37f050ef          jal                     ra,23422                # 0x16052

----------------
IN: main
0x000104d8:  8b2a              mv                      s6,a0
0x000104da:  6909              lui                     s2,2
0x000104dc:  4d200513          addi                    a0,zero,1234
0x000104e0:  6441              lui                     s0,16
0x000104e2:  55f000ef          jal                     ra,3422                 # 0x11240

----------------
IN: srand
0x00011240:  1101              addi                    sp,sp,-32
0x00011242:  e822              sd                      s0,16(sp)
0x00011244:  e426              sd                      s1,8(sp)
0x00011246:  e04a              sd                      s2,0(sp)
0x00011248:  ec06              sd                      ra,24(sp)
0x0001124a:  1000              addi                    s0,sp,32
0x0001124c:  892a              mv                      s2,a0
0x0001124e:  4c418493          addi                    s1,gp,1220
0x00011252:  4705              addi                    a4,zero,1
0x00011254:  1404a7af          lr.w.aq                 a5,(s1)
0x00011258:  e781              bnez                    a5,8                    # 0x11260

----------------
IN: srand
0x0001125a:  18e4a6af          sc.w                    a3,a4,(s1)
0x0001125e:  fafd              bnez                    a3,-10                  # 0x11254

----------------
IN: srand
0x00011260:  2781              sext.w                  a5,a5
0x00011262:  e78d              bnez                    a5,42                   # 0x1128c

----------------
IN: srand
0x00011264:  00072597          auipc                   a1,114                  # 0x83264
0x00011268:  e2458593          addi                    a1,a1,-476
0x0001126c:  854a              mv                      a0,s2
0x0001126e:  1ce000ef          jal                     ra,462                  # 0x1143c

----------------
IN: srandom_r
0x0001143c:  1141              addi                    sp,sp,-16
0x0001143e:  e422              sd                      s0,8(sp)
0x00011440:  0800              addi                    s0,sp,16
0x00011442:  10058d63          beqz                    a1,282                  # 0x1155c

----------------
IN: srandom_r
0x00011446:  4d98              lw                      a4,24(a1)
0x00011448:  4791              addi                    a5,zero,4
0x0001144a:  10e7e963          bgtu                    a4,a5,274               # 0x1155c

----------------
IN: srandom_r
0x0001144e:  0105b803          ld                      a6,16(a1)
0x00011452:  0005079b          sext.w                  a5,a0
0x00011456:  c16d              beqz                    a0,226                  # 0x11538

----------------
IN: srandom_r
0x00011458:  00f82023          sw                      a5,0(a6)
0x0001145c:  cb61              beqz                    a4,208                  # 0x1152c

----------------
IN: srandom_r
0x0001145e:  01c5ae83          lw                      t4,28(a1)
0x00011462:  4705              addi                    a4,zero,1
0x00011464:  0dd75c63          ble                     t4,a4,216               # 0x1153c

----------------
IN: srandom_r
0x00011468:  002e9513          slli                    a0,t4,2
0x0001146c:  1571              addi                    a0,a0,-4
0x0001146e:  667d              lui                     a2,31
0x00011470:  6311              lui                     t1,4
0x00011472:  78fd              lui                     a7,-1
0x00011474:  80000e37          lui                     t3,-524288
0x00011478:  9542              add                     a0,a0,a6
0x0001147a:  86c2              mv                      a3,a6
0x0001147c:  31d6061b          addiw                   a2,a2,797
0x00011480:  1a73031b          addiw                   t1,t1,423
0x00011484:  4ec8889b          addiw                   a7,a7,1260
0x00011488:  3e7d              addiw                   t3,t3,-1
0x0001148a:  02c7e73b          remw                    a4,a5,a2
0x0001148e:  0691              addi                    a3,a3,4
0x00011490:  02c7c7bb          divw                    a5,a5,a2
0x00011494:  0267073b          mulw                    a4,a4,t1
0x00011498:  031787bb          mulw                    a5,a5,a7
0x0001149c:  9fb9              addw                    a5,a5,a4
0x0001149e:  0007d463          bgez                    a5,8                    # 0x114a6

----------------
IN: srandom_r
0x000114a6:  c29c              sw                      a5,0(a3)
0x000114a8:  fed511e3          bne                     a0,a3,-30               # 0x1148a

----------------
IN: srandom_r
0x0001148a:  02c7e73b          remw                    a4,a5,a2
0x0001148e:  0691              addi                    a3,a3,4
0x00011490:  02c7c7bb          divw                    a5,a5,a2
0x00011494:  0267073b          mulw                    a4,a4,t1
0x00011498:  031787bb          mulw                    a5,a5,a7
0x0001149c:  9fb9              addw                    a5,a5,a4
0x0001149e:  0007d463          bgez                    a5,8                    # 0x114a6

----------------
IN: srandom_r
0x000114ac:  519c              lw                      a5,32(a1)
0x000114ae:  002e971b          slliw                   a4,t4,2
0x000114b2:  01d7073b          addw                    a4,a4,t4
0x000114b6:  078a              slli                    a5,a5,2
0x000114b8:  97c2              add                     a5,a5,a6
0x000114ba:  0017171b          slliw                   a4,a4,1
0x000114be:  e19c              sd                      a5,0(a1)
0x000114c0:  0105b423          sd                      a6,8(a1)
0x000114c4:  377d              addiw                   a4,a4,-1
0x000114c6:  41c65fb7          lui                     t6,269413
0x000114ca:  6f0d              lui                     t5,3
0x000114cc:  80000eb7          lui                     t4,-524288
0x000114d0:  e6df8f9b          addiw                   t6,t6,-403
0x000114d4:  039f0f1b          addiw                   t5,t5,57
0x000114d8:  fffece93          not                     t4,t4
0x000114dc:  537d              addi                    t1,zero,-1
0x000114de:  a831              j                       28                      # 0x114fa

----------------
IN: srandom_r
0x000114fa:  4d9c              lw                      a5,24(a1)
0x000114fc:  d3f5              beqz                    a5,-28                  # 0x114e0

----------------
IN: srandom_r
0x000114fe:  6194              ld                      a3,0(a1)
0x00011500:  659c              ld                      a5,8(a1)
0x00011502:  0285b883          ld                      a7,40(a1)
0x00011506:  0006ae03          lw                      t3,0(a3)
0x0001150a:  4390              lw                      a2,0(a5)
0x0001150c:  00468513          addi                    a0,a3,4
0x00011510:  0791              addi                    a5,a5,4
0x00011512:  01c6063b          addw                    a2,a2,t3
0x00011516:  c290              sw                      a2,0(a3)
0x00011518:  01157e63          bleu                    a7,a0,28                # 0x11534

----------------
IN: srandom_r
0x0001151c:  0117e363          bgtu                    a7,a5,6                 # 0x11522

----------------
IN: srandom_r
0x00011522:  e188              sd                      a0,0(a1)
0x00011524:  e59c              sd                      a5,8(a1)
0x00011526:  377d              addiw                   a4,a4,-1
0x00011528:  fc6719e3          bne                     a4,t1,-46               # 0x114fa

----------------
IN: srandom_r
0x00011534:  8542              mv                      a0,a6
0x00011536:  b7f5              j                       -20                     # 0x11522

----------------
IN: srandom_r
0x00011520:  87c2              mv                      a5,a6
0x00011522:  e188              sd                      a0,0(a1)
0x00011524:  e59c              sd                      a5,8(a1)
0x00011526:  377d              addiw                   a4,a4,-1
0x00011528:  fc6719e3          bne                     a4,t1,-46               # 0x114fa

----------------
IN: srandom_r
0x0001152c:  4501              mv                      a0,zero
0x0001152e:  6422              ld                      s0,8(sp)
0x00011530:  0141              addi                    sp,sp,16
0x00011532:  8082              ret                     

----------------
IN: srand
0x00011272:  4781              mv                      a5,zero
0x00011274:  0af4a7af          amoswap.w.rl            a5,a5,(s1)
0x00011278:  4705              addi                    a4,zero,1
0x0001127a:  2781              sext.w                  a5,a5
0x0001127c:  00f74c63          bgt                     a5,a4,24                # 0x11294

----------------
IN: srand
0x00011280:  60e2              ld                      ra,24(sp)
0x00011282:  6442              ld                      s0,16(sp)
0x00011284:  64a2              ld                      s1,8(sp)
0x00011286:  6902              ld                      s2,0(sp)
0x00011288:  6105              addi                    sp,sp,32
0x0001128a:  8082              ret                     

----------------
IN: main
0x000104e6:  8bce              mv                      s7,s3
0x000104e8:  8c56              mv                      s8,s5
0x000104ea:  994e              add                     s2,s2,s3
0x000104ec:  147d              addi                    s0,s0,-1
0x000104ee:  74e1              lui                     s1,-8
0x000104f0:  53b000ef          jal                     ra,3386                 # 0x1122a

----------------
IN: rand
0x0001122a:  1141              addi                    sp,sp,-16
0x0001122c:  e022              sd                      s0,0(sp)
0x0001122e:  e406              sd                      ra,8(sp)
0x00011230:  0800              addi                    s0,sp,16
0x00011232:  184000ef          jal                     ra,388                  # 0x113b6

----------------
IN: random
0x000113b6:  7179              addi                    sp,sp,-48
0x000113b8:  f022              sd                      s0,32(sp)
0x000113ba:  ec26              sd                      s1,24(sp)
0x000113bc:  e84a              sd                      s2,16(sp)
0x000113be:  1800              addi                    s0,sp,48
0x000113c0:  f406              sd                      ra,40(sp)
0x000113c2:  00072917          auipc                   s2,114                  # 0x833c2
0x000113c6:  84e93903          ld                      s2,-1970(s2)
0x000113ca:  00093783          ld                      a5,0(s2)
0x000113ce:  fcf43c23          sd                      a5,-40(s0)
0x000113d2:  4781              mv                      a5,zero
0x000113d4:  4c418493          addi                    s1,gp,1220
0x000113d8:  4705              addi                    a4,zero,1
0x000113da:  1404a7af          lr.w.aq                 a5,(s1)
0x000113de:  e781              bnez                    a5,8                    # 0x113e6

----------------
IN: random
0x000113e0:  18e4a6af          sc.w                    a3,a4,(s1)
0x000113e4:  fafd              bnez                    a3,-10                  # 0x113da

----------------
IN: random
0x000113e6:  2781              sext.w                  a5,a5
0x000113e8:  ef9d              bnez                    a5,62                   # 0x11426

----------------
IN: random
0x000113ea:  fd440593          addi                    a1,s0,-44
0x000113ee:  00072517          auipc                   a0,114                  # 0x833ee
0x000113f2:  c9a50513          addi                    a0,a0,-870
0x000113f6:  32a000ef          jal                     ra,810                  # 0x11720

----------------
IN: __random_r
0x00011720:  1141              addi                    sp,sp,-16
0x00011722:  e422              sd                      s0,8(sp)
0x00011724:  0800              addi                    s0,sp,16
0x00011726:  c135              beqz                    a0,100                  # 0x1178a

----------------
IN: __random_r
0x00011728:  c1ad              beqz                    a1,98                   # 0x1178a

----------------
IN: __random_r
0x0001172a:  4d1c              lw                      a5,24(a0)
0x0001172c:  6914              ld                      a3,16(a0)
0x0001172e:  cf85              beqz                    a5,56                   # 0x11766

----------------
IN: __random_r
0x00011730:  6110              ld                      a2,0(a0)
0x00011732:  6518              ld                      a4,8(a0)
0x00011734:  02853803          ld                      a6,40(a0)
0x00011738:  00062303          lw                      t1,0(a2)
0x0001173c:  431c              lw                      a5,0(a4)
0x0001173e:  00460893          addi                    a7,a2,4
0x00011742:  0711              addi                    a4,a4,4
0x00011744:  006787bb          addw                    a5,a5,t1
0x00011748:  c21c              sw                      a5,0(a2)
0x0001174a:  0017d79b          srliw                   a5,a5,1
0x0001174e:  c19c              sw                      a5,0(a1)
0x00011750:  0108f563          bleu                    a6,a7,10                # 0x1175a

----------------
IN: __random_r
0x00011754:  03077963          bleu                    a6,a4,50                # 0x11786

----------------
IN: __random_r
0x00011758:  86c6              mv                      a3,a7
0x0001175a:  e114              sd                      a3,0(a0)
0x0001175c:  e518              sd                      a4,8(a0)
0x0001175e:  4501              mv                      a0,zero
0x00011760:  6422              ld                      s0,8(sp)
0x00011762:  0141              addi                    sp,sp,16
0x00011764:  8082              ret                     

----------------
IN: random
0x000113fa:  4781              mv                      a5,zero
0x000113fc:  0af4a7af          amoswap.w.rl            a5,a5,(s1)
0x00011400:  4705              addi                    a4,zero,1
0x00011402:  2781              sext.w                  a5,a5
0x00011404:  02f74563          bgt                     a5,a4,42                # 0x1142e

----------------
IN: random
0x00011408:  fd843703          ld                      a4,-40(s0)
0x0001140c:  00093783          ld                      a5,0(s2)
0x00011410:  8fb9              xor                     a5,a5,a4
0x00011412:  4701              mv                      a4,zero
0x00011414:  fd442503          lw                      a0,-44(s0)
0x00011418:  e385              bnez                    a5,32                   # 0x11438

----------------
IN: random
0x0001141a:  70a2              ld                      ra,40(sp)
0x0001141c:  7402              ld                      s0,32(sp)
0x0001141e:  64e2              ld                      s1,24(sp)
0x00011420:  6942              ld                      s2,16(sp)
0x00011422:  6145              addi                    sp,sp,48
0x00011424:  8082              ret                     

----------------
IN: rand
0x00011236:  60a2              ld                      ra,8(sp)
0x00011238:  6402              ld                      s0,0(sp)
0x0001123a:  2501              sext.w                  a0,a0
0x0001123c:  0141              addi                    sp,sp,16
0x0001123e:  8082              ret                     

----------------
IN: main
0x000104f4:  41f5579b          sraiw                   a5,a0,31
0x000104f8:  0107d79b          srliw                   a5,a5,16
0x000104fc:  9d3d              addw                    a0,a0,a5
0x000104fe:  8d61              and                     a0,a0,s0
0x00010500:  9d1d              subw                    a0,a0,a5
0x00010502:  9d25              addw                    a0,a0,s1
0x00010504:  00ab9023          sh                      a0,0(s7)
0x00010508:  523000ef          jal                     ra,3362                 # 0x1122a

----------------
IN: main
0x0001050c:  41f5571b          sraiw                   a4,a0,31
0x00010510:  0107571b          srliw                   a4,a4,16
0x00010514:  00a707bb          addw                    a5,a4,a0
0x00010518:  8fe1              and                     a5,a5,s0
0x0001051a:  9f99              subw                    a5,a5,a4
0x0001051c:  9fa5              addw                    a5,a5,s1
0x0001051e:  00fc1023          sh                      a5,0(s8)
0x00010522:  0b89              addi                    s7,s7,2
0x00010524:  0c09              addi                    s8,s8,2
0x00010526:  fd2b95e3          bne                     s7,s2,-54               # 0x104f0

----------------
IN: main
0x000104f0:  53b000ef          jal                     ra,3386                 # 0x1122a

----------------
IN: __random_r
0x0001175a:  e114              sd                      a3,0(a0)
0x0001175c:  e518              sd                      a4,8(a0)
0x0001175e:  4501              mv                      a0,zero
0x00011760:  6422              ld                      s0,8(sp)
0x00011762:  0141              addi                    sp,sp,16
0x00011764:  8082              ret                     

----------------
IN: __random_r
0x00011786:  8736              mv                      a4,a3
0x00011788:  bfc1              j                       -48                     # 0x11758

----------------
IN: main
0x0001052a:  c0002473          rdcycle                 s0

----------------
IN: main
0x0001052e:  470d              addi                    a4,zero,3
0x00010530:  6685              lui                     a3,1
0x00010532:  8652              mv                      a2,s4
0x00010534:  85d6              mv                      a1,s5
0x00010536:  854e              mv                      a0,s3
0x00010538:  1e4000ef          jal                     ra,484                  # 0x1071c

----------------
IN: q15_axpy_ref
0x0001071c:  8832              mv                      a6,a2
0x0001071e:  8636              mv                      a2,a3
0x00010720:  04d05163          blez                    a3,66                   # 0x10762

----------------
IN: q15_axpy_ref
0x00010724:  00169e13          slli                    t3,a3,1
0x00010728:  6ea1              lui                     t4,8
0x0001072a:  9e2a              add                     t3,t3,a0
0x0001072c:  fffe8f13          addi                    t5,t4,-1
0x00010730:  7fe1              lui                     t6,-8
0x00010732:  00059783          lh                      a5,0(a1)
0x00010736:  00051303          lh                      t1,0(a0)
0x0001073a:  88fa              mv                      a7,t5
0x0001073c:  02e787bb          mulw                    a5,a5,a4
0x00010740:  006787bb          addw                    a5,a5,t1
0x00010744:  01d7d863          ble                     t4,a5,16                # 0x10754

----------------
IN: q15_axpy_ref
0x00010754:  01181023          sh                      a7,0(a6)
0x00010758:  0509              addi                    a0,a0,2
0x0001075a:  0589              addi                    a1,a1,2
0x0001075c:  0809              addi                    a6,a6,2
0x0001075e:  fdc51ae3          bne                     a0,t3,-44               # 0x10732

----------------
IN: q15_axpy_ref
0x00010732:  00059783          lh                      a5,0(a1)
0x00010736:  00051303          lh                      t1,0(a0)
0x0001073a:  88fa              mv                      a7,t5
0x0001073c:  02e787bb          mulw                    a5,a5,a4
0x00010740:  006787bb          addw                    a5,a5,t1
0x00010744:  01d7d863          ble                     t4,a5,16                # 0x10754

----------------
IN: q15_axpy_ref
0x00010748:  03f7c463          bgt                     t6,a5,40                # 0x10770

----------------
IN: q15_axpy_ref
0x00010770:  78e1              lui                     a7,-8
0x00010772:  b7cd              j                       -30                     # 0x10754

----------------
IN: q15_axpy_ref
0x0001074c:  0107989b          slliw                   a7,a5,16
0x00010750:  4108d89b          sraiw                   a7,a7,16
0x00010754:  01181023          sh                      a7,0(a6)
0x00010758:  0509              addi                    a0,a0,2
0x0001075a:  0589              addi                    a1,a1,2
0x0001075c:  0809              addi                    a6,a6,2
0x0001075e:  fdc51ae3          bne                     a0,t3,-44               # 0x10732

----------------
IN: q15_axpy_ref
0x00010762:  00043597          auipc                   a1,67                   # 0x53762
0x00010766:  d2658593          addi                    a1,a1,-730
0x0001076a:  4509              addi                    a0,zero,2
0x0001076c:  4570706f          j                       31830                   # 0x183c2

----------------
IN: ___printf_chk
0x000183c2:  711d              addi                    sp,sp,-96
0x000183c4:  f022              sd                      s0,32(sp)
0x000183c6:  ec26              sd                      s1,24(sp)
0x000183c8:  1800              addi                    s0,sp,48
0x000183ca:  f406              sd                      ra,40(sp)
0x000183cc:  832a              mv                      t1,a0
0x000183ce:  0006b517          auipc                   a0,107                  # 0x833ce
0x000183d2:  82253503          ld                      a0,-2014(a0)
0x000183d6:  6108              ld                      a0,0(a0)
0x000183d8:  00602333          sgtz                    t1,t1
0x000183dc:  e010              sd                      a2,0(s0)
0x000183de:  e414              sd                      a3,8(s0)
0x000183e0:  e818              sd                      a4,16(s0)
0x000183e2:  0006b497          auipc                   s1,107                  # 0x833e2
0x000183e6:  82e4b483          ld                      s1,-2002(s1)
0x000183ea:  ec1c              sd                      a5,24(s0)
0x000183ec:  03043023          sd                      a6,32(s0)
0x000183f0:  03143423          sd                      a7,40(s0)
0x000183f4:  609c              ld                      a5,0(s1)
0x000183f6:  fcf43c23          sd                      a5,-40(s0)
0x000183fa:  4781              mv                      a5,zero
0x000183fc:  00131693          slli                    a3,t1,1
0x00018400:  8622              mv                      a2,s0
0x00018402:  fc843823          sd                      s0,-48(s0)
0x00018406:  3d3050ef          jal                     ra,23506                # 0x1dfd8

----------------
IN: __vfprintf_internal
0x0001dfd8:  7169              addi                    sp,sp,-304
0x0001dfda:  f222              sd                      s0,288(sp)
0x0001dfdc:  ee26              sd                      s1,280(sp)
0x0001dfde:  ea4a              sd                      s2,272(sp)
0x0001dfe0:  e252              sd                      s4,256(sp)
0x0001dfe2:  fdd6              sd                      s5,248(sp)
0x0001dfe4:  f9da              sd                      s6,240(sp)
0x0001dfe6:  1a00              addi                    s0,sp,304
0x0001dfe8:  f606              sd                      ra,296(sp)
0x0001dfea:  0c052783          lw                      a5,192(a0)
0x0001dfee:  00065b17          auipc                   s6,101                  # 0x82fee
0x0001dff2:  c22b3b03          ld                      s6,-990(s6)
0x0001dff6:  000b3703          ld                      a4,0(s6)
0x0001dffa:  fae43423          sd                      a4,-88(s0)
0x0001dffe:  4701              mv                      a4,zero

----------------
IN: __vfprintf_internal
0x0001e000:  84aa              mv                      s1,a0
0x0001e002:  892e              mv                      s2,a1
0x0001e004:  8a32              mv                      s4,a2
0x0001e006:  8ab6              mv                      s5,a3
0x0001e008:  e7c1              bnez                    a5,136                  # 0x1e090

----------------
IN: __vfprintf_internal
0x0001e00a:  57fd              addi                    a5,zero,-1
0x0001e00c:  0cf52023          sw                      a5,192(a0)
0x0001e010:  4098              lw                      a4,0(s1)
0x0001e012:  00877793          andi                    a5,a4,8
0x0001e016:  14079c63          bnez                    a5,344                  # 0x1e16e

----------------
IN: __vfprintf_internal
0x0001e01a:  16090663          beqz                    s2,364                  # 0x1e186

----------------
IN: __vfprintf_internal
0x0001e01e:  58fc              lw                      a5,116(s1)
0x0001e020:  0807f793          andi                    a5,a5,128
0x0001e024:  10078863          beqz                    a5,272                  # 0x1e134

----------------
IN: __vfprintf_internal
0x0001e134:  85a6              mv                      a1,s1
0x0001e136:  ef840493          addi                    s1,s0,-264
0x0001e13a:  8526              mv                      a0,s1
0x0001e13c:  65e1c0ef          jal                     ra,116318               # 0x3a79a

----------------
IN: __printf_buffer_to_file_init
0x0003a79a:  1141              addi                    sp,sp,-16
0x0003a79c:  e422              sd                      s0,8(sp)
0x0003a79e:  0800              addi                    s0,sp,16
0x0003a7a0:  759c              ld                      a5,40(a1)
0x0003a7a2:  7998              ld                      a4,48(a1)
0x0003a7a4:  4691              addi                    a3,zero,4
0x0003a7a6:  00053c23          sd                      zero,24(a0)
0x0003a7aa:  d114              sw                      a3,32(a0)
0x0003a7ac:  f50c              sd                      a1,40(a0)
0x0003a7ae:  00e7e663          bgtu                    a4,a5,12                # 0x3a7ba

----------------
IN: __printf_buffer_to_file_init
0x0003a7b2:  03050793          addi                    a5,a0,48
0x0003a7b6:  0b050713          addi                    a4,a0,176
0x0003a7ba:  6422              ld                      s0,8(sp)
0x0003a7bc:  e918              sd                      a4,16(a0)
0x0003a7be:  e51c              sd                      a5,8(a0)
0x0003a7c0:  e11c              sd                      a5,0(a0)
0x0003a7c2:  0141              addi                    sp,sp,16
0x0003a7c4:  8082              ret                     

----------------
IN: __vfprintf_internal
0x0001e140:  85ca              mv                      a1,s2
0x0001e142:  86d6              mv                      a3,s5
0x0001e144:  8652              mv                      a2,s4
0x0001e146:  8526              mv                      a0,s1
0x0001e148:  981fe0ef          jal                     ra,-5760                # 0x1cac8

----------------
IN: __printf_buffer
0x0001cac8:  a7010113          addi                    sp,sp,-1424
0x0001cacc:  00066797          auipc                   a5,102                  # 0x82acc
0x0001cad0:  3047b783          ld                      a5,772(a5)
0x0001cad4:  58113423          sd                      ra,1416(sp)
0x0001cad8:  58813023          sd                      s0,1408(sp)
0x0001cadc:  56913c23          sd                      s1,1400(sp)
0x0001cae0:  59010413          addi                    s0,sp,1424
0x0001cae4:  57213823          sd                      s2,1392(sp)
0x0001cae8:  57313423          sd                      s3,1384(sp)
0x0001caec:  57413023          sd                      s4,1376(sp)
0x0001caf0:  55613823          sd                      s6,1360(sp)
0x0001caf4:  acf43423          sd                      a5,-1336(s0)
0x0001caf8:  9792              add                     a5,a5,tp
0x0001cafa:  439c              lw                      a5,0(a5)
0x0001cafc:  89ae              mv                      s3,a1
0x0001cafe:  00066717          auipc                   a4,102                  # 0x82afe
0x0001cb02:  11273703          ld                      a4,274(a4)
0x0001cb06:  84aa              mv                      s1,a0
0x0001cb08:  acb43c23          sd                      a1,-1320(s0)
0x0001cb0c:  aef43423          sd                      a5,-1304(s0)
0x0001cb10:  02500593          addi                    a1,zero,37
0x0001cb14:  631c              ld                      a5,0(a4)
0x0001cb16:  f8f43423          sd                      a5,-120(s0)
0x0001cb1a:  4781              mv                      a5,zero
0x0001cb1c:  854e              mv                      a0,s3
0x0001cb1e:  8932              mv                      s2,a2
0x0001cb20:  8b36              mv                      s6,a3
0x0001cb22:  aed43023          sd                      a3,-1312(s0)
0x0001cb26:  b4c43823          sd                      a2,-1200(s0)
0x0001cb2a:  a72fa0ef          jal                     ra,-23950               # 0x16d9c

----------------
IN: strchrnul
0x00016d9c:  010107b7          lui                     a5,4112
0x00016da0:  10178793          addi                    a5,a5,257
0x00016da4:  07c2              slli                    a5,a5,16
0x00016da6:  10178793          addi                    a5,a5,257
0x00016daa:  07c2              slli                    a5,a5,16
0x00016dac:  0ff5f893          andi                    a7,a1,255
0x00016db0:  10178793          addi                    a5,a5,257
0x00016db4:  02f888b3          mul                     a7,a7,a5
0x00016db8:  1141              addi                    sp,sp,-16
0x00016dba:  0feff7b7          lui                     a5,65279
0x00016dbe:  e422              sd                      s0,8(sp)
0x00016dc0:  0792              slli                    a5,a5,4
0x00016dc2:  0800              addi                    s0,sp,16
0x00016dc4:  862a              mv                      a2,a0
0x00016dc6:  9961              andi                    a0,a0,-8
0x00016dc8:  eff78793          addi                    a5,a5,-257
0x00016dcc:  610c              ld                      a1,0(a0)
0x00016dce:  07c2              slli                    a5,a5,16
0x00016dd0:  eff78793          addi                    a5,a5,-257
0x00016dd4:  07be              slli                    a5,a5,15
0x00016dd6:  f7f78793          addi                    a5,a5,-129
0x00016dda:  0115c833          xor                     a6,a1,a7
0x00016dde:  00f5f733          and                     a4,a1,a5
0x00016de2:  00f876b3          and                     a3,a6,a5
0x00016de6:  973e              add                     a4,a4,a5
0x00016de8:  96be              add                     a3,a3,a5
0x00016dea:  8f4d              or                      a4,a4,a1
0x00016dec:  0106e6b3          or                      a3,a3,a6
0x00016df0:  8f75              and                     a4,a4,a3
0x00016df2:  8fd9              or                      a5,a5,a4
0x00016df4:  00767713          andi                    a4,a2,7
0x00016df8:  fff7c793          not                     a5,a5
0x00016dfc:  0037171b          slliw                   a4,a4,3
0x00016e00:  00e7d7b3          srl                     a5,a5,a4
0x00016e04:  e7cd              bnez                    a5,170                  # 0x16eae

----------------
IN: strchrnul
0x00016e06:  f0101837          lui                     a6,-65279
0x00016e0a:  feff05b7          lui                     a1,-4112
0x00016e0e:  0812              slli                    a6,a6,4
0x00016e10:  eff58593          addi                    a1,a1,-257
0x00016e14:  10180813          addi                    a6,a6,257
0x00016e18:  05c2              slli                    a1,a1,16
0x00016e1a:  0842              slli                    a6,a6,16
0x00016e1c:  eff58593          addi                    a1,a1,-257
0x00016e20:  10180813          addi                    a6,a6,257
0x00016e24:  05c2              slli                    a1,a1,16
0x00016e26:  083e              slli                    a6,a6,15
0x00016e28:  eff58593          addi                    a1,a1,-257
0x00016e2c:  08080813          addi                    a6,a6,128
0x00016e30:  6518              ld                      a4,8(a0)
0x00016e32:  832a              mv                      t1,a0
0x00016e34:  0521              addi                    a0,a0,8
0x00016e36:  011746b3          xor                     a3,a4,a7
0x00016e3a:  00b707b3          add                     a5,a4,a1
0x00016e3e:  00b68633          add                     a2,a3,a1
0x00016e42:  fff74713          not                     a4,a4
0x00016e46:  fff6c693          not                     a3,a3
0x00016e4a:  8ff9              and                     a5,a5,a4
0x00016e4c:  00d67733          and                     a4,a2,a3
0x00016e50:  8fd9              or                      a5,a5,a4
0x00016e52:  0107f733          and                     a4,a5,a6
0x00016e56:  df69              beqz                    a4,-38                  # 0x16e30

----------------
IN: strchrnul
0x00016e58:  0807f713          andi                    a4,a5,128
0x00016e5c:  e731              bnez                    a4,76                   # 0x16ea8

----------------
IN: strchrnul
0x00016e5e:  03079713          slli                    a4,a5,48
0x00016e62:  00930513          addi                    a0,t1,9
0x00016e66:  04074163          bltz                    a4,66                   # 0x16ea8

----------------
IN: strchrnul
0x00016e6a:  02879713          slli                    a4,a5,40
0x00016e6e:  00a30513          addi                    a0,t1,10
0x00016e72:  02074b63          bltz                    a4,54                   # 0x16ea8

----------------
IN: strchrnul
0x00016e76:  02079713          slli                    a4,a5,32
0x00016e7a:  00b30513          addi                    a0,t1,11
0x00016e7e:  02074563          bltz                    a4,42                   # 0x16ea8

----------------
IN: strchrnul
0x00016e82:  01879713          slli                    a4,a5,24
0x00016e86:  00c30513          addi                    a0,t1,12
0x00016e8a:  00074f63          bltz                    a4,30                   # 0x16ea8

----------------
IN: strchrnul
0x00016e8e:  01079713          slli                    a4,a5,16
0x00016e92:  00d30513          addi                    a0,t1,13
0x00016e96:  00074963          bltz                    a4,18                   # 0x16ea8

----------------
IN: strchrnul
0x00016e9a:  4705              addi                    a4,zero,1
0x00016e9c:  175e              slli                    a4,a4,55
0x00016e9e:  8ff9              and                     a5,a5,a4
0x00016ea0:  0017b513          seqz                    a0,a5
0x00016ea4:  951a              add                     a0,a0,t1
0x00016ea6:  0539              addi                    a0,a0,14
0x00016ea8:  6422              ld                      s0,8(sp)
0x00016eaa:  0141              addi                    sp,sp,16
0x00016eac:  8082              ret                     

----------------
IN: __printf_buffer
0x0001cb2e:  8a2a              mv                      s4,a0
0x0001cb30:  aca43823          sd                      a0,-1328(s0)
0x0001cb34:  41350633          sub                     a2,a0,s3
0x0001cb38:  85ce              mv                      a1,s3
0x0001cb3a:  8526              mv                      a0,s1
0x0001cb3c:  b5443423          sd                      s4,-1208(s0)
0x0001cb40:  4ad1d0ef          jal                     ra,122028               # 0x3a7ec

----------------
IN: __printf_buffer_write
0x0003a7ec:  511c              lw                      a5,32(a0)
0x0003a7ee:  c7d9              beqz                    a5,142                  # 0x3a87c

----------------
IN: __printf_buffer_write
0x0003a7f0:  7179              addi                    sp,sp,-48
0x0003a7f2:  f022              sd                      s0,32(sp)
0x0003a7f4:  e84a              sd                      s2,16(sp)
0x0003a7f6:  f406              sd                      ra,40(sp)
0x0003a7f8:  1800              addi                    s0,sp,48
0x0003a7fa:  8932              mv                      s2,a2
0x0003a7fc:  ca3d              beqz                    a2,118                  # 0x3a872

----------------
IN: __printf_buffer_write
0x0003a7fe:  e44e              sd                      s3,8(sp)
0x0003a800:  e052              sd                      s4,0(sp)
0x0003a802:  89aa              mv                      s3,a0
0x0003a804:  ec26              sd                      s1,24(sp)
0x0003a806:  6508              ld                      a0,8(a0)
0x0003a808:  8a2e              mv                      s4,a1
0x0003a80a:  a01d              j                       38                      # 0x3a830

----------------
IN: __printf_buffer_write
0x0003a830:  0109b483          ld                      s1,16(s3)
0x0003a834:  fca49ce3          bne                     s1,a0,-40               # 0x3a80c

----------------
IN: __printf_buffer_write
0x0003a80c:  8c89              sub                     s1,s1,a0
0x0003a80e:  00997363          bleu                    s1,s2,6                 # 0x3a814

----------------
IN: __printf_buffer_write
0x0003a812:  84ca              mv                      s1,s2
0x0003a814:  85d2              mv                      a1,s4
0x0003a816:  8626              mv                      a2,s1
0x0003a818:  c38dc0ef          jal                     ra,-146376              # 0x16c50

----------------
IN: __printf_buffer_write
0x0003a81c:  0089b503          ld                      a0,8(s3)
0x0003a820:  40990933          sub                     s2,s2,s1
0x0003a824:  9a26              add                     s4,s4,s1
0x0003a826:  9526              add                     a0,a0,s1
0x0003a828:  00a9b423          sd                      a0,8(s3)
0x0003a82c:  04090063          beqz                    s2,64                   # 0x3a86c

----------------
IN: __printf_buffer_write
0x0003a86c:  64e2              ld                      s1,24(sp)
0x0003a86e:  69a2              ld                      s3,8(sp)
0x0003a870:  6a02              ld                      s4,0(sp)
0x0003a872:  70a2              ld                      ra,40(sp)
0x0003a874:  7402              ld                      s0,32(sp)
0x0003a876:  6942              ld                      s2,16(sp)
0x0003a878:  6145              addi                    sp,sp,48
0x0003a87a:  8082              ret                     

----------------
IN: __printf_buffer
0x0001cb44:  509c              lw                      a5,32(s1)
0x0001cb46:  c3e5              beqz                    a5,224                  # 0x1cc26

----------------
IN: __printf_buffer
0x0001cb48:  000a4783          lbu                     a5,0(s4)
0x0001cb4c:  cfe9              beqz                    a5,218                  # 0x1cc26

----------------
IN: __printf_buffer
0x0001cb4e:  0006d797          auipc                   a5,109                  # 0x89b4e
0x0001cb52:  f727b783          ld                      a5,-142(a5)
0x0001cb56:  55513c23          sd                      s5,1368(sp)
0x0001cb5a:  b0f43023          sd                      a5,-1280(s0)
0x0001cb5e:  c399              beqz                    a5,6                    # 0x1cb64

----------------
IN: __printf_buffer
0x0001cb64:  0006d797          auipc                   a5,109                  # 0x89b64
0x0001cb68:  f4c7b783          ld                      a5,-180(a5)
0x0001cb6c:  6a0795e3          bnez                    a5,3754                 # 0x1da16

----------------
IN: __printf_buffer
0x0001cb70:  0006d797          auipc                   a5,109                  # 0x89b70
0x0001cb74:  f687b783          ld                      a5,-152(a5)
0x0001cb78:  68079fe3          bnez                    a5,3742                 # 0x1da16

----------------
IN: __printf_buffer
0x0001cb7c:  00066797          auipc                   a5,102                  # 0x82b7c
0x0001cb80:  37c7b783          ld                      a5,892(a5)
0x0001cb84:  001b7713          andi                    a4,s6,1
0x0001cb88:  55713423          sd                      s7,1352(sp)
0x0001cb8c:  acf43023          sd                      a5,-1344(s0)
0x0001cb90:  57fd              addi                    a5,zero,-1
0x0001cb92:  aaf43823          sd                      a5,-1360(s0)
0x0001cb96:  6785              lui                     a5,1
0x0001cb98:  8ff78793          addi                    a5,a5,-1793
0x0001cb9c:  55813023          sd                      s8,1344(sp)
0x0001cba0:  53913c23          sd                      s9,1336(sp)
0x0001cba4:  53a13823          sd                      s10,1328(sp)
0x0001cba8:  53b13423          sd                      s11,1320(sp)
0x0001cbac:  aa043c23          sd                      zero,-1352(s0)
0x0001cbb0:  4a81              mv                      s5,zero
0x0001cbb2:  aae43423          sd                      a4,-1368(s0)
0x0001cbb6:  aaf43023          sd                      a5,-1376(s0)
0x0001cbba:  001a4d83          lbu                     s11,1(s4)
0x0001cbbe:  0a05              addi                    s4,s4,1
0x0001cbc0:  b5443423          sd                      s4,-1208(s0)
0x0001cbc4:  fe0d871b          addiw                   a4,s11,-32
0x0001cbc8:  0ff77613          andi                    a2,a4,255
0x0001cbcc:  05a00693          addi                    a3,zero,90
0x0001cbd0:  08c6f863          bleu                    a2,a3,144               # 0x1cc60

----------------
IN: __printf_buffer
0x0001cc60:  0003d797          auipc                   a5,61                   # 0x59c60
0x0001cc64:  6b078793          addi                    a5,a5,1712
0x0001cc68:  2701              sext.w                  a4,a4
0x0001cc6a:  973e              add                     a4,a4,a5
0x0001cc6c:  00074703          lbu                     a4,0(a4)
0x0001cc70:  02000793          addi                    a5,zero,32
0x0001cc74:  b0f43823          sd                      a5,-1264(s0)
0x0001cc78:  070e              slli                    a4,a4,3
0x0001cc7a:  00062797          auipc                   a5,98                   # 0x7ec7a
0x0001cc7e:  75678793          addi                    a5,a5,1878
0x0001cc82:  973e              add                     a4,a4,a5
0x0001cc84:  10073703          ld                      a4,256(a4)
0x0001cc88:  b2043c23          sd                      zero,-1224(s0)
0x0001cc8c:  59fd              addi                    s3,zero,-1
0x0001cc8e:  4a01              mv                      s4,zero
0x0001cc90:  4c81              mv                      s9,zero
0x0001cc92:  4d01              mv                      s10,zero
0x0001cc94:  4c01              mv                      s8,zero
0x0001cc96:  4b81              mv                      s7,zero
0x0001cc98:  4881              mv                      a7,zero
0x0001cc9a:  b2043823          sd                      zero,-1232(s0)
0x0001cc9e:  4b01              mv                      s6,zero
0x0001cca0:  b0043c23          sd                      zero,-1256(s0)
0x0001cca4:  b2043023          sd                      zero,-1248(s0)
0x0001cca8:  8702              jr                      a4

----------------
IN: __printf_buffer
0x0001d380:  640d0e63          beqz                    s10,1628                # 0x1d9dc

----------------
IN: __printf_buffer
0x0001d9dc:  00092b83          lw                      s7,0(s2)
0x0001d9e0:  0921              addi                    s2,s2,8
0x0001d9e2:  220c9363          bnez                    s9,550                  # 0x1dc08

----------------
IN: __printf_buffer
0x0001d9e6:  9a0c02e3          beqz                    s8,-1628                # 0x1d38a

----------------
IN: __printf_buffer
0x0001d38a:  680bce63          bltz                    s7,1692                 # 0x1da26

----------------
IN: __printf_buffer
0x0001d38e:  47a9              addi                    a5,zero,10
0x0001d390:  b2f43423          sd                      a5,-1240(s0)
0x0001d394:  4d01              mv                      s10,zero
0x0001d396:  b6c1              j                       -1088                   # 0x1cf56

----------------
IN: __printf_buffer
0x0001cf56:  1809c163          bltz                    s3,386                  # 0x1d0d8

----------------
IN: __printf_buffer
0x0001d0d8:  4c85              addi                    s9,zero,1
0x0001d0da:  4985              addi                    s3,zero,1
0x0001d0dc:  b571              j                       -372                    # 0x1cf68

----------------
IN: __printf_buffer
0x0001cf68:  b2843603          ld                      a2,-1240(s0)
0x0001cf6c:  f8840e13          addi                    t3,s0,-120
0x0001cf70:  fa8d8693          addi                    a3,s11,-88
0x0001cf74:  85f2              mv                      a1,t3
0x0001cf76:  0016b693          seqz                    a3,a3
0x0001cf7a:  855e              mv                      a0,s7
0x0001cf7c:  af143823          sd                      a7,-1296(s0)
0x0001cf80:  afc43c23          sd                      t3,-1288(s0)
0x0001cf84:  a07fd0ef          jal                     ra,-9722                # 0x1a98a

----------------
IN: _itoa_word
0x0001a98a:  1141              addi                    sp,sp,-16
0x0001a98c:  e422              sd                      s0,8(sp)
0x0001a98e:  0800              addi                    s0,sp,16
0x0001a990:  87aa              mv                      a5,a0
0x0001a992:  0003b717          auipc                   a4,59                   # 0x55992
0x0001a996:  84670713          addi                    a4,a4,-1978
0x0001a99a:  852e              mv                      a0,a1
0x0001a99c:  e689              bnez                    a3,10                   # 0x1a9a6

----------------
IN: _itoa_word
0x0001a99e:  0003b717          auipc                   a4,59                   # 0x5599e
0x0001a9a2:  81270713          addi                    a4,a4,-2030
0x0001a9a6:  46a9              addi                    a3,zero,10
0x0001a9a8:  06d60a63          beq                     a2,a3,116               # 0x1aa1c

----------------
IN: _itoa_word
0x0001aa1c:  4629              addi                    a2,zero,10
0x0001aa1e:  4825              addi                    a6,zero,9
0x0001aa20:  02c7f6b3          remu                    a3,a5,a2
0x0001aa24:  157d              addi                    a0,a0,-1
0x0001aa26:  85be              mv                      a1,a5
0x0001aa28:  96ba              add                     a3,a3,a4
0x0001aa2a:  0006c683          lbu                     a3,0(a3)
0x0001aa2e:  02c7d7b3          divu                    a5,a5,a2
0x0001aa32:  00d50023          sb                      a3,0(a0)
0x0001aa36:  feb865e3          bgtu                    a1,a6,-22               # 0x1aa20

----------------
IN: _itoa_word
0x0001aa20:  02c7f6b3          remu                    a3,a5,a2
0x0001aa24:  157d              addi                    a0,a0,-1
0x0001aa26:  85be              mv                      a1,a5
0x0001aa28:  96ba              add                     a3,a3,a4
0x0001aa2a:  0006c683          lbu                     a3,0(a3)
0x0001aa2e:  02c7d7b3          divu                    a5,a5,a2
0x0001aa32:  00d50023          sb                      a3,0(a0)
0x0001aa36:  feb865e3          bgtu                    a1,a6,-22               # 0x1aa20

----------------
IN: _itoa_word
0x0001aa3a:  6422              ld                      s0,8(sp)
0x0001aa3c:  0141              addi                    sp,sp,16
0x0001aa3e:  8082              ret                     

----------------
IN: __printf_buffer
0x0001cf88:  af843e03          ld                      t3,-1288(s0)
0x0001cf8c:  af043883          ld                      a7,-1296(s0)
0x0001cf90:  b0a43423          sd                      a0,-1272(s0)
0x0001cf94:  40ae0c33          sub                     s8,t3,a0
0x0001cf98:  7e089c63          bnez                    a7,2040                 # 0x1d790

----------------
IN: __printf_buffer
0x0001cf9c:  418c8733          sub                     a4,s9,s8
0x0001cfa0:  fff74c93          not                     s9,a4
0x0001cfa4:  b3843783          ld                      a5,-1224(s0)
0x0001cfa8:  43fcdc93          srai                    s9,s9,63
0x0001cfac:  01977cb3          and                     s9,a4,s9
0x0001cfb0:  000c8e9b          sext.w                  t4,s9
0x0001cfb4:  080796e3          bnez                    a5,2188                 # 0x1d840

----------------
IN: __printf_buffer
0x0001cfb8:  000c089b          sext.w                  a7,s8
0x0001cfbc:  86c6              mv                      a3,a7
0x0001cfbe:  4e01              mv                      t3,zero
0x0001cfc0:  6738c563          bgt                     s3,a7,1642              # 0x1d62a

----------------
IN: __printf_buffer
0x0001cfc4:  740b8963          beqz                    s7,1874                 # 0x1d716

----------------
IN: __printf_buffer
0x0001cfc8:  b2043783          ld                      a5,-1248(s0)
0x0001cfcc:  74078563          beqz                    a5,1866                 # 0x1d716

----------------
IN: __printf_buffer
0x0001d716:  f40b11e3          bnez                    s6,-190                 # 0x1d658

----------------
IN: __printf_buffer
0x0001d71a:  b1843783          ld                      a5,-1256(s0)
0x0001d71e:  01d6863b          addw                    a2,a3,t4
0x0001d722:  40ca063b          subw                    a2,s4,a2
0x0001d726:  00fd6733          or                      a4,s10,a5
0x0001d72a:  b3043783          ld                      a5,-1232(s0)
0x0001d72e:  8f5d              or                      a4,a4,a5
0x0001d730:  8e0701e3          beqz                    a4,-1822                # 0x1d012

----------------
IN: __printf_buffer
0x0001d012:  b1043783          ld                      a5,-1264(s0)
0x0001d016:  02000713          addi                    a4,zero,32
0x0001d01a:  12e78ce3          beq                     a5,a4,2360              # 0x1d952

----------------
IN: __printf_buffer
0x0001d952:  ecc05863          blez                    a2,-2352                # 0x1d022

----------------
IN: __printf_buffer
0x0001d022:  000b8e63          beqz                    s7,28                   # 0x1d03e

----------------
IN: __printf_buffer
0x0001d026:  b2043783          ld                      a5,-1248(s0)
0x0001d02a:  cb91              beqz                    a5,20                   # 0x1d03e

----------------
IN: __printf_buffer
0x0001d03e:  03d04b63          bgtz                    t4,54                   # 0x1d074

----------------
IN: __printf_buffer
0x0001d042:  040b1763          bnez                    s6,78                   # 0x1d090

----------------
IN: __printf_buffer
0x0001d046:  060e0263          beqz                    t3,100                  # 0x1d0aa

----------------
IN: __printf_buffer
0x0001d0aa:  b0843583          ld                      a1,-1272(s0)
0x0001d0ae:  8662              mv                      a2,s8
0x0001d0b0:  8526              mv                      a0,s1
0x0001d0b2:  73a1d0ef          jal                     ra,120634               # 0x3a7ec

----------------
IN: __printf_buffer
0x0001d0b6:  b1f5              j                       -788                    # 0x1cda2

----------------
IN: __printf_buffer
0x0001cda2:  b4843b03          ld                      s6,-1208(s0)
0x0001cda6:  02500593          addi                    a1,zero,37
0x0001cdaa:  2a85              addiw                   s5,s5,1
0x0001cdac:  0b05              addi                    s6,s6,1
0x0001cdae:  855a              mv                      a0,s6
0x0001cdb0:  fedf90ef          jal                     ra,-24596               # 0x16d9c

----------------
IN: strchrnul
0x00016eae:  0807f713          andi                    a4,a5,128
0x00016eb2:  8532              mv                      a0,a2
0x00016eb4:  fb75              bnez                    a4,-12                  # 0x16ea8

----------------
IN: strchrnul
0x00016eb6:  03079713          slli                    a4,a5,48
0x00016eba:  02074c63          bltz                    a4,56                   # 0x16ef2

----------------
IN: strchrnul
0x00016ef2:  00160513          addi                    a0,a2,1
0x00016ef6:  bf4d              j                       -78                     # 0x16ea8

----------------
IN: strchrnul
0x00016ea8:  6422              ld                      s0,8(sp)
0x00016eaa:  0141              addi                    sp,sp,16
0x00016eac:  8082              ret                     

----------------
IN: __printf_buffer
0x0001cdb4:  8a2a              mv                      s4,a0
0x0001cdb6:  41650633          sub                     a2,a0,s6
0x0001cdba:  85da              mv                      a1,s6
0x0001cdbc:  8526              mv                      a0,s1
0x0001cdbe:  b5443423          sd                      s4,-1208(s0)
0x0001cdc2:  22b1d0ef          jal                     ra,121386               # 0x3a7ec

----------------
IN: __printf_buffer
0x0001cdc6:  000a4783          lbu                     a5,0(s4)
0x0001cdca:  c781              beqz                    a5,8                    # 0x1cdd2

----------------
IN: __printf_buffer
0x0001cdd2:  55813a83          ld                      s5,1368(sp)
0x0001cdd6:  54813b83          ld                      s7,1352(sp)
0x0001cdda:  54013c03          ld                      s8,1344(sp)
0x0001cdde:  53813c83          ld                      s9,1336(sp)
0x0001cde2:  53013d03          ld                      s10,1328(sp)
0x0001cde6:  52813d83          ld                      s11,1320(sp)
0x0001cdea:  bd35              j                       -452                    # 0x1cc26

----------------
IN: __printf_buffer
0x0001cc26:  00066797          auipc                   a5,102                  # 0x82c26
0x0001cc2a:  fea7b783          ld                      a5,-22(a5)
0x0001cc2e:  f8843703          ld                      a4,-120(s0)
0x0001cc32:  639c              ld                      a5,0(a5)
0x0001cc34:  8fb9              xor                     a5,a5,a4
0x0001cc36:  4701              mv                      a4,zero
0x0001cc38:  c399              beqz                    a5,6                    # 0x1cc3e

----------------
IN: __printf_buffer
0x0001cc3e:  58813083          ld                      ra,1416(sp)
0x0001cc42:  58013403          ld                      s0,1408(sp)
0x0001cc46:  57813483          ld                      s1,1400(sp)
0x0001cc4a:  57013903          ld                      s2,1392(sp)
0x0001cc4e:  56813983          ld                      s3,1384(sp)
0x0001cc52:  56013a03          ld                      s4,1376(sp)
0x0001cc56:  55013b03          ld                      s6,1360(sp)
0x0001cc5a:  59010113          addi                    sp,sp,1424
0x0001cc5e:  8082              ret                     

----------------
IN: __vfprintf_internal
0x0001e14c:  8526              mv                      a0,s1
0x0001e14e:  6781c0ef          jal                     ra,116344               # 0x3a7c6

----------------
IN: __printf_buffer_to_file_done
0x0003a7c6:  511c              lw                      a5,32(a0)
0x0003a7c8:  c385              beqz                    a5,32                   # 0x3a7e8

----------------
IN: __printf_buffer_to_file_done
0x0003a7ca:  1101              addi                    sp,sp,-32
0x0003a7cc:  e822              sd                      s0,16(sp)
0x0003a7ce:  e426              sd                      s1,8(sp)
0x0003a7d0:  ec06              sd                      ra,24(sp)
0x0003a7d2:  1000              addi                    s0,sp,32
0x0003a7d4:  84aa              mv                      s1,a0
0x0003a7d6:  e9dff0ef          jal                     ra,-356                 # 0x3a672

----------------
IN: __printf_buffer_flush_to_file
0x0003a672:  7139              addi                    sp,sp,-64
0x0003a674:  f822              sd                      s0,48(sp)
0x0003a676:  f426              sd                      s1,40(sp)
0x0003a678:  ec4e              sd                      s3,24(sp)
0x0003a67a:  fc06              sd                      ra,56(sp)
0x0003a67c:  0080              addi                    s0,sp,64
0x0003a67e:  6510              ld                      a2,8(a0)
0x0003a680:  6118              ld                      a4,0(a0)
0x0003a682:  6d1c              ld                      a5,24(a0)
0x0003a684:  6914              ld                      a3,16(a0)
0x0003a686:  40e60733          sub                     a4,a2,a4
0x0003a68a:  97ba              add                     a5,a5,a4
0x0003a68c:  ed1c              sd                      a5,24(a0)
0x0003a68e:  0b050993          addi                    s3,a0,176
0x0003a692:  84aa              mv                      s1,a0
0x0003a694:  05368a63          beq                     a3,s3,84                # 0x3a6e8

----------------
IN: __printf_buffer_flush_to_file
0x0003a6e8:  7508              ld                      a0,40(a0)
0x0003a6ea:  e456              sd                      s5,8(sp)
0x0003a6ec:  6785              lui                     a5,1
0x0003a6ee:  0d853a83          ld                      s5,216(a0)
0x0003a6f2:  00047717          auipc                   a4,71                   # 0x816f2
0x0003a6f6:  65670713          addi                    a4,a4,1622
0x0003a6fa:  f04a              sd                      s2,32(sp)
0x0003a6fc:  e852              sd                      s4,16(sp)
0x0003a6fe:  92f78793          addi                    a5,a5,-1745
0x0003a702:  03048a13          addi                    s4,s1,48
0x0003a706:  40ea8733          sub                     a4,s5,a4
0x0003a70a:  41460933          sub                     s2,a2,s4
0x0003a70e:  04e7ef63          bgtu                    a4,a5,94                # 0x3a76c

----------------
IN: __printf_buffer_flush_to_file
0x0003a712:  038ab783          ld                      a5,56(s5)
0x0003a716:  864a              mv                      a2,s2
0x0003a718:  85d2              mv                      a1,s4
0x0003a71a:  9782              jalr                    ra,a5,0

----------------
IN: _IO_new_file_xsputn
0x00020304:  c251              beqz                    a2,132                  # 0x20388

----------------
IN: _IO_new_file_xsputn
0x00020306:  7139              addi                    sp,sp,-64
0x00020308:  f822              sd                      s0,48(sp)
0x0002030a:  f426              sd                      s1,40(sp)
0x0002030c:  f04a              sd                      s2,32(sp)
0x0002030e:  e852              sd                      s4,16(sp)
0x00020310:  fc06              sd                      ra,56(sp)
0x00020312:  ec4e              sd                      s3,24(sp)
0x00020314:  e456              sd                      s5,8(sp)
0x00020316:  0080              addi                    s0,sp,64
0x00020318:  6118              ld                      a4,0(a0)
0x0002031a:  6785              lui                     a5,1
0x0002031c:  a0078793          addi                    a5,a5,-1536
0x00020320:  8f7d              and                     a4,a4,a5
0x00020322:  84aa              mv                      s1,a0
0x00020324:  8a32              mv                      s4,a2
0x00020326:  7508              ld                      a0,40(a0)
0x00020328:  892e              mv                      s2,a1
0x0002032a:  02f70963          beq                     a4,a5,50                # 0x2035c

----------------
IN: _IO_new_file_xsputn
0x0002032e:  7898              ld                      a4,48(s1)
0x00020330:  06e57063          bleu                    a4,a0,96                # 0x20390

----------------
IN: _IO_new_file_xsputn
0x00020390:  89d2              mv                      s3,s4
0x00020392:  0d84ba83          ld                      s5,216(s1)
0x00020396:  6785              lui                     a5,1
0x00020398:  00062717          auipc                   a4,98                   # 0x82398
0x0002039c:  9b070713          addi                    a4,a4,-1616
0x000203a0:  40ea8733          sub                     a4,s5,a4
0x000203a4:  92f78793          addi                    a5,a5,-1745
0x000203a8:  08e7e263          bgtu                    a4,a5,132               # 0x2042c

----------------
IN: _IO_new_file_xsputn
0x000203ac:  018ab783          ld                      a5,24(s5)
0x000203b0:  55fd              addi                    a1,zero,-1
0x000203b2:  8526              mv                      a0,s1
0x000203b4:  9782              jalr                    ra,a5,0

----------------
IN: _IO_file_overflow
0x0001fab8:  7179              addi                    sp,sp,-48
0x0001faba:  f022              sd                      s0,32(sp)
0x0001fabc:  ec26              sd                      s1,24(sp)
0x0001fabe:  f406              sd                      ra,40(sp)
0x0001fac0:  1800              addi                    s0,sp,48
0x0001fac2:  411c              lw                      a5,0(a0)
0x0001fac4:  84aa              mv                      s1,a0
0x0001fac6:  0087f713          andi                    a4,a5,8
0x0001faca:  12071a63          bnez                    a4,308                  # 0x1fbfe

----------------
IN: _IO_file_overflow
0x0001face:  e84a              sd                      s2,16(sp)
0x0001fad0:  e44e              sd                      s3,8(sp)
0x0001fad2:  03479693          slli                    a3,a5,52
0x0001fad6:  7118              ld                      a4,32(a0)
0x0001fad8:  892e              mv                      s2,a1
0x0001fada:  0406d263          bgez                    a3,68                   # 0x1fb1e

----------------
IN: _IO_file_overflow
0x0001fb1e:  c35d              beqz                    a4,166                  # 0x1fbc4

----------------
IN: _IO_file_overflow
0x0001fbc4:  8526              mv                      a0,s1
0x0001fbc6:  680010ef          jal                     ra,5760                 # 0x21246

----------------
IN: _IO_doallocbuf
0x00021246:  7d1c              ld                      a5,56(a0)
0x00021248:  c391              beqz                    a5,4                    # 0x2124c

----------------
IN: _IO_doallocbuf
0x0002124c:  7179              addi                    sp,sp,-48
0x0002124e:  f022              sd                      s0,32(sp)
0x00021250:  ec26              sd                      s1,24(sp)
0x00021252:  f406              sd                      ra,40(sp)
0x00021254:  e84a              sd                      s2,16(sp)
0x00021256:  e44e              sd                      s3,8(sp)
0x00021258:  1800              addi                    s0,sp,48
0x0002125a:  411c              lw                      a5,0(a0)
0x0002125c:  84aa              mv                      s1,a0
0x0002125e:  0027f713          andi                    a4,a5,2
0x00021262:  c709              beqz                    a4,10                   # 0x2126c

----------------
IN: _IO_doallocbuf
0x0002126c:  0d84b903          ld                      s2,216(s1)
0x00021270:  6785              lui                     a5,1
0x00021272:  00061717          auipc                   a4,97                   # 0x82272
0x00021276:  ad670713          addi                    a4,a4,-1322
0x0002127a:  40e90733          sub                     a4,s2,a4
0x0002127e:  92f78793          addi                    a5,a5,-1745
0x00021282:  04e7ea63          bgtu                    a4,a5,84                # 0x212d6

----------------
IN: _IO_doallocbuf
0x00021286:  06893783          ld                      a5,104(s2)
0x0002128a:  8526              mv                      a0,s1
0x0002128c:  9782              jalr                    ra,a5,0

----------------
IN: _IO_file_doallocate
0x0003d6a4:  7131              addi                    sp,sp,-192
0x0003d6a6:  f922              sd                      s0,176(sp)
0x0003d6a8:  f526              sd                      s1,168(sp)
0x0003d6aa:  ed4e              sd                      s3,152(sp)
0x0003d6ac:  0180              addi                    s0,sp,192
0x0003d6ae:  fd06              sd                      ra,184(sp)
0x0003d6b0:  f14a              sd                      s2,160(sp)
0x0003d6b2:  593c              lw                      a5,112(a0)
0x0003d6b4:  00045997          auipc                   s3,69                   # 0x826b4
0x0003d6b8:  55c9b983          ld                      s3,1372(s3)
0x0003d6bc:  0009b703          ld                      a4,0(s3)
0x0003d6c0:  fce43423          sd                      a4,-56(s0)
0x0003d6c4:  4701              mv                      a4,zero
0x0003d6c6:  84aa              mv                      s1,a0
0x0003d6c8:  0807c063          bltz                    a5,128                  # 0x3d748

----------------
IN: _IO_file_doallocate
0x0003d6cc:  0d853903          ld                      s2,216(a0)
0x0003d6d0:  6785              lui                     a5,1
0x0003d6d2:  00044717          auipc                   a4,68                   # 0x816d2
0x0003d6d6:  67670713          addi                    a4,a4,1654
0x0003d6da:  40e90733          sub                     a4,s2,a4
0x0003d6de:  92f78793          addi                    a5,a5,-1745
0x0003d6e2:  0ce7e863          bgtu                    a4,a5,208               # 0x3d7b2

----------------
IN: _IO_file_doallocate
0x0003d6e6:  09093783          ld                      a5,144(s2)
0x0003d6ea:  f4840593          addi                    a1,s0,-184
0x0003d6ee:  8526              mv                      a0,s1
0x0003d6f0:  9782              jalr                    ra,a5,0

----------------
IN: _IO_file_stat
0x00020236:  1141              addi                    sp,sp,-16
0x00020238:  e422              sd                      s0,8(sp)
0x0002023a:  0800              addi                    s0,sp,16
0x0002023c:  6422              ld                      s0,8(sp)
0x0002023e:  5928              lw                      a0,112(a0)
0x00020240:  0141              addi                    sp,sp,16
0x00020242:  9f2f706f          j                       -36366                  # 0x17434

----------------
IN: __fstat64
0x00017434:  1141              addi                    sp,sp,-16
0x00017436:  e422              sd                      s0,8(sp)
0x00017438:  0800              addi                    s0,sp,16
0x0001743a:  05000893          addi                    a7,zero,80
0x0001743e:  00000073          ecall                   

----------------
IN: __fstat64
0x00017442:  77fd              lui                     a5,-1
0x00017444:  00a7e663          bgtu                    a0,a5,12                # 0x17450

----------------
IN: __fstat64
0x00017448:  6422              ld                      s0,8(sp)
0x0001744a:  2501              sext.w                  a0,a0
0x0001744c:  0141              addi                    sp,sp,16
0x0001744e:  8082              ret                     

----------------
IN: _IO_file_doallocate
0x0003d6f2:  04054b63          bltz                    a0,86                   # 0x3d748

----------------
IN: _IO_file_doallocate
0x0003d6f6:  f5842783          lw                      a5,-168(s0)
0x0003d6fa:  66bd              lui                     a3,15
0x0003d6fc:  6709              lui                     a4,2
0x0003d6fe:  8ff5              and                     a5,a5,a3
0x0003d700:  04e78c63          beq                     a5,a4,88                # 0x3d758

----------------
IN: _IO_file_doallocate
0x0003d758:  f6843783          ld                      a5,-152(s0)
0x0003d75c:  767d              lui                     a2,-1
0x0003d75e:  469d              addi                    a3,zero,7
0x0003d760:  02c79713          slli                    a4,a5,44
0x0003d764:  9381              srli                    a5,a5,32
0x0003d766:  9351              srli                    a4,a4,52
0x0003d768:  8ff1              and                     a5,a5,a2
0x0003d76a:  8fd9              or                      a5,a5,a4
0x0003d76c:  f787879b          addiw                   a5,a5,-136
0x0003d770:  00f6ef63          bgtu                    a5,a3,30                # 0x3d78e

----------------
IN: _IO_file_doallocate
0x0003d774:  409c              lw                      a5,0(s1)
0x0003d776:  f8042903          lw                      s2,-128(s0)
0x0003d77a:  2007e793          ori                     a5,a5,512
0x0003d77e:  c09c              sw                      a5,0(s1)
0x0003d780:  6789              lui                     a5,2
0x0003d782:  17f9              addi                    a5,a5,-2
0x0003d784:  fff9071b          addiw                   a4,s2,-1
0x0003d788:  fce7e0e3          bgtu                    a4,a5,-64               # 0x3d748

----------------
IN: _IO_file_doallocate
0x0003d78c:  b761              j                       -120                    # 0x3d714

----------------
IN: _IO_file_doallocate
0x0003d714:  854a              mv                      a0,s2
0x0003d716:  da5d70ef          jal                     ra,-164444              # 0x154ba

----------------
IN: _IO_file_doallocate
0x0003d71a:  85aa              mv                      a1,a0
0x0003d71c:  cd05              beqz                    a0,56                   # 0x3d754

----------------
IN: _IO_file_doallocate
0x0003d71e:  01250633          add                     a2,a0,s2
0x0003d722:  4685              addi                    a3,zero,1
0x0003d724:  8526              mv                      a0,s1
0x0003d726:  acfe30ef          jal                     ra,-116018              # 0x211f4

----------------
IN: _IO_setb
0x000211f4:  7179              addi                    sp,sp,-48
0x000211f6:  f022              sd                      s0,32(sp)
0x000211f8:  ec26              sd                      s1,24(sp)
0x000211fa:  e84a              sd                      s2,16(sp)
0x000211fc:  e44e              sd                      s3,8(sp)
0x000211fe:  e052              sd                      s4,0(sp)
0x00021200:  f406              sd                      ra,40(sp)
0x00021202:  1800              addi                    s0,sp,48
0x00021204:  84aa              mv                      s1,a0
0x00021206:  7d08              ld                      a0,56(a0)
0x00021208:  409c              lw                      a5,0(s1)
0x0002120a:  8a2e              mv                      s4,a1
0x0002120c:  89b2              mv                      s3,a2
0x0002120e:  8936              mv                      s2,a3
0x00021210:  c501              beqz                    a0,8                    # 0x21218

----------------
IN: _IO_setb
0x00021218:  0344bc23          sd                      s4,56(s1)
0x0002121c:  0534b023          sd                      s3,64(s1)
0x00021220:  0017e713          ori                     a4,a5,1
0x00021224:  00090463          beqz                    s2,8                    # 0x2122c

----------------
IN: _IO_setb
0x00021228:  ffe7f713          andi                    a4,a5,-2
0x0002122c:  70a2              ld                      ra,40(sp)
0x0002122e:  7402              ld                      s0,32(sp)
0x00021230:  c098              sw                      a4,0(s1)
0x00021232:  6942              ld                      s2,16(sp)
0x00021234:  64e2              ld                      s1,24(sp)
0x00021236:  69a2              ld                      s3,8(sp)
0x00021238:  6a02              ld                      s4,0(sp)
0x0002123a:  6145              addi                    sp,sp,48
0x0002123c:  8082              ret                     

----------------
IN: _IO_file_doallocate
0x0003d72a:  4505              addi                    a0,zero,1
0x0003d72c:  fc843703          ld                      a4,-56(s0)
0x0003d730:  0009b783          ld                      a5,0(s3)
0x0003d734:  8fb9              xor                     a5,a5,a4
0x0003d736:  4701              mv                      a4,zero
0x0003d738:  e3c1              bnez                    a5,128                  # 0x3d7b8

----------------
IN: _IO_file_doallocate
0x0003d73a:  70ea              ld                      ra,184(sp)
0x0003d73c:  744a              ld                      s0,176(sp)
0x0003d73e:  74aa              ld                      s1,168(sp)
0x0003d740:  790a              ld                      s2,160(sp)
0x0003d742:  69ea              ld                      s3,152(sp)
0x0003d744:  6129              addi                    sp,sp,192
0x0003d746:  8082              ret                     

----------------
IN: _IO_doallocbuf
0x0002128e:  57fd              addi                    a5,zero,-1
0x00021290:  02f51363          bne                     a0,a5,38                # 0x212b6

----------------
IN: _IO_doallocbuf
0x000212b6:  70a2              ld                      ra,40(sp)
0x000212b8:  7402              ld                      s0,32(sp)
0x000212ba:  64e2              ld                      s1,24(sp)
0x000212bc:  6942              ld                      s2,16(sp)
0x000212be:  69a2              ld                      s3,8(sp)
0x000212c0:  6145              addi                    sp,sp,48
0x000212c2:  8082              ret                     

----------------
IN: _IO_file_overflow
0x0001fbca:  7c90              ld                      a2,56(s1)
0x0001fbcc:  409c              lw                      a5,0(s1)
0x0001fbce:  ec90              sd                      a2,24(s1)
0x0001fbd0:  e490              sd                      a2,8(s1)
0x0001fbd2:  e890              sd                      a2,16(s1)
0x0001fbd4:  b7b9              j                       -178                    # 0x1fb22

----------------
IN: _IO_file_overflow
0x0001fb22:  1007f713          andi                    a4,a5,256
0x0001fb26:  eb45              bnez                    a4,176                  # 0x1fbd6

----------------
IN: _IO_file_overflow
0x0001fb28:  60ac              ld                      a1,64(s1)
0x0001fb2a:  08c58063          beq                     a1,a2,128               # 0x1fbaa

----------------
IN: _IO_file_overflow
0x0001fb2e:  6894              ld                      a3,16(s1)
0x0001fb30:  6705              lui                     a4,1
0x0001fb32:  80070713          addi                    a4,a4,-2048
0x0001fb36:  0c04a503          lw                      a0,192(s1)
0x0001fb3a:  8f5d              or                      a4,a4,a5
0x0001fb3c:  f490              sd                      a2,40(s1)
0x0001fb3e:  f090              sd                      a2,32(s1)
0x0001fb40:  f88c              sd                      a1,48(s1)
0x0001fb42:  e494              sd                      a3,8(s1)
0x0001fb44:  ec94              sd                      a3,24(s1)
0x0001fb46:  c098              sw                      a4,0(s1)
0x0001fb48:  f8a04de3          bgtz                    a0,-102                 # 0x1fae2

----------------
IN: _IO_file_overflow
0x0001fb4c:  2027f793          andi                    a5,a5,514
0x0001fb50:  dbc9              beqz                    a5,-110                 # 0x1fae2

----------------
IN: _IO_file_overflow
0x0001fb52:  f890              sd                      a2,48(s1)
0x0001fb54:  59fd              addi                    s3,zero,-1
0x0001fb56:  f93919e3          bne                     s2,s3,-110              # 0x1fae8

----------------
IN: _IO_file_overflow
0x0001fb5a:  708c              ld                      a1,32(s1)
0x0001fb5c:  7402              ld                      s0,32(sp)
0x0001fb5e:  6942              ld                      s2,16(sp)
0x0001fb60:  69a2              ld                      s3,8(sp)
0x0001fb62:  70a2              ld                      ra,40(sp)
0x0001fb64:  8526              mv                      a0,s1
0x0001fb66:  64e2              ld                      s1,24(sp)
0x0001fb68:  8e0d              sub                     a2,a2,a1
0x0001fb6a:  6145              addi                    sp,sp,48
0x0001fb6c:  e64ff06f          j                       -2460                   # 0x1f1d0

----------------
IN: _IO_do_write
0x0001f1d0:  e219              bnez                    a2,6                    # 0x1f1d6

----------------
IN: _IO_do_write
0x0001f1d2:  4501              mv                      a0,zero
0x0001f1d4:  8082              ret                     

----------------
IN: _IO_new_file_xsputn
0x000203b6:  57fd              addi                    a5,zero,-1
0x000203b8:  06f50463          beq                     a0,a5,104               # 0x20420

----------------
IN: _IO_new_file_xsputn
0x000203bc:  60bc              ld                      a5,64(s1)
0x000203be:  7c94              ld                      a3,56(s1)
0x000203c0:  07f00713          addi                    a4,zero,127
0x000203c4:  8f95              sub                     a5,a5,a3
0x000203c6:  02f77c63          bleu                    a5,a4,56                # 0x203fe

----------------
IN: _IO_new_file_xsputn
0x000203ca:  02f9f7b3          remu                    a5,s3,a5
0x000203ce:  40f98ab3          sub                     s5,s3,a5
0x000203d2:  02f99d63          bne                     s3,a5,58                # 0x2040c

----------------
IN: _IO_new_file_xsputn
0x000203d6:  02098663          beqz                    s3,44                   # 0x20402

----------------
IN: _IO_new_file_xsputn
0x000203da:  864e              mv                      a2,s3
0x000203dc:  015905b3          add                     a1,s2,s5
0x000203e0:  8526              mv                      a0,s1
0x000203e2:  75d000ef          jal                     ra,3932                 # 0x2133e

----------------
IN: _IO_default_xsputn
0x0002133e:  ce71              beqz                    a2,220                  # 0x2141a

----------------
IN: _IO_default_xsputn
0x00021340:  711d              addi                    sp,sp,-96
0x00021342:  e8a2              sd                      s0,80(sp)
0x00021344:  e4a6              sd                      s1,72(sp)
0x00021346:  fc4e              sd                      s3,56(sp)
0x00021348:  f852              sd                      s4,48(sp)
0x0002134a:  f456              sd                      s5,40(sp)
0x0002134c:  f05a              sd                      s6,32(sp)
0x0002134e:  ec5e              sd                      s7,24(sp)
0x00021350:  e862              sd                      s8,16(sp)
0x00021352:  e466              sd                      s9,8(sp)
0x00021354:  ec86              sd                      ra,88(sp)
0x00021356:  e0ca              sd                      s2,64(sp)
0x00021358:  1080              addi                    s0,sp,96
0x0002135a:  6b05              lui                     s6,1
0x0002135c:  8ab2              mv                      s5,a2
0x0002135e:  8a2a              mv                      s4,a0
0x00021360:  84ae              mv                      s1,a1
0x00021362:  89b2              mv                      s3,a2
0x00021364:  4cd1              addi                    s9,zero,20
0x00021366:  00061c17          auipc                   s8,97                   # 0x82366
0x0002136a:  9e2c0c13          addi                    s8,s8,-1566
0x0002136e:  92fb0b13          addi                    s6,s6,-1745
0x00021372:  5bfd              addi                    s7,zero,-1
0x00021374:  028a3503          ld                      a0,40(s4)
0x00021378:  030a3903          ld                      s2,48(s4)
0x0002137c:  01257d63          bleu                    s2,a0,26                # 0x21396

----------------
IN: _IO_default_xsputn
0x00021396:  06098163          beqz                    s3,98                   # 0x213f8

----------------
IN: _IO_default_xsputn
0x0002139a:  0d8a3903          ld                      s2,216(s4)
0x0002139e:  418907b3          sub                     a5,s2,s8
0x000213a2:  06fb6963          bgtu                    a5,s6,114               # 0x21414

----------------
IN: _IO_default_xsputn
0x000213a6:  0004c583          lbu                     a1,0(s1)
0x000213aa:  01893783          ld                      a5,24(s2)
0x000213ae:  8552              mv                      a0,s4
0x000213b0:  0485              addi                    s1,s1,1
0x000213b2:  9782              jalr                    ra,a5,0

----------------
IN: _IO_file_overflow
0x0001fade:  c37d              beqz                    a4,230                  # 0x1fbc4

----------------
IN: _IO_file_overflow
0x0001fae0:  7510              ld                      a2,40(a0)
0x0001fae2:  59fd              addi                    s3,zero,-1
0x0001fae4:  07390b63          beq                     s2,s3,118               # 0x1fb5a

----------------
IN: _IO_file_overflow
0x0001fae8:  60bc              ld                      a5,64(s1)
0x0001faea:  0ac78063          beq                     a5,a2,160               # 0x1fb8a

----------------
IN: _IO_file_overflow
0x0001faee:  00160793          addi                    a5,a2,1
0x0001faf2:  f49c              sd                      a5,40(s1)
0x0001faf4:  01260023          sb                      s2,0(a2)
0x0001faf8:  409c              lw                      a5,0(s1)
0x0001fafa:  0027f713          andi                    a4,a5,2
0x0001fafe:  eb2d              bnez                    a4,114                  # 0x1fb70

----------------
IN: _IO_file_overflow
0x0001fb00:  2007f793          andi                    a5,a5,512
0x0001fb04:  c781              beqz                    a5,8                    # 0x1fb0c

----------------
IN: _IO_file_overflow
0x0001fb06:  47a9              addi                    a5,zero,10
0x0001fb08:  06f90463          beq                     s2,a5,104               # 0x1fb70

----------------
IN: _IO_file_overflow
0x0001fb0c:  0ff97513          andi                    a0,s2,255
0x0001fb10:  69a2              ld                      s3,8(sp)
0x0001fb12:  6942              ld                      s2,16(sp)
0x0001fb14:  70a2              ld                      ra,40(sp)
0x0001fb16:  7402              ld                      s0,32(sp)
0x0001fb18:  64e2              ld                      s1,24(sp)
0x0001fb1a:  6145              addi                    sp,sp,48
0x0001fb1c:  8082              ret                     

----------------
IN: _IO_default_xsputn
0x000213b4:  05750063          beq                     a0,s7,64                # 0x213f4

----------------
IN: _IO_default_xsputn
0x000213b8:  19fd              addi                    s3,s3,-1
0x000213ba:  bf6d              j                       -70                     # 0x21374

----------------
IN: _IO_default_xsputn
0x00021374:  028a3503          ld                      a0,40(s4)
0x00021378:  030a3903          ld                      s2,48(s4)
0x0002137c:  01257d63          bleu                    s2,a0,26                # 0x21396

----------------
IN: _IO_file_overflow
0x0001fb70:  708c              ld                      a1,32(s1)
0x0001fb72:  7490              ld                      a2,40(s1)
0x0001fb74:  8526              mv                      a0,s1
0x0001fb76:  8e0d              sub                     a2,a2,a1
0x0001fb78:  e58ff0ef          jal                     ra,-2472                # 0x1f1d0

----------------
IN: _IO_do_write
0x0001f1d6:  1101              addi                    sp,sp,-32
0x0001f1d8:  e822              sd                      s0,16(sp)
0x0001f1da:  e426              sd                      s1,8(sp)
0x0001f1dc:  ec06              sd                      ra,24(sp)
0x0001f1de:  1000              addi                    s0,sp,32
0x0001f1e0:  84b2              mv                      s1,a2
0x0001f1e2:  9e9ff0ef          jal                     ra,-1560                # 0x1ebca

----------------
IN: new_do_write
0x0001ebca:  7139              addi                    sp,sp,-64
0x0001ebcc:  f822              sd                      s0,48(sp)
0x0001ebce:  f426              sd                      s1,40(sp)
0x0001ebd0:  f04a              sd                      s2,32(sp)
0x0001ebd2:  ec4e              sd                      s3,24(sp)
0x0001ebd4:  e852              sd                      s4,16(sp)
0x0001ebd6:  e456              sd                      s5,8(sp)
0x0001ebd8:  fc06              sd                      ra,56(sp)
0x0001ebda:  0080              addi                    s0,sp,64
0x0001ebdc:  411c              lw                      a5,0(a0)
0x0001ebde:  0d853903          ld                      s2,216(a0)
0x0001ebe2:  84aa              mv                      s1,a0
0x0001ebe4:  03379713          slli                    a4,a5,51
0x0001ebe8:  8a2e              mv                      s4,a1
0x0001ebea:  8ab2              mv                      s5,a2
0x0001ebec:  00063997          auipc                   s3,99                   # 0x81bec
0x0001ebf0:  15c98993          addi                    s3,s3,348
0x0001ebf4:  06075263          bgez                    a4,100                  # 0x1ec58

----------------
IN: new_do_write
0x0001ec58:  6914              ld                      a3,16(a0)
0x0001ec5a:  710c              ld                      a1,32(a0)
0x0001ec5c:  fab680e3          beq                     a3,a1,-96               # 0x1ebfc

----------------
IN: new_do_write
0x0001ebfc:  6785              lui                     a5,1
0x0001ebfe:  413909b3          sub                     s3,s2,s3
0x0001ec02:  92f78793          addi                    a5,a5,-1745
0x0001ec06:  0b37e763          bgtu                    s3,a5,174               # 0x1ecb4

----------------
IN: new_do_write
0x0001ec0a:  07893783          ld                      a5,120(s2)
0x0001ec0e:  8656              mv                      a2,s5
0x0001ec10:  85d2              mv                      a1,s4
0x0001ec12:  8526              mv                      a0,s1
0x0001ec14:  9782              jalr                    ra,a5,0

----------------
IN: _IO_file_write
0x00020282:  7179              addi                    sp,sp,-48
0x00020284:  f022              sd                      s0,32(sp)
0x00020286:  e44e              sd                      s3,8(sp)
0x00020288:  f406              sd                      ra,40(sp)
0x0002028a:  1800              addi                    s0,sp,48
0x0002028c:  89aa              mv                      s3,a0
0x0002028e:  06c05963          blez                    a2,114                  # 0x20300

----------------
IN: _IO_file_write
0x00020292:  ec26              sd                      s1,24(sp)
0x00020294:  e84a              sd                      s2,16(sp)
0x00020296:  e052              sd                      s4,0(sp)
0x00020298:  892e              mv                      s2,a1
0x0002029a:  8a32              mv                      s4,a2
0x0002029c:  84b2              mv                      s1,a2
0x0002029e:  0749a783          lw                      a5,116(s3)
0x000202a2:  0709a503          lw                      a0,112(s3)
0x000202a6:  8626              mv                      a2,s1
0x000202a8:  8b89              andi                    a5,a5,2
0x000202aa:  85ca              mv                      a1,s2
0x000202ac:  eb95              bnez                    a5,52                   # 0x202e0

----------------
IN: _IO_file_write
0x000202ae:  5d9050ef          jal                     ra,24024                # 0x26086

----------------
IN: __write
0x00026086:  7179              addi                    sp,sp,-48
0x00026088:  f022              sd                      s0,32(sp)
0x0002608a:  f406              sd                      ra,40(sp)
0x0002608c:  ec26              sd                      s1,24(sp)
0x0002608e:  1800              addi                    s0,sp,48
0x00026090:  8a022783          lw                      a5,-1888(tp)
0x00026094:  ef99              bnez                    a5,30                   # 0x260b2

----------------
IN: __write
0x00026096:  04000893          addi                    a7,zero,64
0x0002609a:  00000073          ecall                   

----------------
IN: __write
0x0002609e:  77fd              lui                     a5,-1
0x000260a0:  84aa              mv                      s1,a0
0x000260a2:  04a7e663          bgtu                    a0,a5,76                # 0x260ee

----------------
IN: __write
0x000260a6:  70a2              ld                      ra,40(sp)
0x000260a8:  7402              ld                      s0,32(sp)
0x000260aa:  8526              mv                      a0,s1
0x000260ac:  64e2              ld                      s1,24(sp)
0x000260ae:  6145              addi                    sp,sp,48
0x000260b0:  8082              ret                     

----------------
IN: _IO_file_write
0x000202b2:  02054b63          bltz                    a0,54                   # 0x202e8

----------------
IN: _IO_file_write
0x000202b6:  8c89              sub                     s1,s1,a0
0x000202b8:  992a              add                     s2,s2,a0
0x000202ba:  fe9042e3          bgtz                    s1,-28                  # 0x2029e

----------------
IN: _IO_file_write
0x000202be:  409a0533          sub                     a0,s4,s1
0x000202c2:  6942              ld                      s2,16(sp)
0x000202c4:  64e2              ld                      s1,24(sp)
0x000202c6:  6a02              ld                      s4,0(sp)
0x000202c8:  0909b783          ld                      a5,144(s3)
0x000202cc:  0007c563          bltz                    a5,10                   # 0x202d6

----------------
IN: _IO_file_write
0x000202d6:  70a2              ld                      ra,40(sp)
0x000202d8:  7402              ld                      s0,32(sp)
0x000202da:  69a2              ld                      s3,8(sp)
0x000202dc:  6145              addi                    sp,sp,48
0x000202de:  8082              ret                     

----------------
IN: new_do_write
0x0001ec16:  0804d783          lhu                     a5,128(s1)
0x0001ec1a:  892a              mv                      s2,a0
0x0001ec1c:  c391              beqz                    a5,4                    # 0x1ec20

----------------
IN: new_do_write
0x0001ec20:  7c9c              ld                      a5,56(s1)
0x0001ec22:  0c04a703          lw                      a4,192(s1)
0x0001ec26:  ec9c              sd                      a5,24(s1)
0x0001ec28:  e49c              sd                      a5,8(s1)
0x0001ec2a:  e89c              sd                      a5,16(s1)
0x0001ec2c:  f49c              sd                      a5,40(s1)
0x0001ec2e:  f09c              sd                      a5,32(s1)
0x0001ec30:  00e05e63          blez                    a4,28                   # 0x1ec4c

----------------
IN: new_do_write
0x0001ec4c:  4098              lw                      a4,0(s1)
0x0001ec4e:  20277713          andi                    a4,a4,514
0x0001ec52:  f375              bnez                    a4,-28                  # 0x1ec36

----------------
IN: new_do_write
0x0001ec36:  f89c              sd                      a5,48(s1)
0x0001ec38:  70e2              ld                      ra,56(sp)
0x0001ec3a:  7442              ld                      s0,48(sp)
0x0001ec3c:  74a2              ld                      s1,40(sp)
0x0001ec3e:  69e2              ld                      s3,24(sp)
0x0001ec40:  6a42              ld                      s4,16(sp)
0x0001ec42:  6aa2              ld                      s5,8(sp)
0x0001ec44:  854a              mv                      a0,s2
0x0001ec46:  7902              ld                      s2,32(sp)
0x0001ec48:  6121              addi                    sp,sp,64
0x0001ec4a:  8082              ret                     

----------------
IN: _IO_do_write
0x0001f1e6:  60e2              ld                      ra,24(sp)
0x0001f1e8:  6442              ld                      s0,16(sp)
0x0001f1ea:  40a48533          sub                     a0,s1,a0
0x0001f1ee:  00a03533          snez                    a0,a0
0x0001f1f2:  64a2              ld                      s1,8(sp)
0x0001f1f4:  40a00533          neg                     a0,a0
0x0001f1f8:  6105              addi                    sp,sp,32
0x0001f1fa:  8082              ret                     

----------------
IN: _IO_file_overflow
0x0001fb7c:  57fd              addi                    a5,zero,-1
0x0001fb7e:  f8f517e3          bne                     a0,a5,-114              # 0x1fb0c

----------------
IN: _IO_default_xsputn
0x000213f8:  60e6              ld                      ra,88(sp)
0x000213fa:  6446              ld                      s0,80(sp)
0x000213fc:  64a6              ld                      s1,72(sp)
0x000213fe:  6906              ld                      s2,64(sp)
0x00021400:  79e2              ld                      s3,56(sp)
0x00021402:  7a42              ld                      s4,48(sp)
0x00021404:  7b02              ld                      s6,32(sp)
0x00021406:  6be2              ld                      s7,24(sp)
0x00021408:  6c42              ld                      s8,16(sp)
0x0002140a:  6ca2              ld                      s9,8(sp)
0x0002140c:  8556              mv                      a0,s5
0x0002140e:  7aa2              ld                      s5,40(sp)
0x00021410:  6125              addi                    sp,sp,96
0x00021412:  8082              ret                     

----------------
IN: _IO_new_file_xsputn
0x000203e6:  41350533          sub                     a0,a0,s3
0x000203ea:  9552              add                     a0,a0,s4
0x000203ec:  70e2              ld                      ra,56(sp)
0x000203ee:  7442              ld                      s0,48(sp)
0x000203f0:  74a2              ld                      s1,40(sp)
0x000203f2:  7902              ld                      s2,32(sp)
0x000203f4:  69e2              ld                      s3,24(sp)
0x000203f6:  6a42              ld                      s4,16(sp)
0x000203f8:  6aa2              ld                      s5,8(sp)
0x000203fa:  6121              addi                    sp,sp,64
0x000203fc:  8082              ret                     

----------------
IN: __printf_buffer_flush_to_file
0x0003a71c:  03250263          beq                     a0,s2,36                # 0x3a740

----------------
IN: __printf_buffer_flush_to_file
0x0003a740:  749c              ld                      a5,40(s1)
0x0003a742:  7798              ld                      a4,40(a5)
0x0003a744:  7b9c              ld                      a5,48(a5)
0x0003a746:  00f77463          bleu                    a5,a4,8                 # 0x3a74e

----------------
IN: __printf_buffer_flush_to_file
0x0003a74e:  70e2              ld                      ra,56(sp)
0x0003a750:  7442              ld                      s0,48(sp)
0x0003a752:  0134b823          sd                      s3,16(s1)
0x0003a756:  0144b423          sd                      s4,8(s1)
0x0003a75a:  0144b023          sd                      s4,0(s1)
0x0003a75e:  7902              ld                      s2,32(sp)
0x0003a760:  6a42              ld                      s4,16(sp)
0x0003a762:  6aa2              ld                      s5,8(sp)
0x0003a764:  74a2              ld                      s1,40(sp)
0x0003a766:  69e2              ld                      s3,24(sp)
0x0003a768:  6121              addi                    sp,sp,64
0x0003a76a:  8082              ret                     

----------------
IN: __printf_buffer_to_file_done
0x0003a7da:  6442              ld                      s0,16(sp)
0x0003a7dc:  60e2              ld                      ra,24(sp)
0x0003a7de:  8526              mv                      a0,s1
0x0003a7e0:  64a2              ld                      s1,8(sp)
0x0003a7e2:  6105              addi                    sp,sp,32
0x0003a7e4:  ca3ff06f          j                       -862                    # 0x3a486

----------------
IN: __printf_buffer_done
0x0003a486:  1141              addi                    sp,sp,-16
0x0003a488:  e422              sd                      s0,8(sp)
0x0003a48a:  0800              addi                    s0,sp,16
0x0003a48c:  511c              lw                      a5,32(a0)
0x0003a48e:  cf8d              beqz                    a5,58                   # 0x3a4c8

----------------
IN: __printf_buffer_done
0x0003a490:  6518              ld                      a4,8(a0)
0x0003a492:  6110              ld                      a2,0(a0)
0x0003a494:  6d1c              ld                      a5,24(a0)
0x0003a496:  4681              mv                      a3,zero
0x0003a498:  8f11              sub                     a4,a4,a2
0x0003a49a:  97ba              add                     a5,a5,a4
0x0003a49c:  0207c863          bltz                    a5,48                   # 0x3a4cc

----------------
IN: __printf_buffer_done
0x0003a4a0:  02e7e663          bgtu                    a4,a5,44                # 0x3a4cc

----------------
IN: __printf_buffer_done
0x0003a4a4:  0007851b          sext.w                  a0,a5
0x0003a4a8:  00a79663          bne                     a5,a0,12                # 0x3a4b4

----------------
IN: __printf_buffer_done
0x0003a4ac:  e691              bnez                    a3,12                   # 0x3a4b8

----------------
IN: __printf_buffer_done
0x0003a4ae:  6422              ld                      s0,8(sp)
0x0003a4b0:  0141              addi                    sp,sp,16
0x0003a4b2:  8082              ret                     

----------------
IN: __vfprintf_internal
0x0001e152:  892a              mv                      s2,a0
0x0001e154:  bf21              j                       -232                    # 0x1e06c

----------------
IN: __vfprintf_internal
0x0001e06c:  fa843703          ld                      a4,-88(s0)
0x0001e070:  000b3783          ld                      a5,0(s6)
0x0001e074:  8fb9              xor                     a5,a5,a4
0x0001e076:  4701              mv                      a4,zero
0x0001e078:  12079063          bnez                    a5,288                  # 0x1e198

----------------
IN: __vfprintf_internal
0x0001e07c:  70b2              ld                      ra,296(sp)
0x0001e07e:  7412              ld                      s0,288(sp)
0x0001e080:  64f2              ld                      s1,280(sp)
0x0001e082:  6a12              ld                      s4,256(sp)
0x0001e084:  7aee              ld                      s5,248(sp)
0x0001e086:  7b4e              ld                      s6,240(sp)
0x0001e088:  854a              mv                      a0,s2
0x0001e08a:  6952              ld                      s2,272(sp)
0x0001e08c:  6155              addi                    sp,sp,304
0x0001e08e:  8082              ret                     

----------------
IN: ___printf_chk
0x0001840a:  fd843703          ld                      a4,-40(s0)
0x0001840e:  609c              ld                      a5,0(s1)
0x00018410:  8fb9              xor                     a5,a5,a4
0x00018412:  4701              mv                      a4,zero
0x00018414:  e791              bnez                    a5,12                   # 0x18420

----------------
IN: ___printf_chk
0x00018416:  70a2              ld                      ra,40(sp)
0x00018418:  7402              ld                      s0,32(sp)
0x0001841a:  64e2              ld                      s1,24(sp)
0x0001841c:  6125              addi                    sp,sp,96
0x0001841e:  8082              ret                     

----------------
IN: main
0x0001053c:  c0002673          rdcycle                 a2

----------------
IN: main
0x00010540:  00043597          auipc                   a1,67                   # 0x53540
0x00010544:  f8858593          addi                    a1,a1,-120
0x00010548:  9e01              subw                    a2,a2,s0
0x0001054a:  4509              addi                    a0,zero,2
0x0001054c:  677070ef          jal                     ra,32374                # 0x183c2

----------------
IN: __vfprintf_internal
0x0001e090:  577d              addi                    a4,zero,-1
0x0001e092:  f6e78fe3          beq                     a5,a4,-130              # 0x1e010

----------------
IN: __vfprintf_internal
0x0001e010:  4098              lw                      a4,0(s1)
0x0001e012:  00877793          andi                    a5,a4,8
0x0001e016:  14079c63          bnez                    a5,344                  # 0x1e16e

----------------
IN: __printf_buffer
0x0001d406:  47a9              addi                    a5,zero,10
0x0001d408:  874a              mv                      a4,s2
0x0001d40a:  b2f43423          sd                      a5,-1240(s0)
0x0001d40e:  b94d              j                       -846                    # 0x1d0c0

----------------
IN: __printf_buffer
0x0001d0c0:  0921              addi                    s2,s2,8
0x0001d0c2:  020d0563          beqz                    s10,42                  # 0x1d0ec

----------------
IN: __printf_buffer
0x0001d0ec:  7c0c8463          beqz                    s9,1992                 # 0x1d8b4

----------------
IN: __printf_buffer
0x0001d8b4:  100c1c63          bnez                    s8,280                  # 0x1d9cc

----------------
IN: __printf_buffer
0x0001d8b8:  00076b83          lwu                     s7,0(a4)
0x0001d8bc:  b2043823          sd                      zero,-1232(s0)
0x0001d8c0:  b0043c23          sd                      zero,-1256(s0)
0x0001d8c4:  e92ff06f          j                       -2414                   # 0x1cf56

----------------
IN: _IO_new_file_xsputn
0x0002035c:  60b8              ld                      a4,64(s1)
0x0002035e:  8f09              sub                     a4,a4,a0
0x00020360:  02c76663          bgtu                    a2,a4,44                # 0x2038c

----------------
IN: _IO_new_file_xsputn
0x00020364:  00c587b3          add                     a5,a1,a2
0x00020368:  4629              addi                    a2,zero,10
0x0002036a:  fcf976e3          bleu                    a5,s2,-52               # 0x20336

----------------
IN: _IO_new_file_xsputn
0x0002036e:  fff7c683          lbu                     a3,-1(a5)
0x00020372:  17fd              addi                    a5,a5,-1
0x00020374:  fec69be3          bne                     a3,a2,-10               # 0x2036a

----------------
IN: _IO_new_file_xsputn
0x00020378:  412787b3          sub                     a5,a5,s2
0x0002037c:  00178713          addi                    a4,a5,1
0x00020380:  ef4d              bnez                    a4,186                  # 0x2043a

----------------
IN: _IO_new_file_xsputn
0x0002043a:  4a85              addi                    s5,zero,1
0x0002043c:  bdf5              j                       -260                    # 0x20338

----------------
IN: _IO_new_file_xsputn
0x00020338:  89d2              mv                      s3,s4
0x0002033a:  0d476663          bgtu                    s4,a4,204               # 0x20406

----------------
IN: _IO_new_file_xsputn
0x0002033e:  864e              mv                      a2,s3
0x00020340:  85ca              mv                      a1,s2
0x00020342:  90ff60ef          jal                     ra,-38642               # 0x16c50

----------------
IN: _wordcopy_fwd_aligned
0x000170c8:  0005b803          ld                      a6,0(a1)
0x000170cc:  86aa              mv                      a3,a0
0x000170ce:  fd058593          addi                    a1,a1,-48
0x000170d2:  fc850793          addi                    a5,a0,-56
0x000170d6:  0619              addi                    a2,a2,6
0x000170d8:  bf55              j                       -76                     # 0x1708c

----------------
IN: _wordcopy_fwd_aligned
0x0001708c:  7d98              ld                      a4,56(a1)
0x0001708e:  04078793          addi                    a5,a5,64
0x00017092:  0106b023          sd                      a6,0(a3)
0x00017096:  1661              addi                    a2,a2,-8
0x00017098:  853e              mv                      a0,a5
0x0001709a:  04058593          addi                    a1,a1,64
0x0001709e:  ea11              bnez                    a2,20                   # 0x170b2

----------------
IN: _IO_new_file_xsputn
0x00020346:  954e              add                     a0,a0,s3
0x00020348:  994e              add                     s2,s2,s3
0x0002034a:  f488              sd                      a0,40(s1)
0x0002034c:  413a09b3          sub                     s3,s4,s3
0x00020350:  9ace              add                     s5,s5,s3
0x00020352:  040a9063          bnez                    s5,64                   # 0x20392

----------------
IN: _IO_new_file_xsputn
0x00020392:  0d84ba83          ld                      s5,216(s1)
0x00020396:  6785              lui                     a5,1
0x00020398:  00062717          auipc                   a4,98                   # 0x82398
0x0002039c:  9b070713          addi                    a4,a4,-1616
0x000203a0:  40ea8733          sub                     a4,s5,a4
0x000203a4:  92f78793          addi                    a5,a5,-1745
0x000203a8:  08e7e263          bgtu                    a4,a5,132               # 0x2042c

----------------
IN: _IO_new_file_xsputn
0x00020402:  8552              mv                      a0,s4
0x00020404:  b7e5              j                       -24                     # 0x203ec

----------------
IN: _IO_new_file_xsputn
0x000203ec:  70e2              ld                      ra,56(sp)
0x000203ee:  7442              ld                      s0,48(sp)
0x000203f0:  74a2              ld                      s1,40(sp)
0x000203f2:  7902              ld                      s2,32(sp)
0x000203f4:  69e2              ld                      s3,24(sp)
0x000203f6:  6a42              ld                      s4,16(sp)
0x000203f8:  6aa2              ld                      s5,8(sp)
0x000203fa:  6121              addi                    sp,sp,64
0x000203fc:  8082              ret                     

----------------
IN: main
0x00010550:  c00024f3          rdcycle                 s1

----------------
IN: main
0x00010554:  470d              addi                    a4,zero,3
0x00010556:  6685              lui                     a3,1
0x00010558:  865a              mv                      a2,s6
0x0001055a:  85d6              mv                      a1,s5
0x0001055c:  854e              mv                      a0,s3
0x0001055e:  2481              sext.w                  s1,s1
0x00010560:  214000ef          jal                     ra,532                  # 0x10774

----------------
IN: q15_axpy_rvv
0x00010774:  1101              addi                    sp,sp,-32
0x00010776:  00072f17          auipc                   t5,114                  # 0x82776
0x0001077a:  49af3f03          ld                      t5,1178(t5)
0x0001077e:  ec06              sd                      ra,24(sp)
0x00010780:  000f3783          ld                      a5,0(t5)
0x00010784:  e43e              sd                      a5,8(sp)
0x00010786:  4781              mv                      a5,zero
0x00010788:  06d05663          blez                    a3,108                  # 0x107f4

----------------
IN: q15_axpy_rvv
0x0001078c:  8eb2              mv                      t4,a2
0x0001078e:  4881              mv                      a7,zero
0x00010790:  4601              mv                      a2,zero
0x00010792:  00189813          slli                    a6,a7,1
0x00010796:  411687bb          subw                    a5,a3,a7
0x0001079a:  01050e33          add                     t3,a0,a6
0x0001079e:  0c87f7d7          vsetvli                 a5,a5,e16,m1,ta,ma

----------------
IN: q15_axpy_rvv
0x000107a2:  01058333          add                     t1,a1,a6
0x000107a6:  020e5d07          vle16.v                 v26,(t3)
0x000107aa:  02035e07          vle16.v                 v28,(t1)
0x000107ae:  c7a06c57          vwadd.vx                v24,v26,zero
0x000107b2:  9876              add                     a6,a6,t4
0x000107b4:  efc76d57          vwmul.vx                v26,v28,a4
0x000107b8:  0d107057          vsetvli                 zero,zero,e32,m2,ta,ma

----------------
IN: q15_axpy_rvv
0x000107bc:  011788bb          addw                    a7,a5,a7
0x000107c0:  038d0c57          vadd.vv                 v24,v24,v26
0x000107c4:  0c807057          vsetvli                 zero,zero,e16,m1,ta,ma

----------------
IN: q15_axpy_rvv
0x000107c8:  bf803c57          vnclip.wi               v24,v24,0
0x000107cc:  02085c27          vse16.v                 v24,(a6)
0x000107d0:  2605              addiw                   a2,a2,1
0x000107d2:  fcd8c0e3          bgt                     a3,a7,-64               # 0x10792

----------------
IN: q15_axpy_rvv
0x00010792:  00189813          slli                    a6,a7,1
0x00010796:  411687bb          subw                    a5,a3,a7
0x0001079a:  01050e33          add                     t3,a0,a6
0x0001079e:  0c87f7d7          vsetvli                 a5,a5,e16,m1,ta,ma

----------------
IN: q15_axpy_rvv
0x000107d6:  6722              ld                      a4,8(sp)
0x000107d8:  000f3783          ld                      a5,0(t5)
0x000107dc:  8fb9              xor                     a5,a5,a4
0x000107de:  4701              mv                      a4,zero
0x000107e0:  ef81              bnez                    a5,24                   # 0x107f8

----------------
IN: q15_axpy_rvv
0x000107e2:  60e2              ld                      ra,24(sp)
0x000107e4:  00043597          auipc                   a1,67                   # 0x537e4
0x000107e8:  cbc58593          addi                    a1,a1,-836
0x000107ec:  4509              addi                    a0,zero,2
0x000107ee:  6105              addi                    sp,sp,32
0x000107f0:  3d30706f          j                       31698                   # 0x183c2

----------------
IN: ___printf_chk
0x000183c2:  711d              addi                    sp,sp,-96
0x000183c4:  f022              sd                      s0,32(sp)
0x000183c6:  ec26              sd                      s1,24(sp)
0x000183c8:  1800              addi                    s0,sp,48
0x000183ca:  f406              sd                      ra,40(sp)
0x000183cc:  832a              mv                      t1,a0
0x000183ce:  0006b517          auipc                   a0,107                  # 0x833ce
0x000183d2:  82253503          ld                      a0,-2014(a0)
0x000183d6:  6108              ld                      a0,0(a0)
0x000183d8:  00602333          sgtz                    t1,t1
0x000183dc:  e010              sd                      a2,0(s0)
0x000183de:  e414              sd                      a3,8(s0)
0x000183e0:  e818              sd                      a4,16(s0)
0x000183e2:  0006b497          auipc                   s1,107                  # 0x833e2
0x000183e6:  82e4b483          ld                      s1,-2002(s1)
0x000183ea:  ec1c              sd                      a5,24(s0)
0x000183ec:  03043023          sd                      a6,32(s0)
0x000183f0:  03143423          sd                      a7,40(s0)
0x000183f4:  609c              ld                      a5,0(s1)
0x000183f6:  fcf43c23          sd                      a5,-40(s0)
0x000183fa:  4781              mv                      a5,zero
0x000183fc:  00131693          slli                    a3,t1,1
0x00018400:  8622              mv                      a2,s0
0x00018402:  fc843823          sd                      s0,-48(s0)
0x00018406:  3d3050ef          jal                     ra,23506                # 0x1dfd8

----------------
IN: __vfprintf_internal
0x0001dfd8:  7169              addi                    sp,sp,-304
0x0001dfda:  f222              sd                      s0,288(sp)
0x0001dfdc:  ee26              sd                      s1,280(sp)
0x0001dfde:  ea4a              sd                      s2,272(sp)
0x0001dfe0:  e252              sd                      s4,256(sp)
0x0001dfe2:  fdd6              sd                      s5,248(sp)
0x0001dfe4:  f9da              sd                      s6,240(sp)
0x0001dfe6:  1a00              addi                    s0,sp,304
0x0001dfe8:  f606              sd                      ra,296(sp)
0x0001dfea:  0c052783          lw                      a5,192(a0)
0x0001dfee:  00065b17          auipc                   s6,101                  # 0x82fee
0x0001dff2:  c22b3b03          ld                      s6,-990(s6)
0x0001dff6:  000b3703          ld                      a4,0(s6)
0x0001dffa:  fae43423          sd                      a4,-88(s0)
0x0001dffe:  4701              mv                      a4,zero

----------------
IN: __vfprintf_internal
0x0001e000:  84aa              mv                      s1,a0
0x0001e002:  892e              mv                      s2,a1
0x0001e004:  8a32              mv                      s4,a2
0x0001e006:  8ab6              mv                      s5,a3
0x0001e008:  e7c1              bnez                    a5,136                  # 0x1e090

----------------
IN: __vfprintf_internal
0x0001e090:  577d              addi                    a4,zero,-1
0x0001e092:  f6e78fe3          beq                     a5,a4,-130              # 0x1e010

----------------
IN: __vfprintf_internal
0x0001e010:  4098              lw                      a4,0(s1)
0x0001e012:  00877793          andi                    a5,a4,8
0x0001e016:  14079c63          bnez                    a5,344                  # 0x1e16e

----------------
IN: __vfprintf_internal
0x0001e01a:  16090663          beqz                    s2,364                  # 0x1e186

----------------
IN: __vfprintf_internal
0x0001e01e:  58fc              lw                      a5,116(s1)
0x0001e020:  0807f793          andi                    a5,a5,128
0x0001e024:  10078863          beqz                    a5,272                  # 0x1e134

----------------
IN: __vfprintf_internal
0x0001e134:  85a6              mv                      a1,s1
0x0001e136:  ef840493          addi                    s1,s0,-264
0x0001e13a:  8526              mv                      a0,s1
0x0001e13c:  65e1c0ef          jal                     ra,116318               # 0x3a79a

----------------
IN: __printf_buffer_to_file_init
0x0003a79a:  1141              addi                    sp,sp,-16
0x0003a79c:  e422              sd                      s0,8(sp)
0x0003a79e:  0800              addi                    s0,sp,16
0x0003a7a0:  759c              ld                      a5,40(a1)
0x0003a7a2:  7998              ld                      a4,48(a1)
0x0003a7a4:  4691              addi                    a3,zero,4
0x0003a7a6:  00053c23          sd                      zero,24(a0)
0x0003a7aa:  d114              sw                      a3,32(a0)
0x0003a7ac:  f50c              sd                      a1,40(a0)
0x0003a7ae:  00e7e663          bgtu                    a4,a5,12                # 0x3a7ba

----------------
IN: __printf_buffer_to_file_init
0x0003a7b2:  03050793          addi                    a5,a0,48
0x0003a7b6:  0b050713          addi                    a4,a0,176
0x0003a7ba:  6422              ld                      s0,8(sp)
0x0003a7bc:  e918              sd                      a4,16(a0)
0x0003a7be:  e51c              sd                      a5,8(a0)
0x0003a7c0:  e11c              sd                      a5,0(a0)
0x0003a7c2:  0141              addi                    sp,sp,16
0x0003a7c4:  8082              ret                     

----------------
IN: __vfprintf_internal
0x0001e140:  85ca              mv                      a1,s2
0x0001e142:  86d6              mv                      a3,s5
0x0001e144:  8652              mv                      a2,s4
0x0001e146:  8526              mv                      a0,s1
0x0001e148:  981fe0ef          jal                     ra,-5760                # 0x1cac8

----------------
IN: __printf_buffer
0x0001cac8:  a7010113          addi                    sp,sp,-1424
0x0001cacc:  00066797          auipc                   a5,102                  # 0x82acc
0x0001cad0:  3047b783          ld                      a5,772(a5)
0x0001cad4:  58113423          sd                      ra,1416(sp)
0x0001cad8:  58813023          sd                      s0,1408(sp)
0x0001cadc:  56913c23          sd                      s1,1400(sp)
0x0001cae0:  59010413          addi                    s0,sp,1424
0x0001cae4:  57213823          sd                      s2,1392(sp)
0x0001cae8:  57313423          sd                      s3,1384(sp)
0x0001caec:  57413023          sd                      s4,1376(sp)
0x0001caf0:  55613823          sd                      s6,1360(sp)
0x0001caf4:  acf43423          sd                      a5,-1336(s0)
0x0001caf8:  9792              add                     a5,a5,tp
0x0001cafa:  439c              lw                      a5,0(a5)
0x0001cafc:  89ae              mv                      s3,a1
0x0001cafe:  00066717          auipc                   a4,102                  # 0x82afe
0x0001cb02:  11273703          ld                      a4,274(a4)
0x0001cb06:  84aa              mv                      s1,a0
0x0001cb08:  acb43c23          sd                      a1,-1320(s0)
0x0001cb0c:  aef43423          sd                      a5,-1304(s0)
0x0001cb10:  02500593          addi                    a1,zero,37
0x0001cb14:  631c              ld                      a5,0(a4)
0x0001cb16:  f8f43423          sd                      a5,-120(s0)
0x0001cb1a:  4781              mv                      a5,zero
0x0001cb1c:  854e              mv                      a0,s3
0x0001cb1e:  8932              mv                      s2,a2
0x0001cb20:  8b36              mv                      s6,a3
0x0001cb22:  aed43023          sd                      a3,-1312(s0)
0x0001cb26:  b4c43823          sd                      a2,-1200(s0)
0x0001cb2a:  a72fa0ef          jal                     ra,-23950               # 0x16d9c

----------------
IN: strchrnul
0x00016d9c:  010107b7          lui                     a5,4112
0x00016da0:  10178793          addi                    a5,a5,257
0x00016da4:  07c2              slli                    a5,a5,16
0x00016da6:  10178793          addi                    a5,a5,257
0x00016daa:  07c2              slli                    a5,a5,16
0x00016dac:  0ff5f893          andi                    a7,a1,255
0x00016db0:  10178793          addi                    a5,a5,257
0x00016db4:  02f888b3          mul                     a7,a7,a5
0x00016db8:  1141              addi                    sp,sp,-16
0x00016dba:  0feff7b7          lui                     a5,65279
0x00016dbe:  e422              sd                      s0,8(sp)
0x00016dc0:  0792              slli                    a5,a5,4
0x00016dc2:  0800              addi                    s0,sp,16
0x00016dc4:  862a              mv                      a2,a0
0x00016dc6:  9961              andi                    a0,a0,-8
0x00016dc8:  eff78793          addi                    a5,a5,-257
0x00016dcc:  610c              ld                      a1,0(a0)
0x00016dce:  07c2              slli                    a5,a5,16
0x00016dd0:  eff78793          addi                    a5,a5,-257
0x00016dd4:  07be              slli                    a5,a5,15
0x00016dd6:  f7f78793          addi                    a5,a5,-129
0x00016dda:  0115c833          xor                     a6,a1,a7
0x00016dde:  00f5f733          and                     a4,a1,a5
0x00016de2:  00f876b3          and                     a3,a6,a5
0x00016de6:  973e              add                     a4,a4,a5
0x00016de8:  96be              add                     a3,a3,a5
0x00016dea:  8f4d              or                      a4,a4,a1
0x00016dec:  0106e6b3          or                      a3,a3,a6
0x00016df0:  8f75              and                     a4,a4,a3
0x00016df2:  8fd9              or                      a5,a5,a4
0x00016df4:  00767713          andi                    a4,a2,7
0x00016df8:  fff7c793          not                     a5,a5
0x00016dfc:  0037171b          slliw                   a4,a4,3
0x00016e00:  00e7d7b3          srl                     a5,a5,a4
0x00016e04:  e7cd              bnez                    a5,170                  # 0x16eae

----------------
IN: strchrnul
0x00016e06:  f0101837          lui                     a6,-65279
0x00016e0a:  feff05b7          lui                     a1,-4112
0x00016e0e:  0812              slli                    a6,a6,4
0x00016e10:  eff58593          addi                    a1,a1,-257
0x00016e14:  10180813          addi                    a6,a6,257
0x00016e18:  05c2              slli                    a1,a1,16
0x00016e1a:  0842              slli                    a6,a6,16
0x00016e1c:  eff58593          addi                    a1,a1,-257
0x00016e20:  10180813          addi                    a6,a6,257
0x00016e24:  05c2              slli                    a1,a1,16
0x00016e26:  083e              slli                    a6,a6,15
0x00016e28:  eff58593          addi                    a1,a1,-257
0x00016e2c:  08080813          addi                    a6,a6,128
0x00016e30:  6518              ld                      a4,8(a0)
0x00016e32:  832a              mv                      t1,a0
0x00016e34:  0521              addi                    a0,a0,8
0x00016e36:  011746b3          xor                     a3,a4,a7
0x00016e3a:  00b707b3          add                     a5,a4,a1
0x00016e3e:  00b68633          add                     a2,a3,a1
0x00016e42:  fff74713          not                     a4,a4
0x00016e46:  fff6c693          not                     a3,a3
0x00016e4a:  8ff9              and                     a5,a5,a4
0x00016e4c:  00d67733          and                     a4,a2,a3
0x00016e50:  8fd9              or                      a5,a5,a4
0x00016e52:  0107f733          and                     a4,a5,a6
0x00016e56:  df69              beqz                    a4,-38                  # 0x16e30

----------------
IN: strchrnul
0x00016e58:  0807f713          andi                    a4,a5,128
0x00016e5c:  e731              bnez                    a4,76                   # 0x16ea8

----------------
IN: strchrnul
0x00016e5e:  03079713          slli                    a4,a5,48
0x00016e62:  00930513          addi                    a0,t1,9
0x00016e66:  04074163          bltz                    a4,66                   # 0x16ea8

----------------
IN: strchrnul
0x00016e6a:  02879713          slli                    a4,a5,40
0x00016e6e:  00a30513          addi                    a0,t1,10
0x00016e72:  02074b63          bltz                    a4,54                   # 0x16ea8

----------------
IN: strchrnul
0x00016e76:  02079713          slli                    a4,a5,32
0x00016e7a:  00b30513          addi                    a0,t1,11
0x00016e7e:  02074563          bltz                    a4,42                   # 0x16ea8

----------------
IN: strchrnul
0x00016e82:  01879713          slli                    a4,a5,24
0x00016e86:  00c30513          addi                    a0,t1,12
0x00016e8a:  00074f63          bltz                    a4,30                   # 0x16ea8

----------------
IN: strchrnul
0x00016e8e:  01079713          slli                    a4,a5,16
0x00016e92:  00d30513          addi                    a0,t1,13
0x00016e96:  00074963          bltz                    a4,18                   # 0x16ea8

----------------
IN: strchrnul
0x00016ea8:  6422              ld                      s0,8(sp)
0x00016eaa:  0141              addi                    sp,sp,16
0x00016eac:  8082              ret                     

----------------
IN: __printf_buffer
0x0001cb2e:  8a2a              mv                      s4,a0
0x0001cb30:  aca43823          sd                      a0,-1328(s0)
0x0001cb34:  41350633          sub                     a2,a0,s3
0x0001cb38:  85ce              mv                      a1,s3
0x0001cb3a:  8526              mv                      a0,s1
0x0001cb3c:  b5443423          sd                      s4,-1208(s0)
0x0001cb40:  4ad1d0ef          jal                     ra,122028               # 0x3a7ec

----------------
IN: __printf_buffer_write
0x0003a7ec:  511c              lw                      a5,32(a0)
0x0003a7ee:  c7d9              beqz                    a5,142                  # 0x3a87c

----------------
IN: __printf_buffer_write
0x0003a7f0:  7179              addi                    sp,sp,-48
0x0003a7f2:  f022              sd                      s0,32(sp)
0x0003a7f4:  e84a              sd                      s2,16(sp)
0x0003a7f6:  f406              sd                      ra,40(sp)
0x0003a7f8:  1800              addi                    s0,sp,48
0x0003a7fa:  8932              mv                      s2,a2
0x0003a7fc:  ca3d              beqz                    a2,118                  # 0x3a872

----------------
IN: __printf_buffer_write
0x0003a7fe:  e44e              sd                      s3,8(sp)
0x0003a800:  e052              sd                      s4,0(sp)
0x0003a802:  89aa              mv                      s3,a0
0x0003a804:  ec26              sd                      s1,24(sp)
0x0003a806:  6508              ld                      a0,8(a0)
0x0003a808:  8a2e              mv                      s4,a1
0x0003a80a:  a01d              j                       38                      # 0x3a830

----------------
IN: __printf_buffer_write
0x0003a830:  0109b483          ld                      s1,16(s3)
0x0003a834:  fca49ce3          bne                     s1,a0,-40               # 0x3a80c

----------------
IN: __printf_buffer_write
0x0003a80c:  8c89              sub                     s1,s1,a0
0x0003a80e:  00997363          bleu                    s1,s2,6                 # 0x3a814

----------------
IN: __printf_buffer_write
0x0003a812:  84ca              mv                      s1,s2
0x0003a814:  85d2              mv                      a1,s4
0x0003a816:  8626              mv                      a2,s1
0x0003a818:  c38dc0ef          jal                     ra,-146376              # 0x16c50

----------------
IN: memcpy
0x00016c50:  7179              addi                    sp,sp,-48
0x00016c52:  f022              sd                      s0,32(sp)
0x00016c54:  ec26              sd                      s1,24(sp)
0x00016c56:  e44e              sd                      s3,8(sp)
0x00016c58:  f406              sd                      ra,40(sp)
0x00016c5a:  1800              addi                    s0,sp,48
0x00016c5c:  47bd              addi                    a5,zero,15
0x00016c5e:  89aa              mv                      s3,a0
0x00016c60:  872a              mv                      a4,a0
0x00016c62:  84ae              mv                      s1,a1
0x00016c64:  04c7f863          bleu                    a2,a5,80                # 0x16cb4

----------------
IN: memcpy
0x00016cb4:  177d              addi                    a4,a4,-1
0x00016cb6:  87a6              mv                      a5,s1
0x00016cb8:  009605b3          add                     a1,a2,s1
0x00016cbc:  8f05              sub                     a4,a4,s1
0x00016cbe:  ca11              beqz                    a2,20                   # 0x16cd2

----------------
IN: memcpy
0x00016cc0:  0007c603          lbu                     a2,0(a5)
0x00016cc4:  0785              addi                    a5,a5,1
0x00016cc6:  00f706b3          add                     a3,a4,a5
0x00016cca:  00c68023          sb                      a2,0(a3)
0x00016cce:  fef599e3          bne                     a1,a5,-14               # 0x16cc0

----------------
IN: memcpy
0x00016cd2:  70a2              ld                      ra,40(sp)
0x00016cd4:  7402              ld                      s0,32(sp)
0x00016cd6:  64e2              ld                      s1,24(sp)
0x00016cd8:  854e              mv                      a0,s3
0x00016cda:  69a2              ld                      s3,8(sp)
0x00016cdc:  6145              addi                    sp,sp,48
0x00016cde:  8082              ret                     

----------------
IN: __printf_buffer_write
0x0003a81c:  0089b503          ld                      a0,8(s3)
0x0003a820:  40990933          sub                     s2,s2,s1
0x0003a824:  9a26              add                     s4,s4,s1
0x0003a826:  9526              add                     a0,a0,s1
0x0003a828:  00a9b423          sd                      a0,8(s3)
0x0003a82c:  04090063          beqz                    s2,64                   # 0x3a86c

----------------
IN: __printf_buffer_write
0x0003a86c:  64e2              ld                      s1,24(sp)
0x0003a86e:  69a2              ld                      s3,8(sp)
0x0003a870:  6a02              ld                      s4,0(sp)
0x0003a872:  70a2              ld                      ra,40(sp)
0x0003a874:  7402              ld                      s0,32(sp)
0x0003a876:  6942              ld                      s2,16(sp)
0x0003a878:  6145              addi                    sp,sp,48
0x0003a87a:  8082              ret                     

----------------
IN: __printf_buffer
0x0001cb44:  509c              lw                      a5,32(s1)
0x0001cb46:  c3e5              beqz                    a5,224                  # 0x1cc26

----------------
IN: __printf_buffer
0x0001cb48:  000a4783          lbu                     a5,0(s4)
0x0001cb4c:  cfe9              beqz                    a5,218                  # 0x1cc26

----------------
IN: __printf_buffer
0x0001cb4e:  0006d797          auipc                   a5,109                  # 0x89b4e
0x0001cb52:  f727b783          ld                      a5,-142(a5)
0x0001cb56:  55513c23          sd                      s5,1368(sp)
0x0001cb5a:  b0f43023          sd                      a5,-1280(s0)
0x0001cb5e:  c399              beqz                    a5,6                    # 0x1cb64

----------------
IN: __printf_buffer
0x0001cb64:  0006d797          auipc                   a5,109                  # 0x89b64
0x0001cb68:  f4c7b783          ld                      a5,-180(a5)
0x0001cb6c:  6a0795e3          bnez                    a5,3754                 # 0x1da16

----------------
IN: __printf_buffer
0x0001cb70:  0006d797          auipc                   a5,109                  # 0x89b70
0x0001cb74:  f687b783          ld                      a5,-152(a5)
0x0001cb78:  68079fe3          bnez                    a5,3742                 # 0x1da16

----------------
IN: __printf_buffer
0x0001cb7c:  00066797          auipc                   a5,102                  # 0x82b7c
0x0001cb80:  37c7b783          ld                      a5,892(a5)
0x0001cb84:  001b7713          andi                    a4,s6,1
0x0001cb88:  55713423          sd                      s7,1352(sp)
0x0001cb8c:  acf43023          sd                      a5,-1344(s0)
0x0001cb90:  57fd              addi                    a5,zero,-1
0x0001cb92:  aaf43823          sd                      a5,-1360(s0)
0x0001cb96:  6785              lui                     a5,1
0x0001cb98:  8ff78793          addi                    a5,a5,-1793
0x0001cb9c:  55813023          sd                      s8,1344(sp)
0x0001cba0:  53913c23          sd                      s9,1336(sp)
0x0001cba4:  53a13823          sd                      s10,1328(sp)
0x0001cba8:  53b13423          sd                      s11,1320(sp)
0x0001cbac:  aa043c23          sd                      zero,-1352(s0)
0x0001cbb0:  4a81              mv                      s5,zero
0x0001cbb2:  aae43423          sd                      a4,-1368(s0)
0x0001cbb6:  aaf43023          sd                      a5,-1376(s0)
0x0001cbba:  001a4d83          lbu                     s11,1(s4)
0x0001cbbe:  0a05              addi                    s4,s4,1
0x0001cbc0:  b5443423          sd                      s4,-1208(s0)
0x0001cbc4:  fe0d871b          addiw                   a4,s11,-32
0x0001cbc8:  0ff77613          andi                    a2,a4,255
0x0001cbcc:  05a00693          addi                    a3,zero,90
0x0001cbd0:  08c6f863          bleu                    a2,a3,144               # 0x1cc60

----------------
IN: __printf_buffer
0x0001cc60:  0003d797          auipc                   a5,61                   # 0x59c60
0x0001cc64:  6b078793          addi                    a5,a5,1712
0x0001cc68:  2701              sext.w                  a4,a4
0x0001cc6a:  973e              add                     a4,a4,a5
0x0001cc6c:  00074703          lbu                     a4,0(a4)
0x0001cc70:  02000793          addi                    a5,zero,32
0x0001cc74:  b0f43823          sd                      a5,-1264(s0)
0x0001cc78:  070e              slli                    a4,a4,3
0x0001cc7a:  00062797          auipc                   a5,98                   # 0x7ec7a
0x0001cc7e:  75678793          addi                    a5,a5,1878
0x0001cc82:  973e              add                     a4,a4,a5
0x0001cc84:  10073703          ld                      a4,256(a4)
0x0001cc88:  b2043c23          sd                      zero,-1224(s0)
0x0001cc8c:  59fd              addi                    s3,zero,-1
0x0001cc8e:  4a01              mv                      s4,zero
0x0001cc90:  4c81              mv                      s9,zero
0x0001cc92:  4d01              mv                      s10,zero
0x0001cc94:  4c01              mv                      s8,zero
0x0001cc96:  4b81              mv                      s7,zero
0x0001cc98:  4881              mv                      a7,zero
0x0001cc9a:  b2043823          sd                      zero,-1232(s0)
0x0001cc9e:  4b01              mv                      s6,zero
0x0001cca0:  b0043c23          sd                      zero,-1256(s0)
0x0001cca4:  b2043023          sd                      zero,-1248(s0)
0x0001cca8:  8702              jr                      a4

----------------
IN: __printf_buffer
0x0001d380:  640d0e63          beqz                    s10,1628                # 0x1d9dc

----------------
IN: __printf_buffer
0x0001d9dc:  00092b83          lw                      s7,0(s2)
0x0001d9e0:  0921              addi                    s2,s2,8
0x0001d9e2:  220c9363          bnez                    s9,550                  # 0x1dc08

----------------
IN: __printf_buffer
0x0001d9e6:  9a0c02e3          beqz                    s8,-1628                # 0x1d38a

----------------
IN: __printf_buffer
0x0001d38a:  680bce63          bltz                    s7,1692                 # 0x1da26

----------------
IN: __printf_buffer
0x0001d38e:  47a9              addi                    a5,zero,10
0x0001d390:  b2f43423          sd                      a5,-1240(s0)
0x0001d394:  4d01              mv                      s10,zero
0x0001d396:  b6c1              j                       -1088                   # 0x1cf56

----------------
IN: __printf_buffer
0x0001cf56:  1809c163          bltz                    s3,386                  # 0x1d0d8

----------------
IN: __printf_buffer
0x0001d0d8:  4c85              addi                    s9,zero,1
0x0001d0da:  4985              addi                    s3,zero,1
0x0001d0dc:  b571              j                       -372                    # 0x1cf68

----------------
IN: __printf_buffer
0x0001cf68:  b2843603          ld                      a2,-1240(s0)
0x0001cf6c:  f8840e13          addi                    t3,s0,-120
0x0001cf70:  fa8d8693          addi                    a3,s11,-88
0x0001cf74:  85f2              mv                      a1,t3
0x0001cf76:  0016b693          seqz                    a3,a3
0x0001cf7a:  855e              mv                      a0,s7
0x0001cf7c:  af143823          sd                      a7,-1296(s0)
0x0001cf80:  afc43c23          sd                      t3,-1288(s0)
0x0001cf84:  a07fd0ef          jal                     ra,-9722                # 0x1a98a

----------------
IN: _itoa_word
0x0001a98a:  1141              addi                    sp,sp,-16
0x0001a98c:  e422              sd                      s0,8(sp)
0x0001a98e:  0800              addi                    s0,sp,16
0x0001a990:  87aa              mv                      a5,a0
0x0001a992:  0003b717          auipc                   a4,59                   # 0x55992
0x0001a996:  84670713          addi                    a4,a4,-1978
0x0001a99a:  852e              mv                      a0,a1
0x0001a99c:  e689              bnez                    a3,10                   # 0x1a9a6

----------------
IN: _itoa_word
0x0001a99e:  0003b717          auipc                   a4,59                   # 0x5599e
0x0001a9a2:  81270713          addi                    a4,a4,-2030
0x0001a9a6:  46a9              addi                    a3,zero,10
0x0001a9a8:  06d60a63          beq                     a2,a3,116               # 0x1aa1c

----------------
IN: _itoa_word
0x0001aa1c:  4629              addi                    a2,zero,10
0x0001aa1e:  4825              addi                    a6,zero,9
0x0001aa20:  02c7f6b3          remu                    a3,a5,a2
0x0001aa24:  157d              addi                    a0,a0,-1
0x0001aa26:  85be              mv                      a1,a5
0x0001aa28:  96ba              add                     a3,a3,a4
0x0001aa2a:  0006c683          lbu                     a3,0(a3)
0x0001aa2e:  02c7d7b3          divu                    a5,a5,a2
0x0001aa32:  00d50023          sb                      a3,0(a0)
0x0001aa36:  feb865e3          bgtu                    a1,a6,-22               # 0x1aa20

----------------
IN: _itoa_word
0x0001aa20:  02c7f6b3          remu                    a3,a5,a2
0x0001aa24:  157d              addi                    a0,a0,-1
0x0001aa26:  85be              mv                      a1,a5
0x0001aa28:  96ba              add                     a3,a3,a4
0x0001aa2a:  0006c683          lbu                     a3,0(a3)
0x0001aa2e:  02c7d7b3          divu                    a5,a5,a2
0x0001aa32:  00d50023          sb                      a3,0(a0)
0x0001aa36:  feb865e3          bgtu                    a1,a6,-22               # 0x1aa20

----------------
IN: _itoa_word
0x0001aa3a:  6422              ld                      s0,8(sp)
0x0001aa3c:  0141              addi                    sp,sp,16
0x0001aa3e:  8082              ret                     

----------------
IN: __printf_buffer
0x0001cf88:  af843e03          ld                      t3,-1288(s0)
0x0001cf8c:  af043883          ld                      a7,-1296(s0)
0x0001cf90:  b0a43423          sd                      a0,-1272(s0)
0x0001cf94:  40ae0c33          sub                     s8,t3,a0
0x0001cf98:  7e089c63          bnez                    a7,2040                 # 0x1d790

----------------
IN: __printf_buffer
0x0001cf9c:  418c8733          sub                     a4,s9,s8
0x0001cfa0:  fff74c93          not                     s9,a4
0x0001cfa4:  b3843783          ld                      a5,-1224(s0)
0x0001cfa8:  43fcdc93          srai                    s9,s9,63
0x0001cfac:  01977cb3          and                     s9,a4,s9
0x0001cfb0:  000c8e9b          sext.w                  t4,s9
0x0001cfb4:  080796e3          bnez                    a5,2188                 # 0x1d840

----------------
IN: __printf_buffer
0x0001cfb8:  000c089b          sext.w                  a7,s8
0x0001cfbc:  86c6              mv                      a3,a7
0x0001cfbe:  4e01              mv                      t3,zero
0x0001cfc0:  6738c563          bgt                     s3,a7,1642              # 0x1d62a

----------------
IN: __printf_buffer
0x0001cfc4:  740b8963          beqz                    s7,1874                 # 0x1d716

----------------
IN: __printf_buffer
0x0001cfc8:  b2043783          ld                      a5,-1248(s0)
0x0001cfcc:  74078563          beqz                    a5,1866                 # 0x1d716

----------------
IN: __printf_buffer
0x0001d716:  f40b11e3          bnez                    s6,-190                 # 0x1d658

----------------
IN: __printf_buffer
0x0001d71a:  b1843783          ld                      a5,-1256(s0)
0x0001d71e:  01d6863b          addw                    a2,a3,t4
0x0001d722:  40ca063b          subw                    a2,s4,a2
0x0001d726:  00fd6733          or                      a4,s10,a5
0x0001d72a:  b3043783          ld                      a5,-1232(s0)
0x0001d72e:  8f5d              or                      a4,a4,a5
0x0001d730:  8e0701e3          beqz                    a4,-1822                # 0x1d012

----------------
IN: __printf_buffer
0x0001d012:  b1043783          ld                      a5,-1264(s0)
0x0001d016:  02000713          addi                    a4,zero,32
0x0001d01a:  12e78ce3          beq                     a5,a4,2360              # 0x1d952

----------------
IN: __printf_buffer
0x0001d952:  ecc05863          blez                    a2,-2352                # 0x1d022

----------------
IN: __printf_buffer
0x0001d022:  000b8e63          beqz                    s7,28                   # 0x1d03e

----------------
IN: __printf_buffer
0x0001d026:  b2043783          ld                      a5,-1248(s0)
0x0001d02a:  cb91              beqz                    a5,20                   # 0x1d03e

----------------
IN: __printf_buffer
0x0001d03e:  03d04b63          bgtz                    t4,54                   # 0x1d074

----------------
IN: __printf_buffer
0x0001d042:  040b1763          bnez                    s6,78                   # 0x1d090

----------------
IN: __printf_buffer
0x0001d046:  060e0263          beqz                    t3,100                  # 0x1d0aa

----------------
IN: __printf_buffer
0x0001d0aa:  b0843583          ld                      a1,-1272(s0)
0x0001d0ae:  8662              mv                      a2,s8
0x0001d0b0:  8526              mv                      a0,s1
0x0001d0b2:  73a1d0ef          jal                     ra,120634               # 0x3a7ec

----------------
IN: __printf_buffer
0x0001d0b6:  b1f5              j                       -788                    # 0x1cda2

----------------
IN: __printf_buffer
0x0001cda2:  b4843b03          ld                      s6,-1208(s0)
0x0001cda6:  02500593          addi                    a1,zero,37
0x0001cdaa:  2a85              addiw                   s5,s5,1
0x0001cdac:  0b05              addi                    s6,s6,1
0x0001cdae:  855a              mv                      a0,s6
0x0001cdb0:  fedf90ef          jal                     ra,-24596               # 0x16d9c

----------------
IN: __printf_buffer
0x0001cdb4:  8a2a              mv                      s4,a0
0x0001cdb6:  41650633          sub                     a2,a0,s6
0x0001cdba:  85da              mv                      a1,s6
0x0001cdbc:  8526              mv                      a0,s1
0x0001cdbe:  b5443423          sd                      s4,-1208(s0)
0x0001cdc2:  22b1d0ef          jal                     ra,121386               # 0x3a7ec

----------------
IN: __printf_buffer
0x0001cdc6:  000a4783          lbu                     a5,0(s4)
0x0001cdca:  c781              beqz                    a5,8                    # 0x1cdd2

----------------
IN: __printf_buffer
0x0001cdd2:  55813a83          ld                      s5,1368(sp)
0x0001cdd6:  54813b83          ld                      s7,1352(sp)
0x0001cdda:  54013c03          ld                      s8,1344(sp)
0x0001cdde:  53813c83          ld                      s9,1336(sp)
0x0001cde2:  53013d03          ld                      s10,1328(sp)
0x0001cde6:  52813d83          ld                      s11,1320(sp)
0x0001cdea:  bd35              j                       -452                    # 0x1cc26

----------------
IN: __printf_buffer
0x0001cc26:  00066797          auipc                   a5,102                  # 0x82c26
0x0001cc2a:  fea7b783          ld                      a5,-22(a5)
0x0001cc2e:  f8843703          ld                      a4,-120(s0)
0x0001cc32:  639c              ld                      a5,0(a5)
0x0001cc34:  8fb9              xor                     a5,a5,a4
0x0001cc36:  4701              mv                      a4,zero
0x0001cc38:  c399              beqz                    a5,6                    # 0x1cc3e

----------------
IN: __printf_buffer
0x0001cc3e:  58813083          ld                      ra,1416(sp)
0x0001cc42:  58013403          ld                      s0,1408(sp)
0x0001cc46:  57813483          ld                      s1,1400(sp)
0x0001cc4a:  57013903          ld                      s2,1392(sp)
0x0001cc4e:  56813983          ld                      s3,1384(sp)
0x0001cc52:  56013a03          ld                      s4,1376(sp)
0x0001cc56:  55013b03          ld                      s6,1360(sp)
0x0001cc5a:  59010113          addi                    sp,sp,1424
0x0001cc5e:  8082              ret                     

----------------
IN: __vfprintf_internal
0x0001e14c:  8526              mv                      a0,s1
0x0001e14e:  6781c0ef          jal                     ra,116344               # 0x3a7c6

----------------
IN: __printf_buffer_to_file_done
0x0003a7c6:  511c              lw                      a5,32(a0)
0x0003a7c8:  c385              beqz                    a5,32                   # 0x3a7e8

----------------
IN: __printf_buffer_to_file_done
0x0003a7ca:  1101              addi                    sp,sp,-32
0x0003a7cc:  e822              sd                      s0,16(sp)
0x0003a7ce:  e426              sd                      s1,8(sp)
0x0003a7d0:  ec06              sd                      ra,24(sp)
0x0003a7d2:  1000              addi                    s0,sp,32
0x0003a7d4:  84aa              mv                      s1,a0
0x0003a7d6:  e9dff0ef          jal                     ra,-356                 # 0x3a672

----------------
IN: __printf_buffer_flush_to_file
0x0003a672:  7139              addi                    sp,sp,-64
0x0003a674:  f822              sd                      s0,48(sp)
0x0003a676:  f426              sd                      s1,40(sp)
0x0003a678:  ec4e              sd                      s3,24(sp)
0x0003a67a:  fc06              sd                      ra,56(sp)
0x0003a67c:  0080              addi                    s0,sp,64
0x0003a67e:  6510              ld                      a2,8(a0)
0x0003a680:  6118              ld                      a4,0(a0)
0x0003a682:  6d1c              ld                      a5,24(a0)
0x0003a684:  6914              ld                      a3,16(a0)
0x0003a686:  40e60733          sub                     a4,a2,a4
0x0003a68a:  97ba              add                     a5,a5,a4
0x0003a68c:  ed1c              sd                      a5,24(a0)
0x0003a68e:  0b050993          addi                    s3,a0,176
0x0003a692:  84aa              mv                      s1,a0
0x0003a694:  05368a63          beq                     a3,s3,84                # 0x3a6e8

----------------
IN: __printf_buffer_flush_to_file
0x0003a6e8:  7508              ld                      a0,40(a0)
0x0003a6ea:  e456              sd                      s5,8(sp)
0x0003a6ec:  6785              lui                     a5,1
0x0003a6ee:  0d853a83          ld                      s5,216(a0)
0x0003a6f2:  00047717          auipc                   a4,71                   # 0x816f2
0x0003a6f6:  65670713          addi                    a4,a4,1622
0x0003a6fa:  f04a              sd                      s2,32(sp)
0x0003a6fc:  e852              sd                      s4,16(sp)
0x0003a6fe:  92f78793          addi                    a5,a5,-1745
0x0003a702:  03048a13          addi                    s4,s1,48
0x0003a706:  40ea8733          sub                     a4,s5,a4
0x0003a70a:  41460933          sub                     s2,a2,s4
0x0003a70e:  04e7ef63          bgtu                    a4,a5,94                # 0x3a76c

----------------
IN: __printf_buffer_flush_to_file
0x0003a712:  038ab783          ld                      a5,56(s5)
0x0003a716:  864a              mv                      a2,s2
0x0003a718:  85d2              mv                      a1,s4
0x0003a71a:  9782              jalr                    ra,a5,0

----------------
IN: _IO_new_file_xsputn
0x00020304:  c251              beqz                    a2,132                  # 0x20388

----------------
IN: _IO_new_file_xsputn
0x00020306:  7139              addi                    sp,sp,-64
0x00020308:  f822              sd                      s0,48(sp)
0x0002030a:  f426              sd                      s1,40(sp)
0x0002030c:  f04a              sd                      s2,32(sp)
0x0002030e:  e852              sd                      s4,16(sp)
0x00020310:  fc06              sd                      ra,56(sp)
0x00020312:  ec4e              sd                      s3,24(sp)
0x00020314:  e456              sd                      s5,8(sp)
0x00020316:  0080              addi                    s0,sp,64
0x00020318:  6118              ld                      a4,0(a0)
0x0002031a:  6785              lui                     a5,1
0x0002031c:  a0078793          addi                    a5,a5,-1536
0x00020320:  8f7d              and                     a4,a4,a5
0x00020322:  84aa              mv                      s1,a0
0x00020324:  8a32              mv                      s4,a2
0x00020326:  7508              ld                      a0,40(a0)
0x00020328:  892e              mv                      s2,a1
0x0002032a:  02f70963          beq                     a4,a5,50                # 0x2035c

----------------
IN: _IO_new_file_xsputn
0x0002035c:  60b8              ld                      a4,64(s1)
0x0002035e:  8f09              sub                     a4,a4,a0
0x00020360:  02c76663          bgtu                    a2,a4,44                # 0x2038c

----------------
IN: _IO_new_file_xsputn
0x00020364:  00c587b3          add                     a5,a1,a2
0x00020368:  4629              addi                    a2,zero,10
0x0002036a:  fcf976e3          bleu                    a5,s2,-52               # 0x20336

----------------
IN: _IO_new_file_xsputn
0x0002036e:  fff7c683          lbu                     a3,-1(a5)
0x00020372:  17fd              addi                    a5,a5,-1
0x00020374:  fec69be3          bne                     a3,a2,-10               # 0x2036a

----------------
IN: _IO_new_file_xsputn
0x00020378:  412787b3          sub                     a5,a5,s2
0x0002037c:  00178713          addi                    a4,a5,1
0x00020380:  ef4d              bnez                    a4,186                  # 0x2043a

----------------
IN: _IO_new_file_xsputn
0x0002043a:  4a85              addi                    s5,zero,1
0x0002043c:  bdf5              j                       -260                    # 0x20338

----------------
IN: _IO_new_file_xsputn
0x00020338:  89d2              mv                      s3,s4
0x0002033a:  0d476663          bgtu                    s4,a4,204               # 0x20406

----------------
IN: _IO_new_file_xsputn
0x0002033e:  864e              mv                      a2,s3
0x00020340:  85ca              mv                      a1,s2
0x00020342:  90ff60ef          jal                     ra,-38642               # 0x16c50

----------------
IN: memcpy
0x00016c68:  40a00533          neg                     a0,a0
0x00016c6c:  e84a              sd                      s2,16(sp)
0x00016c6e:  891d              andi                    a0,a0,7
0x00016c70:  e052              sd                      s4,0(sp)
0x00016c72:  40a60933          sub                     s2,a2,a0
0x00016c76:  c925              beqz                    a0,112                  # 0x16ce6

----------------
IN: memcpy
0x00016ce6:  8a4e              mv                      s4,s3
0x00016ce8:  b76d              j                       -86                     # 0x16c92

----------------
IN: memcpy
0x00016c92:  0074f793          andi                    a5,s1,7
0x00016c96:  00395613          srli                    a2,s2,3
0x00016c9a:  85a6              mv                      a1,s1
0x00016c9c:  8552              mv                      a0,s4
0x00016c9e:  e3a9              bnez                    a5,66                   # 0x16ce0

----------------
IN: memcpy
0x00016ca0:  394000ef          jal                     ra,916                  # 0x17034

----------------
IN: _wordcopy_fwd_aligned
0x00017034:  1141              addi                    sp,sp,-16
0x00017036:  00767793          andi                    a5,a2,7
0x0001703a:  e422              sd                      s0,8(sp)
0x0001703c:  00043717          auipc                   a4,67                   # 0x5a03c
0x00017040:  b7c70713          addi                    a4,a4,-1156
0x00017044:  0800              addi                    s0,sp,16
0x00017046:  078a              slli                    a5,a5,2
0x00017048:  97ba              add                     a5,a5,a4
0x0001704a:  439c              lw                      a5,0(a5)
0x0001704c:  97ba              add                     a5,a5,a4
0x0001704e:  8782              jr                      a5

----------------
IN: _wordcopy_fwd_aligned
0x000170c8:  0005b803          ld                      a6,0(a1)
0x000170cc:  86aa              mv                      a3,a0
0x000170ce:  fd058593          addi                    a1,a1,-48
0x000170d2:  fc850793          addi                    a5,a0,-56
0x000170d6:  0619              addi                    a2,a2,6
0x000170d8:  bf55              j                       -76                     # 0x1708c

----------------
IN: _wordcopy_fwd_aligned
0x0001708c:  7d98              ld                      a4,56(a1)
0x0001708e:  04078793          addi                    a5,a5,64
0x00017092:  0106b023          sd                      a6,0(a3)
0x00017096:  1661              addi                    a2,a2,-8
0x00017098:  853e              mv                      a0,a5
0x0001709a:  04058593          addi                    a1,a1,64
0x0001709e:  ea11              bnez                    a2,20                   # 0x170b2

----------------
IN: _wordcopy_fwd_aligned
0x000170a0:  e118              sd                      a4,0(a0)
0x000170a2:  6422              ld                      s0,8(sp)
0x000170a4:  0141              addi                    sp,sp,16
0x000170a6:  8082              ret                     

----------------
IN: memcpy
0x00016ca4:  ff897713          andi                    a4,s2,-8
0x00016ca8:  94ba              add                     s1,s1,a4
0x00016caa:  00797613          andi                    a2,s2,7
0x00016cae:  9752              add                     a4,a4,s4
0x00016cb0:  6942              ld                      s2,16(sp)
0x00016cb2:  6a02              ld                      s4,0(sp)
0x00016cb4:  177d              addi                    a4,a4,-1
0x00016cb6:  87a6              mv                      a5,s1
0x00016cb8:  009605b3          add                     a1,a2,s1
0x00016cbc:  8f05              sub                     a4,a4,s1
0x00016cbe:  ca11              beqz                    a2,20                   # 0x16cd2

----------------
IN: _IO_new_file_xsputn
0x00020346:  954e              add                     a0,a0,s3
0x00020348:  994e              add                     s2,s2,s3
0x0002034a:  f488              sd                      a0,40(s1)
0x0002034c:  413a09b3          sub                     s3,s4,s3
0x00020350:  9ace              add                     s5,s5,s3
0x00020352:  040a9063          bnez                    s5,64                   # 0x20392

----------------
IN: _IO_new_file_xsputn
0x00020392:  0d84ba83          ld                      s5,216(s1)
0x00020396:  6785              lui                     a5,1
0x00020398:  00062717          auipc                   a4,98                   # 0x82398
0x0002039c:  9b070713          addi                    a4,a4,-1616
0x000203a0:  40ea8733          sub                     a4,s5,a4
0x000203a4:  92f78793          addi                    a5,a5,-1745
0x000203a8:  08e7e263          bgtu                    a4,a5,132               # 0x2042c

----------------
IN: _IO_new_file_xsputn
0x000203ac:  018ab783          ld                      a5,24(s5)
0x000203b0:  55fd              addi                    a1,zero,-1
0x000203b2:  8526              mv                      a0,s1
0x000203b4:  9782              jalr                    ra,a5,0

----------------
IN: _IO_file_overflow
0x0001fab8:  7179              addi                    sp,sp,-48
0x0001faba:  f022              sd                      s0,32(sp)
0x0001fabc:  ec26              sd                      s1,24(sp)
0x0001fabe:  f406              sd                      ra,40(sp)
0x0001fac0:  1800              addi                    s0,sp,48
0x0001fac2:  411c              lw                      a5,0(a0)
0x0001fac4:  84aa              mv                      s1,a0
0x0001fac6:  0087f713          andi                    a4,a5,8
0x0001faca:  12071a63          bnez                    a4,308                  # 0x1fbfe

----------------
IN: _IO_file_overflow
0x0001face:  e84a              sd                      s2,16(sp)
0x0001fad0:  e44e              sd                      s3,8(sp)
0x0001fad2:  03479693          slli                    a3,a5,52
0x0001fad6:  7118              ld                      a4,32(a0)
0x0001fad8:  892e              mv                      s2,a1
0x0001fada:  0406d263          bgez                    a3,68                   # 0x1fb1e

----------------
IN: _IO_file_overflow
0x0001fade:  c37d              beqz                    a4,230                  # 0x1fbc4

----------------
IN: _IO_file_overflow
0x0001fae0:  7510              ld                      a2,40(a0)
0x0001fae2:  59fd              addi                    s3,zero,-1
0x0001fae4:  07390b63          beq                     s2,s3,118               # 0x1fb5a

----------------
IN: _IO_file_overflow
0x0001fb5a:  708c              ld                      a1,32(s1)
0x0001fb5c:  7402              ld                      s0,32(sp)
0x0001fb5e:  6942              ld                      s2,16(sp)
0x0001fb60:  69a2              ld                      s3,8(sp)
0x0001fb62:  70a2              ld                      ra,40(sp)
0x0001fb64:  8526              mv                      a0,s1
0x0001fb66:  64e2              ld                      s1,24(sp)
0x0001fb68:  8e0d              sub                     a2,a2,a1
0x0001fb6a:  6145              addi                    sp,sp,48
0x0001fb6c:  e64ff06f          j                       -2460                   # 0x1f1d0

----------------
IN: _IO_do_write
0x0001f1d0:  e219              bnez                    a2,6                    # 0x1f1d6

----------------
IN: _IO_do_write
0x0001f1d6:  1101              addi                    sp,sp,-32
0x0001f1d8:  e822              sd                      s0,16(sp)
0x0001f1da:  e426              sd                      s1,8(sp)
0x0001f1dc:  ec06              sd                      ra,24(sp)
0x0001f1de:  1000              addi                    s0,sp,32
0x0001f1e0:  84b2              mv                      s1,a2
0x0001f1e2:  9e9ff0ef          jal                     ra,-1560                # 0x1ebca

----------------
IN: new_do_write
0x0001ebca:  7139              addi                    sp,sp,-64
0x0001ebcc:  f822              sd                      s0,48(sp)
0x0001ebce:  f426              sd                      s1,40(sp)
0x0001ebd0:  f04a              sd                      s2,32(sp)
0x0001ebd2:  ec4e              sd                      s3,24(sp)
0x0001ebd4:  e852              sd                      s4,16(sp)
0x0001ebd6:  e456              sd                      s5,8(sp)
0x0001ebd8:  fc06              sd                      ra,56(sp)
0x0001ebda:  0080              addi                    s0,sp,64
0x0001ebdc:  411c              lw                      a5,0(a0)
0x0001ebde:  0d853903          ld                      s2,216(a0)
0x0001ebe2:  84aa              mv                      s1,a0
0x0001ebe4:  03379713          slli                    a4,a5,51
0x0001ebe8:  8a2e              mv                      s4,a1
0x0001ebea:  8ab2              mv                      s5,a2
0x0001ebec:  00063997          auipc                   s3,99                   # 0x81bec
0x0001ebf0:  15c98993          addi                    s3,s3,348
0x0001ebf4:  06075263          bgez                    a4,100                  # 0x1ec58

----------------
IN: new_do_write
0x0001ec58:  6914              ld                      a3,16(a0)
0x0001ec5a:  710c              ld                      a1,32(a0)
0x0001ec5c:  fab680e3          beq                     a3,a1,-96               # 0x1ebfc

----------------
IN: new_do_write
0x0001ebfc:  6785              lui                     a5,1
0x0001ebfe:  413909b3          sub                     s3,s2,s3
0x0001ec02:  92f78793          addi                    a5,a5,-1745
0x0001ec06:  0b37e763          bgtu                    s3,a5,174               # 0x1ecb4

----------------
IN: new_do_write
0x0001ec0a:  07893783          ld                      a5,120(s2)
0x0001ec0e:  8656              mv                      a2,s5
0x0001ec10:  85d2              mv                      a1,s4
0x0001ec12:  8526              mv                      a0,s1
0x0001ec14:  9782              jalr                    ra,a5,0

----------------
IN: _IO_file_write
0x00020282:  7179              addi                    sp,sp,-48
0x00020284:  f022              sd                      s0,32(sp)
0x00020286:  e44e              sd                      s3,8(sp)
0x00020288:  f406              sd                      ra,40(sp)
0x0002028a:  1800              addi                    s0,sp,48
0x0002028c:  89aa              mv                      s3,a0
0x0002028e:  06c05963          blez                    a2,114                  # 0x20300

----------------
IN: _IO_file_write
0x00020292:  ec26              sd                      s1,24(sp)
0x00020294:  e84a              sd                      s2,16(sp)
0x00020296:  e052              sd                      s4,0(sp)
0x00020298:  892e              mv                      s2,a1
0x0002029a:  8a32              mv                      s4,a2
0x0002029c:  84b2              mv                      s1,a2
0x0002029e:  0749a783          lw                      a5,116(s3)
0x000202a2:  0709a503          lw                      a0,112(s3)
0x000202a6:  8626              mv                      a2,s1
0x000202a8:  8b89              andi                    a5,a5,2
0x000202aa:  85ca              mv                      a1,s2
0x000202ac:  eb95              bnez                    a5,52                   # 0x202e0

----------------
IN: _IO_file_write
0x000202ae:  5d9050ef          jal                     ra,24024                # 0x26086

----------------
IN: __write
0x00026086:  7179              addi                    sp,sp,-48
0x00026088:  f022              sd                      s0,32(sp)
0x0002608a:  f406              sd                      ra,40(sp)
0x0002608c:  ec26              sd                      s1,24(sp)
0x0002608e:  1800              addi                    s0,sp,48
0x00026090:  8a022783          lw                      a5,-1888(tp)
0x00026094:  ef99              bnez                    a5,30                   # 0x260b2

----------------
IN: __write
0x00026096:  04000893          addi                    a7,zero,64
0x0002609a:  00000073          ecall                   

----------------
IN: __write
0x0002609e:  77fd              lui                     a5,-1
0x000260a0:  84aa              mv                      s1,a0
0x000260a2:  04a7e663          bgtu                    a0,a5,76                # 0x260ee

----------------
IN: __write
0x000260a6:  70a2              ld                      ra,40(sp)
0x000260a8:  7402              ld                      s0,32(sp)
0x000260aa:  8526              mv                      a0,s1
0x000260ac:  64e2              ld                      s1,24(sp)
0x000260ae:  6145              addi                    sp,sp,48
0x000260b0:  8082              ret                     

----------------
IN: _IO_file_write
0x000202b2:  02054b63          bltz                    a0,54                   # 0x202e8

----------------
IN: _IO_file_write
0x000202b6:  8c89              sub                     s1,s1,a0
0x000202b8:  992a              add                     s2,s2,a0
0x000202ba:  fe9042e3          bgtz                    s1,-28                  # 0x2029e

----------------
IN: _IO_file_write
0x000202be:  409a0533          sub                     a0,s4,s1
0x000202c2:  6942              ld                      s2,16(sp)
0x000202c4:  64e2              ld                      s1,24(sp)
0x000202c6:  6a02              ld                      s4,0(sp)
0x000202c8:  0909b783          ld                      a5,144(s3)
0x000202cc:  0007c563          bltz                    a5,10                   # 0x202d6

----------------
IN: _IO_file_write
0x000202d6:  70a2              ld                      ra,40(sp)
0x000202d8:  7402              ld                      s0,32(sp)
0x000202da:  69a2              ld                      s3,8(sp)
0x000202dc:  6145              addi                    sp,sp,48
0x000202de:  8082              ret                     

----------------
IN: new_do_write
0x0001ec16:  0804d783          lhu                     a5,128(s1)
0x0001ec1a:  892a              mv                      s2,a0
0x0001ec1c:  c391              beqz                    a5,4                    # 0x1ec20

----------------
IN: new_do_write
0x0001ec20:  7c9c              ld                      a5,56(s1)
0x0001ec22:  0c04a703          lw                      a4,192(s1)
0x0001ec26:  ec9c              sd                      a5,24(s1)
0x0001ec28:  e49c              sd                      a5,8(s1)
0x0001ec2a:  e89c              sd                      a5,16(s1)
0x0001ec2c:  f49c              sd                      a5,40(s1)
0x0001ec2e:  f09c              sd                      a5,32(s1)
0x0001ec30:  00e05e63          blez                    a4,28                   # 0x1ec4c

----------------
IN: new_do_write
0x0001ec4c:  4098              lw                      a4,0(s1)
0x0001ec4e:  20277713          andi                    a4,a4,514
0x0001ec52:  f375              bnez                    a4,-28                  # 0x1ec36

----------------
IN: new_do_write
0x0001ec36:  f89c              sd                      a5,48(s1)
0x0001ec38:  70e2              ld                      ra,56(sp)
0x0001ec3a:  7442              ld                      s0,48(sp)
0x0001ec3c:  74a2              ld                      s1,40(sp)
0x0001ec3e:  69e2              ld                      s3,24(sp)
0x0001ec40:  6a42              ld                      s4,16(sp)
0x0001ec42:  6aa2              ld                      s5,8(sp)
0x0001ec44:  854a              mv                      a0,s2
0x0001ec46:  7902              ld                      s2,32(sp)
0x0001ec48:  6121              addi                    sp,sp,64
0x0001ec4a:  8082              ret                     

----------------
IN: _IO_do_write
0x0001f1e6:  60e2              ld                      ra,24(sp)
0x0001f1e8:  6442              ld                      s0,16(sp)
0x0001f1ea:  40a48533          sub                     a0,s1,a0
0x0001f1ee:  00a03533          snez                    a0,a0
0x0001f1f2:  64a2              ld                      s1,8(sp)
0x0001f1f4:  40a00533          neg                     a0,a0
0x0001f1f8:  6105              addi                    sp,sp,32
0x0001f1fa:  8082              ret                     

----------------
IN: _IO_new_file_xsputn
0x000203b6:  57fd              addi                    a5,zero,-1
0x000203b8:  06f50463          beq                     a0,a5,104               # 0x20420

----------------
IN: _IO_new_file_xsputn
0x000203bc:  60bc              ld                      a5,64(s1)
0x000203be:  7c94              ld                      a3,56(s1)
0x000203c0:  07f00713          addi                    a4,zero,127
0x000203c4:  8f95              sub                     a5,a5,a3
0x000203c6:  02f77c63          bleu                    a5,a4,56                # 0x203fe

----------------
IN: _IO_new_file_xsputn
0x000203ca:  02f9f7b3          remu                    a5,s3,a5
0x000203ce:  40f98ab3          sub                     s5,s3,a5
0x000203d2:  02f99d63          bne                     s3,a5,58                # 0x2040c

----------------
IN: _IO_new_file_xsputn
0x000203d6:  02098663          beqz                    s3,44                   # 0x20402

----------------
IN: _IO_new_file_xsputn
0x00020402:  8552              mv                      a0,s4
0x00020404:  b7e5              j                       -24                     # 0x203ec

----------------
IN: _IO_new_file_xsputn
0x000203ec:  70e2              ld                      ra,56(sp)
0x000203ee:  7442              ld                      s0,48(sp)
0x000203f0:  74a2              ld                      s1,40(sp)
0x000203f2:  7902              ld                      s2,32(sp)
0x000203f4:  69e2              ld                      s3,24(sp)
0x000203f6:  6a42              ld                      s4,16(sp)
0x000203f8:  6aa2              ld                      s5,8(sp)
0x000203fa:  6121              addi                    sp,sp,64
0x000203fc:  8082              ret                     

----------------
IN: __printf_buffer_flush_to_file
0x0003a71c:  03250263          beq                     a0,s2,36                # 0x3a740

----------------
IN: __printf_buffer_flush_to_file
0x0003a740:  749c              ld                      a5,40(s1)
0x0003a742:  7798              ld                      a4,40(a5)
0x0003a744:  7b9c              ld                      a5,48(a5)
0x0003a746:  00f77463          bleu                    a5,a4,8                 # 0x3a74e

----------------
IN: __printf_buffer_flush_to_file
0x0003a74e:  70e2              ld                      ra,56(sp)
0x0003a750:  7442              ld                      s0,48(sp)
0x0003a752:  0134b823          sd                      s3,16(s1)
0x0003a756:  0144b423          sd                      s4,8(s1)
0x0003a75a:  0144b023          sd                      s4,0(s1)
0x0003a75e:  7902              ld                      s2,32(sp)
0x0003a760:  6a42              ld                      s4,16(sp)
0x0003a762:  6aa2              ld                      s5,8(sp)
0x0003a764:  74a2              ld                      s1,40(sp)
0x0003a766:  69e2              ld                      s3,24(sp)
0x0003a768:  6121              addi                    sp,sp,64
0x0003a76a:  8082              ret                     

----------------
IN: __printf_buffer_to_file_done
0x0003a7da:  6442              ld                      s0,16(sp)
0x0003a7dc:  60e2              ld                      ra,24(sp)
0x0003a7de:  8526              mv                      a0,s1
0x0003a7e0:  64a2              ld                      s1,8(sp)
0x0003a7e2:  6105              addi                    sp,sp,32
0x0003a7e4:  ca3ff06f          j                       -862                    # 0x3a486

----------------
IN: __printf_buffer_done
0x0003a486:  1141              addi                    sp,sp,-16
0x0003a488:  e422              sd                      s0,8(sp)
0x0003a48a:  0800              addi                    s0,sp,16
0x0003a48c:  511c              lw                      a5,32(a0)
0x0003a48e:  cf8d              beqz                    a5,58                   # 0x3a4c8

----------------
IN: __printf_buffer_done
0x0003a490:  6518              ld                      a4,8(a0)
0x0003a492:  6110              ld                      a2,0(a0)
0x0003a494:  6d1c              ld                      a5,24(a0)
0x0003a496:  4681              mv                      a3,zero
0x0003a498:  8f11              sub                     a4,a4,a2
0x0003a49a:  97ba              add                     a5,a5,a4
0x0003a49c:  0207c863          bltz                    a5,48                   # 0x3a4cc

----------------
IN: __printf_buffer_done
0x0003a4a0:  02e7e663          bgtu                    a4,a5,44                # 0x3a4cc

----------------
IN: __printf_buffer_done
0x0003a4a4:  0007851b          sext.w                  a0,a5
0x0003a4a8:  00a79663          bne                     a5,a0,12                # 0x3a4b4

----------------
IN: __printf_buffer_done
0x0003a4ac:  e691              bnez                    a3,12                   # 0x3a4b8

----------------
IN: __printf_buffer_done
0x0003a4ae:  6422              ld                      s0,8(sp)
0x0003a4b0:  0141              addi                    sp,sp,16
0x0003a4b2:  8082              ret                     

----------------
IN: __vfprintf_internal
0x0001e152:  892a              mv                      s2,a0
0x0001e154:  bf21              j                       -232                    # 0x1e06c

----------------
IN: __vfprintf_internal
0x0001e06c:  fa843703          ld                      a4,-88(s0)
0x0001e070:  000b3783          ld                      a5,0(s6)
0x0001e074:  8fb9              xor                     a5,a5,a4
0x0001e076:  4701              mv                      a4,zero
0x0001e078:  12079063          bnez                    a5,288                  # 0x1e198

----------------
IN: __vfprintf_internal
0x0001e07c:  70b2              ld                      ra,296(sp)
0x0001e07e:  7412              ld                      s0,288(sp)
0x0001e080:  64f2              ld                      s1,280(sp)
0x0001e082:  6a12              ld                      s4,256(sp)
0x0001e084:  7aee              ld                      s5,248(sp)
0x0001e086:  7b4e              ld                      s6,240(sp)
0x0001e088:  854a              mv                      a0,s2
0x0001e08a:  6952              ld                      s2,272(sp)
0x0001e08c:  6155              addi                    sp,sp,304
0x0001e08e:  8082              ret                     

----------------
IN: ___printf_chk
0x0001840a:  fd843703          ld                      a4,-40(s0)
0x0001840e:  609c              ld                      a5,0(s1)
0x00018410:  8fb9              xor                     a5,a5,a4
0x00018412:  4701              mv                      a4,zero
0x00018414:  e791              bnez                    a5,12                   # 0x18420

----------------
IN: ___printf_chk
0x00018416:  70a2              ld                      ra,40(sp)
0x00018418:  7402              ld                      s0,32(sp)
0x0001841a:  64e2              ld                      s1,24(sp)
0x0001841c:  6125              addi                    sp,sp,96
0x0001841e:  8082              ret                     

----------------
IN: main
0x00010564:  c0002973          rdcycle                 s2

----------------
IN: main
0x00010568:  6889              lui                     a7,2
0x0001056a:  2901              sext.w                  s2,s2
0x0001056c:  8752              mv                      a4,s4
0x0001056e:  85da              mv                      a1,s6
0x00010570:  98d2              add                     a7,a7,s4
0x00010572:  4405              addi                    s0,zero,1
0x00010574:  4681              mv                      a3,zero
0x00010576:  00071603          lh                      a2,0(a4)
0x0001057a:  00059803          lh                      a6,0(a1)
0x0001057e:  0709              addi                    a4,a4,2
0x00010580:  8536              mv                      a0,a3
0x00010582:  410607bb          subw                    a5,a2,a6
0x00010586:  0007d463          bgez                    a5,8                    # 0x1058e

----------------
IN: main
0x0001058e:  0017b613          seqz                    a2,a5
0x00010592:  40c00633          neg                     a2,a2
0x00010596:  00f6d363          ble                     a5,a3,6                 # 0x1059c

----------------
IN: main
0x0001059c:  0005069b          sext.w                  a3,a0
0x000105a0:  8c71              and                     s0,s0,a2
0x000105a2:  0589              addi                    a1,a1,2
0x000105a4:  fce899e3          bne                     a7,a4,-46               # 0x10576

----------------
IN: main
0x00010576:  00071603          lh                      a2,0(a4)
0x0001057a:  00059803          lh                      a6,0(a1)
0x0001057e:  0709              addi                    a4,a4,2
0x00010580:  8536              mv                      a0,a3
0x00010582:  410607bb          subw                    a5,a2,a6
0x00010586:  0007d463          bgez                    a5,8                    # 0x1058e

----------------
IN: main
0x000105a8:  00043617          auipc                   a2,67                   # 0x535a8
0x000105ac:  f1860613          addi                    a2,a2,-232
0x000105b0:  c409              beqz                    s0,10                   # 0x105ba

----------------
IN: main
0x000105b2:  00043617          auipc                   a2,67                   # 0x535b2
0x000105b6:  f0660613          addi                    a2,a2,-250
0x000105ba:  00043597          auipc                   a1,67                   # 0x535ba
0x000105be:  f1e58593          addi                    a1,a1,-226
0x000105c2:  4509              addi                    a0,zero,2
0x000105c4:  5ff070ef          jal                     ra,32254                # 0x183c2

----------------
IN: __printf_buffer
0x0001d2f8:  00093b83          ld                      s7,0(s2)
0x0001d2fc:  0921              addi                    s2,s2,8
0x0001d2fe:  620b9163          bnez                    s7,1570                 # 0x1d920

----------------
IN: __printf_buffer
0x0001d920:  da0d0063          beqz                    s10,-2656               # 0x1cec0

----------------
IN: __printf_buffer
0x0001cec0:  05300713          addi                    a4,zero,83
0x0001cec4:  26ed80e3          beq                     s11,a4,2656             # 0x1d924

----------------
IN: __printf_buffer
0x0001cec8:  57fd              addi                    a5,zero,-1
0x0001ceca:  68f989e3          beq                     s3,a5,3730              # 0x1dd5c

----------------
IN: __printf_buffer
0x0001dd5c:  855e              mv                      a0,s7
0x0001dd5e:  9acf90ef          jal                     ra,-28244               # 0x16f0a

----------------
IN: strlen
0x00016f0a:  0feff737          lui                     a4,65279
0x00016f0e:  1141              addi                    sp,sp,-16
0x00016f10:  0712              slli                    a4,a4,4
0x00016f12:  e422              sd                      s0,8(sp)
0x00016f14:  eff70713          addi                    a4,a4,-257
0x00016f18:  0800              addi                    s0,sp,16
0x00016f1a:  ff857793          andi                    a5,a0,-8
0x00016f1e:  0742              slli                    a4,a4,16
0x00016f20:  6390              ld                      a2,0(a5)
0x00016f22:  eff70713          addi                    a4,a4,-257
0x00016f26:  073e              slli                    a4,a4,15
0x00016f28:  f7f70713          addi                    a4,a4,-129
0x00016f2c:  00e676b3          and                     a3,a2,a4
0x00016f30:  96ba              add                     a3,a3,a4
0x00016f32:  8ed1              or                      a3,a3,a2
0x00016f34:  8f55              or                      a4,a4,a3
0x00016f36:  00757693          andi                    a3,a0,7
0x00016f3a:  fff74713          not                     a4,a4
0x00016f3e:  0036969b          slliw                   a3,a3,3
0x00016f42:  00d75733          srl                     a4,a4,a3
0x00016f46:  e741              bnez                    a4,136                  # 0x16fce

----------------
IN: strlen
0x00016fce:  08077793          andi                    a5,a4,128
0x00016fd2:  4501              mv                      a0,zero
0x00016fd4:  fbf5              bnez                    a5,-12                  # 0x16fc8

----------------
IN: strlen
0x00016fd6:  03071793          slli                    a5,a4,48
0x00016fda:  4505              addi                    a0,zero,1
0x00016fdc:  fe07c6e3          bltz                    a5,-20                  # 0x16fc8

----------------
IN: strlen
0x00016fe0:  02871793          slli                    a5,a4,40
0x00016fe4:  4509              addi                    a0,zero,2
0x00016fe6:  fe07c1e3          bltz                    a5,-30                  # 0x16fc8

----------------
IN: strlen
0x00016fc8:  6422              ld                      s0,8(sp)
0x00016fca:  0141              addi                    sp,sp,16
0x00016fcc:  8082              ret                     

----------------
IN: __printf_buffer
0x0001dd62:  8c2a              mv                      s8,a0
0x0001dd64:  0005079b          sext.w                  a5,a0
0x0001dd68:  974ff06f          j                       -3724                   # 0x1cedc

----------------
IN: __printf_buffer
0x0001cedc:  40fa0a3b          subw                    s4,s4,a5
0x0001cee0:  000a0c9b          sext.w                  s9,s4
0x0001cee4:  f20ccce3          bltz                    s9,-200                 # 0x1ce1c

----------------
IN: __printf_buffer
0x0001ce1c:  8662              mv                      a2,s8
0x0001ce1e:  85de              mv                      a1,s7
0x0001ce20:  8526              mv                      a0,s1
0x0001ce22:  1cb1d0ef          jal                     ra,121290               # 0x3a7ec

----------------
IN: __printf_buffer
0x0001ce26:  bfb5              j                       -132                    # 0x1cda2

----------------
IN: strchrnul
0x00016e30:  6518              ld                      a4,8(a0)
0x00016e32:  832a              mv                      t1,a0
0x00016e34:  0521              addi                    a0,a0,8
0x00016e36:  011746b3          xor                     a3,a4,a7
0x00016e3a:  00b707b3          add                     a5,a4,a1
0x00016e3e:  00b68633          add                     a2,a3,a1
0x00016e42:  fff74713          not                     a4,a4
0x00016e46:  fff6c693          not                     a3,a3
0x00016e4a:  8ff9              and                     a5,a5,a4
0x00016e4c:  00d67733          and                     a4,a2,a3
0x00016e50:  8fd9              or                      a5,a5,a4
0x00016e52:  0107f733          and                     a4,a5,a6
0x00016e56:  df69              beqz                    a4,-38                  # 0x16e30

----------------
IN: __printf_buffer
0x0001cdcc:  509c              lw                      a5,32(s1)
0x0001cdce:  de0796e3          bnez                    a5,-532                 # 0x1cbba

----------------
IN: __printf_buffer
0x0001cbba:  001a4d83          lbu                     s11,1(s4)
0x0001cbbe:  0a05              addi                    s4,s4,1
0x0001cbc0:  b5443423          sd                      s4,-1208(s0)
0x0001cbc4:  fe0d871b          addiw                   a4,s11,-32
0x0001cbc8:  0ff77613          andi                    a2,a4,255
0x0001cbcc:  05a00693          addi                    a3,zero,90
0x0001cbd0:  08c6f863          bleu                    a2,a3,144               # 0x1cc60

----------------
IN: strchrnul
0x00016eae:  0807f713          andi                    a4,a5,128
0x00016eb2:  8532              mv                      a0,a2
0x00016eb4:  fb75              bnez                    a4,-12                  # 0x16ea8

----------------
IN: strchrnul
0x00016eb6:  03079713          slli                    a4,a5,48
0x00016eba:  02074c63          bltz                    a4,56                   # 0x16ef2

----------------
IN: strchrnul
0x00016ebe:  02879713          slli                    a4,a5,40
0x00016ec2:  02074b63          bltz                    a4,54                   # 0x16ef8

----------------
IN: strchrnul
0x00016ef8:  00260513          addi                    a0,a2,2
0x00016efc:  b775              j                       -84                     # 0x16ea8

----------------
IN: _wordcopy_fwd_aligned
0x000170da:  6198              ld                      a4,0(a1)
0x000170dc:  fd050793          addi                    a5,a0,-48
0x000170e0:  fd858593          addi                    a1,a1,-40
0x000170e4:  0615              addi                    a2,a2,5
0x000170e6:  bf71              j                       -100                    # 0x17082

----------------
IN: _wordcopy_fwd_aligned
0x00017082:  0305b803          ld                      a6,48(a1)
0x00017086:  03878693          addi                    a3,a5,56
0x0001708a:  e118              sd                      a4,0(a0)
0x0001708c:  7d98              ld                      a4,56(a1)
0x0001708e:  04078793          addi                    a5,a5,64
0x00017092:  0106b023          sd                      a6,0(a3)
0x00017096:  1661              addi                    a2,a2,-8
0x00017098:  853e              mv                      a0,a5
0x0001709a:  04058593          addi                    a1,a1,64
0x0001709e:  ea11              bnez                    a2,20                   # 0x170b2

----------------
IN: main
0x000105c8:  4099063b          subw                    a2,s2,s1
0x000105cc:  1602              slli                    a2,a2,32
0x000105ce:  9201              srli                    a2,a2,32
0x000105d0:  00043597          auipc                   a1,67                   # 0x535d0
0x000105d4:  f2858593          addi                    a1,a1,-216
0x000105d8:  4509              addi                    a0,zero,2
0x000105da:  5e9070ef          jal                     ra,32232                # 0x183c2

----------------
IN: __printf_buffer
0x0001d502:  b4843703          ld                      a4,-1208(s0)
0x0001d506:  05a00693          addi                    a3,zero,90
0x0001d50a:  00174d83          lbu                     s11,1(a4)
0x0001d50e:  0705              addi                    a4,a4,1
0x0001d510:  b4e43423          sd                      a4,-1208(s0)
0x0001d514:  fe0d871b          addiw                   a4,s11,-32
0x0001d518:  0ff77613          andi                    a2,a4,255
0x0001d51c:  eac6ec63          bgtu                    a2,a3,-2376             # 0x1cbd4

----------------
IN: __printf_buffer
0x0001d520:  0003d797          auipc                   a5,61                   # 0x5a520
0x0001d524:  df078793          addi                    a5,a5,-528
0x0001d528:  2701              sext.w                  a4,a4
0x0001d52a:  973e              add                     a4,a4,a5
0x0001d52c:  00074703          lbu                     a4,0(a4)
0x0001d530:  00062797          auipc                   a5,98                   # 0x7f530
0x0001d534:  ea078793          addi                    a5,a5,-352
0x0001d538:  4d05              addi                    s10,zero,1
0x0001d53a:  070e              slli                    a4,a4,3
0x0001d53c:  973e              add                     a4,a4,a5
0x0001d53e:  60073703          ld                      a4,1536(a4)
0x0001d542:  8702              jr                      a4

----------------
IN: __printf_buffer
0x0001d33c:  b4843703          ld                      a4,-1208(s0)
0x0001d340:  05a00693          addi                    a3,zero,90
0x0001d344:  00174d83          lbu                     s11,1(a4)
0x0001d348:  0705              addi                    a4,a4,1
0x0001d34a:  b4e43423          sd                      a4,-1208(s0)
0x0001d34e:  fe0d871b          addiw                   a4,s11,-32
0x0001d352:  0ff77613          andi                    a2,a4,255
0x0001d356:  86c6efe3          bgtu                    a2,a3,-1922             # 0x1cbd4

----------------
IN: __printf_buffer
0x0001d35a:  0003d797          auipc                   a5,61                   # 0x5a35a
0x0001d35e:  fb678793          addi                    a5,a5,-74
0x0001d362:  2701              sext.w                  a4,a4
0x0001d364:  973e              add                     a4,a4,a5
0x0001d366:  00074703          lbu                     a4,0(a4)
0x0001d36a:  00062797          auipc                   a5,98                   # 0x7f36a
0x0001d36e:  06678793          addi                    a5,a5,102
0x0001d372:  4d05              addi                    s10,zero,1
0x0001d374:  070e              slli                    a4,a4,3
0x0001d376:  973e              add                     a4,a4,a5
0x0001d378:  50073703          ld                      a4,1280(a4)
0x0001d37c:  4b85              addi                    s7,zero,1
0x0001d37e:  8702              jr                      a4

----------------
IN: __printf_buffer
0x0001d406:  47a9              addi                    a5,zero,10
0x0001d408:  874a              mv                      a4,s2
0x0001d40a:  b2f43423          sd                      a5,-1240(s0)
0x0001d40e:  b94d              j                       -846                    # 0x1d0c0

----------------
IN: __printf_buffer
0x0001d0c0:  0921              addi                    s2,s2,8
0x0001d0c2:  020d0563          beqz                    s10,42                  # 0x1d0ec

----------------
IN: __printf_buffer
0x0001d0c6:  b2043823          sd                      zero,-1232(s0)
0x0001d0ca:  b0043c23          sd                      zero,-1256(s0)
0x0001d0ce:  00073b83          ld                      s7,0(a4)
0x0001d0d2:  4d01              mv                      s10,zero
0x0001d0d4:  e809d3e3          bgez                    s3,-378                 # 0x1cf5a

----------------
IN: strchrnul
0x00016ef2:  00160513          addi                    a0,a2,1
0x00016ef6:  bf4d              j                       -78                     # 0x16ea8

----------------
IN: main
0x000105de:  854e              mv                      a0,s3
0x000105e0:  418050ef          jal                     ra,21528                # 0x159f8

----------------
IN: __libc_free
0x000159f8:  c555              beqz                    a0,172                  # 0x15aa4

----------------
IN: __libc_free
0x000159fa:  7179              addi                    sp,sp,-48
0x000159fc:  f022              sd                      s0,32(sp)
0x000159fe:  ec4a              sd                      s2,24(sp)
0x00015a00:  e84e              sd                      s3,16(sp)
0x00015a02:  f406              sd                      ra,40(sp)
0x00015a04:  1800              addi                    s0,sp,48
0x00015a06:  0006d917          auipc                   s2,109                  # 0x82a06
0x00015a0a:  3ca93903          ld                      s2,970(s2)
0x00015a0e:  ff853783          ld                      a5,-8(a0)
0x00015a12:  ff050593          addi                    a1,a0,-16
0x00015a16:  004906b3          add                     a3,s2,tp
0x00015a1a:  0027f713          andi                    a4,a5,2
0x00015a1e:  0006a983          lw                      s3,0(a3)
0x00015a22:  e339              bnez                    a4,70                   # 0x15a68

----------------
IN: __libc_free
0x00015a24:  02020713          addi                    a4,tp,32
0x00015a28:  6714              ld                      a3,8(a4)
0x00015a2a:  ceb5              beqz                    a3,124                  # 0x15aa6

----------------
IN: __libc_free
0x00015a2c:  8b91              andi                    a5,a5,4
0x00015a2e:  0006d517          auipc                   a0,109                  # 0x82a2e
0x00015a32:  72a50513          addi                    a0,a0,1834
0x00015a36:  cf89              beqz                    a5,26                   # 0x15a50

----------------
IN: __libc_free
0x00015a50:  4601              mv                      a2,zero
0x00015a52:  dcdfd0ef          jal                     ra,-8756                # 0x1381e

----------------
IN: _int_free
0x0001381e:  715d              addi                    sp,sp,-80
0x00013820:  e0a2              sd                      s0,64(sp)
0x00013822:  f84a              sd                      s2,48(sp)
0x00013824:  e486              sd                      ra,72(sp)
0x00013826:  fc26              sd                      s1,56(sp)
0x00013828:  0880              addi                    s0,sp,80
0x0001382a:  6598              ld                      a4,8(a1)
0x0001382c:  ff877913          andi                    s2,a4,-8
0x00013830:  412007b3          neg                     a5,s2
0x00013834:  1cb7e563          bgtu                    a1,a5,458               # 0x139fe

----------------
IN: _int_free
0x00013838:  00f5f793          andi                    a5,a1,15
0x0001383c:  84ae              mv                      s1,a1
0x0001383e:  1c079063          bnez                    a5,448                  # 0x139fe

----------------
IN: _int_free
0x00013842:  47fd              addi                    a5,zero,31
0x00013844:  f44e              sd                      s3,40(sp)
0x00013846:  f052              sd                      s4,32(sp)
0x00013848:  ec56              sd                      s5,24(sp)
0x0001384a:  1d27f563          bleu                    s2,a5,458               # 0x13a14

----------------
IN: _int_free
0x0001384e:  00877693          andi                    a3,a4,8
0x00013852:  1c069163          bnez                    a3,450                  # 0x13a14

----------------
IN: _int_free
0x00013856:  02020793          addi                    a5,tp,32
0x0001385a:  8a32              mv                      s4,a2
0x0001385c:  6790              ld                      a2,8(a5)
0x0001385e:  89aa              mv                      s3,a0
0x00013860:  10060563          beqz                    a2,266                  # 0x1396a

----------------
IN: _int_free
0x00013864:  00070597          auipc                   a1,112                  # 0x83864
0x00013868:  85c58593          addi                    a1,a1,-1956
0x0001386c:  75a8              ld                      a0,104(a1)
0x0001386e:  fef90793          addi                    a5,s2,-17
0x00013872:  8391              srli                    a5,a5,4
0x00013874:  00076a97          auipc                   s5,118                  # 0x89874
0x00013878:  d9ca8a93          addi                    s5,s5,-612
0x0001387c:  02a7f263          bleu                    a0,a5,36                # 0x138a0

----------------
IN: _int_free
0x000138a0:  004ac783          lbu                     a5,4(s5)
0x000138a4:  0727eb63          bgtu                    s2,a5,118               # 0x1391a

----------------
IN: _int_free
0x0001391a:  8b09              andi                    a4,a4,2
0x0001391c:  e359              bnez                    a4,134                  # 0x139a2

----------------
IN: _int_free
0x0001391e:  8a022783          lw                      a5,-1888(tp)
0x00013922:  c3f1              beqz                    a5,196                  # 0x139e6

----------------
IN: _int_free
0x000139e6:  6406              ld                      s0,64(sp)
0x000139e8:  7a02              ld                      s4,32(sp)
0x000139ea:  6ae2              ld                      s5,24(sp)
0x000139ec:  60a6              ld                      ra,72(sp)
0x000139ee:  864a              mv                      a2,s2
0x000139f0:  85a6              mv                      a1,s1
0x000139f2:  7942              ld                      s2,48(sp)
0x000139f4:  74e2              ld                      s1,56(sp)
0x000139f6:  854e              mv                      a0,s3
0x000139f8:  79a2              ld                      s3,40(sp)
0x000139fa:  6161              addi                    sp,sp,80
0x000139fc:  b325              j                       -728                    # 0x13724

----------------
IN: _int_free_merge_chunk
0x00013724:  7139              addi                    sp,sp,-64
0x00013726:  f822              sd                      s0,48(sp)
0x00013728:  ec4e              sd                      s3,24(sp)
0x0001372a:  fc06              sd                      ra,56(sp)
0x0001372c:  f426              sd                      s1,40(sp)
0x0001372e:  f04a              sd                      s2,32(sp)
0x00013730:  e852              sd                      s4,16(sp)
0x00013732:  e456              sd                      s5,8(sp)
0x00013734:  0080              addi                    s0,sp,64
0x00013736:  7138              ld                      a4,96(a0)
0x00013738:  00c589b3          add                     s3,a1,a2
0x0001373c:  08b70d63          beq                     a4,a1,154               # 0x137d6

----------------
IN: _int_free_merge_chunk
0x00013740:  415c              lw                      a5,4(a0)
0x00013742:  8aaa              mv                      s5,a0
0x00013744:  84ae              mv                      s1,a1
0x00013746:  8b89              andi                    a5,a5,2
0x00013748:  8932              mv                      s2,a2
0x0001374a:  cfc1              beqz                    a5,152                  # 0x137e2

----------------
IN: _int_free_merge_chunk
0x000137e2:  671c              ld                      a5,8(a4)
0x000137e4:  9be1              andi                    a5,a5,-8
0x000137e6:  973e              add                     a4,a4,a5
0x000137e8:  f6e9e2e3          bgtu                    a4,s3,-156              # 0x1374c

----------------
IN: _int_free_merge_chunk
0x0001374c:  0089b783          ld                      a5,8(s3)
0x00013750:  0017f713          andi                    a4,a5,1
0x00013754:  c355              beqz                    a4,164                  # 0x137f8

----------------
IN: _int_free_merge_chunk
0x00013756:  4741              addi                    a4,zero,16
0x00013758:  ff87fa13          andi                    s4,a5,-8
0x0001375c:  06f77763          bleu                    a5,a4,110               # 0x137ca

----------------
IN: _int_free_merge_chunk
0x00013760:  6785              lui                     a5,1
0x00013762:  97d6              add                     a5,a5,s5
0x00013764:  8887b783          ld                      a5,-1912(a5)
0x00013768:  06fa7163          bleu                    a5,s4,98                # 0x137ca

----------------
IN: _int_free_merge_chunk
0x0001376c:  00076597          auipc                   a1,118                  # 0x8976c
0x00013770:  ea45a583          lw                      a1,-348(a1)
0x00013774:  e9c1              bnez                    a1,144                  # 0x13804

----------------
IN: _int_free_merge_chunk
0x00013776:  649c              ld                      a5,8(s1)
0x00013778:  8b85              andi                    a5,a5,1
0x0001377a:  eb99              bnez                    a5,22                   # 0x13790

----------------
IN: _int_free_merge_chunk
0x0001377c:  609c              ld                      a5,0(s1)
0x0001377e:  8c9d              sub                     s1,s1,a5
0x00013780:  6498              ld                      a4,8(s1)
0x00013782:  993e              add                     s2,s2,a5
0x00013784:  9b61              andi                    a4,a4,-8
0x00013786:  08f71663          bne                     a4,a5,140               # 0x13812

----------------
IN: _int_free_merge_chunk
0x0001378a:  8526              mv                      a0,s1
0x0001378c:  d05fe0ef          jal                     ra,-4860                # 0x12490

----------------
IN: unlink_chunk.isra.0
0x00012490:  1141              addi                    sp,sp,-16
0x00012492:  e022              sd                      s0,0(sp)
0x00012494:  e406              sd                      ra,8(sp)
0x00012496:  0800              addi                    s0,sp,16
0x00012498:  6514              ld                      a3,8(a0)
0x0001249a:  ff86f793          andi                    a5,a3,-8
0x0001249e:  00f50733          add                     a4,a0,a5
0x000124a2:  6318              ld                      a4,0(a4)
0x000124a4:  06e79263          bne                     a5,a4,100               # 0x12508

----------------
IN: unlink_chunk.isra.0
0x000124a8:  691c              ld                      a5,16(a0)
0x000124aa:  6d18              ld                      a4,24(a0)
0x000124ac:  6f90              ld                      a2,24(a5)
0x000124ae:  04c51463          bne                     a0,a2,72                # 0x124f6

----------------
IN: unlink_chunk.isra.0
0x000124b2:  6b10              ld                      a2,16(a4)
0x000124b4:  04c51163          bne                     a0,a2,66                # 0x124f6

----------------
IN: unlink_chunk.isra.0
0x000124b8:  ef98              sd                      a4,24(a5)
0x000124ba:  eb1c              sd                      a5,16(a4)
0x000124bc:  3ff00713          addi                    a4,zero,1023
0x000124c0:  00d77f63          bleu                    a3,a4,30                # 0x124de

----------------
IN: unlink_chunk.isra.0
0x000124de:  60a2              ld                      ra,8(sp)
0x000124e0:  6402              ld                      s0,0(sp)
0x000124e2:  0141              addi                    sp,sp,16
0x000124e4:  8082              ret                     

----------------
IN: _int_free_merge_chunk
0x00013790:  8752              mv                      a4,s4
0x00013792:  86ce              mv                      a3,s3
0x00013794:  864a              mv                      a2,s2
0x00013796:  85a6              mv                      a1,s1
0x00013798:  8556              mv                      a0,s5
0x0001379a:  ecdfe0ef          jal                     ra,-4404                # 0x12666

----------------
IN: _int_free_create_chunk
0x00012666:  7179              addi                    sp,sp,-48
0x00012668:  f022              sd                      s0,32(sp)
0x0001266a:  ec26              sd                      s1,24(sp)
0x0001266c:  e84a              sd                      s2,16(sp)
0x0001266e:  e44e              sd                      s3,8(sp)
0x00012670:  e052              sd                      s4,0(sp)
0x00012672:  f406              sd                      ra,40(sp)
0x00012674:  1800              addi                    s0,sp,48
0x00012676:  713c              ld                      a5,96(a0)
0x00012678:  892a              mv                      s2,a0
0x0001267a:  84ae              mv                      s1,a1
0x0001267c:  8a32              mv                      s4,a2
0x0001267e:  89ba              mv                      s3,a4
0x00012680:  06d78263          beq                     a5,a3,100               # 0x126e4

----------------
IN: _int_free_create_chunk
0x00012684:  00e687b3          add                     a5,a3,a4
0x00012688:  679c              ld                      a5,8(a5)
0x0001268a:  8b85              andi                    a5,a5,1
0x0001268c:  c7b1              beqz                    a5,76                   # 0x126d8

----------------
IN: _int_free_create_chunk
0x000126d8:  8536              mv                      a0,a3
0x000126da:  db7ff0ef          jal                     ra,-586                 # 0x12490

----------------
IN: _int_free_create_chunk
0x000126de:  013a0533          add                     a0,s4,s3
0x000126e2:  bf55              j                       -76                     # 0x12696

----------------
IN: _int_free_create_chunk
0x00012696:  07093703          ld                      a4,112(s2)
0x0001269a:  06090793          addi                    a5,s2,96
0x0001269e:  6f14              ld                      a3,24(a4)
0x000126a0:  06f69163          bne                     a3,a5,98                # 0x12702

----------------
IN: _int_free_create_chunk
0x000126a4:  e898              sd                      a4,16(s1)
0x000126a6:  ec94              sd                      a3,24(s1)
0x000126a8:  3ff00793          addi                    a5,zero,1023
0x000126ac:  00a7f663          bleu                    a0,a5,12                # 0x126b8

----------------
IN: _int_free_create_chunk
0x000126b0:  0204b023          sd                      zero,32(s1)
0x000126b4:  0204b423          sd                      zero,40(s1)
0x000126b8:  06993823          sd                      s1,112(s2)
0x000126bc:  ef04              sd                      s1,24(a4)
0x000126be:  70a2              ld                      ra,40(sp)
0x000126c0:  7402              ld                      s0,32(sp)
0x000126c2:  00156793          ori                     a5,a0,1
0x000126c6:  e49c              sd                      a5,8(s1)
0x000126c8:  94aa              add                     s1,s1,a0
0x000126ca:  e088              sd                      a0,0(s1)
0x000126cc:  6942              ld                      s2,16(sp)
0x000126ce:  64e2              ld                      s1,24(sp)
0x000126d0:  69a2              ld                      s3,8(sp)
0x000126d2:  6a02              ld                      s4,0(sp)
0x000126d4:  6145              addi                    sp,sp,48
0x000126d6:  8082              ret                     

----------------
IN: _int_free_merge_chunk
0x0001379e:  67c1              lui                     a5,16
0x000137a0:  00f57b63          bleu                    a5,a0,22                # 0x137b6

----------------
IN: _int_free_merge_chunk
0x000137a4:  70e2              ld                      ra,56(sp)
0x000137a6:  7442              ld                      s0,48(sp)
0x000137a8:  74a2              ld                      s1,40(sp)
0x000137aa:  7902              ld                      s2,32(sp)
0x000137ac:  69e2              ld                      s3,24(sp)
0x000137ae:  6a42              ld                      s4,16(sp)
0x000137b0:  6aa2              ld                      s5,8(sp)
0x000137b2:  6121              addi                    sp,sp,64
0x000137b4:  8082              ret                     

----------------
IN: __libc_free
0x00015a56:  70a2              ld                      ra,40(sp)
0x00015a58:  7402              ld                      s0,32(sp)
0x00015a5a:  9912              add                     s2,s2,tp
0x00015a5c:  01392023          sw                      s3,0(s2)
0x00015a60:  6962              ld                      s2,24(sp)
0x00015a62:  69c2              ld                      s3,16(sp)
0x00015a64:  6145              addi                    sp,sp,48
0x00015a66:  8082              ret                     

----------------
IN: main
0x000105e4:  8556              mv                      a0,s5
0x000105e6:  412050ef          jal                     ra,21522                # 0x159f8

----------------
IN: unlink_chunk.isra.0
0x000124c4:  7118              ld                      a4,32(a0)
0x000124c6:  cf01              beqz                    a4,24                   # 0x124de

----------------
IN: main
0x000105ea:  8552              mv                      a0,s4
0x000105ec:  40c050ef          jal                     ra,21516                # 0x159f8

----------------
IN: main
0x000105f0:  855a              mv                      a0,s6
0x000105f2:  406050ef          jal                     ra,21510                # 0x159f8

----------------
IN: _int_free_create_chunk
0x0001268e:  669c              ld                      a5,8(a3)
0x00012690:  8532              mv                      a0,a2
0x00012692:  9bf9              andi                    a5,a5,-2
0x00012694:  e69c              sd                      a5,8(a3)
0x00012696:  07093703          ld                      a4,112(s2)
0x0001269a:  06090793          addi                    a5,s2,96
0x0001269e:  6f14              ld                      a3,24(a4)
0x000126a0:  06f69163          bne                     a3,a5,98                # 0x12702

----------------
IN: main
0x000105f6:  60a6              ld                      ra,72(sp)
0x000105f8:  00144513          xori                    a0,s0,1
0x000105fc:  6406              ld                      s0,64(sp)
0x000105fe:  74e2              ld                      s1,56(sp)
0x00010600:  7942              ld                      s2,48(sp)
0x00010602:  79a2              ld                      s3,40(sp)
0x00010604:  7a02              ld                      s4,32(sp)
0x00010606:  6ae2              ld                      s5,24(sp)
0x00010608:  6b42              ld                      s6,16(sp)
0x0001060a:  6ba2              ld                      s7,8(sp)
0x0001060c:  6c02              ld                      s8,0(sp)
0x0001060e:  2501              sext.w                  a0,a0
0x00010610:  6161              addi                    sp,sp,80
0x00010612:  8082              ret                     

----------------
IN: __libc_start_call_main
0x0001088c:  187000ef          jal                     ra,2438                 # 0x11212

----------------
IN: exit
0x00011212:  1141              addi                    sp,sp,-16
0x00011214:  e022              sd                      s0,0(sp)
0x00011216:  e406              sd                      ra,8(sp)
0x00011218:  0800              addi                    s0,sp,16
0x0001121a:  4685              addi                    a3,zero,1
0x0001121c:  4605              addi                    a2,zero,1
0x0001121e:  00072597          auipc                   a1,114                  # 0x8321e
0x00011222:  de258593          addi                    a1,a1,-542
0x00011226:  e09ff0ef          jal                     ra,-504                 # 0x1102e

----------------
IN: __run_exit_handlers
0x0001102e:  7175              addi                    sp,sp,-144
0x00011030:  e122              sd                      s0,128(sp)
0x00011032:  f86a              sd                      s10,48(sp)
0x00011034:  0900              addi                    s0,sp,144
0x00011036:  e506              sd                      ra,136(sp)
0x00011038:  fca6              sd                      s1,120(sp)
0x0001103a:  f8ca              sd                      s2,112(sp)
0x0001103c:  f4ce              sd                      s3,104(sp)
0x0001103e:  f0d2              sd                      s4,96(sp)
0x00011040:  ecd6              sd                      s5,88(sp)
0x00011042:  e8da              sd                      s6,80(sp)
0x00011044:  e4de              sd                      s7,72(sp)
0x00011046:  e0e2              sd                      s8,64(sp)
0x00011048:  fc66              sd                      s9,56(sp)
0x0001104a:  f46e              sd                      s11,40(sp)
0x0001104c:  f8b43423          sd                      a1,-120(s0)
0x00011050:  f6c43823          sd                      a2,-144(s0)
0x00011054:  8d2a              mv                      s10,a0
0x00011056:  c699              beqz                    a3,14                   # 0x11064

----------------
IN: __run_exit_handlers
0x00011058:  00072797          auipc                   a5,114                  # 0x83058
0x0001105c:  f487b783          ld                      a5,-184(a5)
0x00011060:  c391              beqz                    a5,4                    # 0x11064

----------------
IN: __run_exit_handlers
0x00011064:  00072497          auipc                   s1,114                  # 0x83064
0x00011068:  c8c4b483          ld                      s1,-884(s1)
0x0001106c:  4705              addi                    a4,zero,1
0x0001106e:  1404a7af          lr.w.aq                 a5,(s1)
0x00011072:  e781              bnez                    a5,8                    # 0x1107a

----------------
IN: __run_exit_handlers
0x00011074:  18e4a6af          sc.w                    a3,a4,(s1)
0x00011078:  fafd              bnez                    a3,-10                  # 0x1106e

----------------
IN: __run_exit_handlers
0x0001107a:  2781              sext.w                  a5,a5
0x0001107c:  18079763          bnez                    a5,398                  # 0x1120a

----------------
IN: __run_exit_handlers
0x00011080:  f8843783          ld                      a5,-120(s0)
0x00011084:  0007bd83          ld                      s11,0(a5)
0x00011088:  060d8963          beqz                    s11,114                 # 0x110fa

----------------
IN: __run_exit_handlers
0x0001108c:  0a018913          addi                    s2,gp,160
0x00011090:  4a0d              addi                    s4,zero,3
0x00011092:  4c01              mv                      s8,zero
0x00011094:  4b85              addi                    s7,zero,1
0x00011096:  4b05              addi                    s6,zero,1
0x00011098:  4a91              addi                    s5,zero,4
0x0001109a:  4c89              addi                    s9,zero,2
0x0001109c:  008db783          ld                      a5,8(s11)
0x000110a0:  c7ed              beqz                    a5,234                  # 0x1118a

----------------
IN: __run_exit_handlers
0x000110a2:  17fd              addi                    a5,a5,-1
0x000110a4:  00579713          slli                    a4,a5,5
0x000110a8:  00fdb423          sd                      a5,8(s11)
0x000110ac:  00ed87b3          add                     a5,s11,a4
0x000110b0:  6b98              ld                      a4,16(a5)
0x000110b2:  00093983          ld                      s3,0(s2)
0x000110b6:  0b470363          beq                     a4,s4,166               # 0x1115c

----------------
IN: __run_exit_handlers
0x000110ba:  07570563          beq                     a4,s5,106               # 0x11124

----------------
IN: __run_exit_handlers
0x00011124:  6f98              ld                      a4,24(a5)
0x00011126:  7390              ld                      a2,32(a5)
0x00011128:  0007b823          sd                      zero,16(a5)
0x0001112c:  87e2              mv                      a5,s8
0x0001112e:  0af4a7af          amoswap.w.rl            a5,a5,(s1)
0x00011132:  2781              sext.w                  a5,a5
0x00011134:  0afbc563          bgt                     a5,s7,170               # 0x111de

----------------
IN: __run_exit_handlers
0x00011138:  85ea              mv                      a1,s10
0x0001113a:  8532              mv                      a0,a2
0x0001113c:  9702              jalr                    ra,a4,0

----------------
IN: call_fini
0x000107fc:  1101              addi                    sp,sp,-32
0x000107fe:  e426              sd                      s1,8(sp)
0x00010800:  0006f797          auipc                   a5,111                  # 0x7f800
0x00010804:  ba878793          addi                    a5,a5,-1112
0x00010808:  0006f497          auipc                   s1,111                  # 0x7f808
0x0001080c:  bb048493          addi                    s1,s1,-1104
0x00010810:  e822              sd                      s0,16(sp)
0x00010812:  e04a              sd                      s2,0(sp)
0x00010814:  ec06              sd                      ra,24(sp)
0x00010816:  1000              addi                    s0,sp,32
0x00010818:  8c9d              sub                     s1,s1,a5
0x0001081a:  4034d913          srai                    s2,s1,3
0x0001081e:  00090a63          beqz                    s2,20                   # 0x10832

----------------
IN: call_fini
0x00010822:  14e1              addi                    s1,s1,-8
0x00010824:  94be              add                     s1,s1,a5
0x00010826:  609c              ld                      a5,0(s1)
0x00010828:  197d              addi                    s2,s2,-1
0x0001082a:  14e1              addi                    s1,s1,-8
0x0001082c:  9782              jalr                    ra,a5,0

----------------
IN: release_registered_frames
0x00010462:  1141              addi                    sp,sp,-16
0x00010464:  e406              sd                      ra,8(sp)
0x00010466:  e022              sd                      s0,0(sp)
0x00010468:  0800              addi                    s0,sp,16
0x0001046a:  0007a517          auipc                   a0,122                  # 0x8a46a
0x0001046e:  8a650513          addi                    a0,a0,-1882
0x00010472:  fb5ff0ef          jal                     ra,-76                  # 0x10426

----------------
IN: btree_destroy
0x00010426:  1101              addi                    sp,sp,-32
0x00010428:  e822              sd                      s0,16(sp)
0x0001042a:  e04a              sd                      s2,0(sp)
0x0001042c:  ec06              sd                      ra,24(sp)
0x0001042e:  e426              sd                      s1,8(sp)
0x00010430:  1000              addi                    s0,sp,32
0x00010432:  892a              mv                      s2,a0
0x00010434:  4581              mv                      a1,zero
0x00010436:  0eb535af          amoswap.d.aq.rl         a1,a1,(a0)
0x0001043a:  e18d              bnez                    a1,34                   # 0x1045c

----------------
IN: btree_destroy
0x0001045c:  f51ff0ef          jal                     ra,-176                 # 0x103ac

----------------
IN: btree_release_tree_recursively
0x000103ac:  7179              addi                    sp,sp,-48
0x000103ae:  f022              sd                      s0,32(sp)
0x000103b0:  ec26              sd                      s1,24(sp)
0x000103b2:  e84a              sd                      s2,16(sp)
0x000103b4:  e44e              sd                      s3,8(sp)
0x000103b6:  f406              sd                      ra,40(sp)
0x000103b8:  1800              addi                    s0,sp,48
0x000103ba:  84ae              mv                      s1,a1
0x000103bc:  89aa              mv                      s3,a0
0x000103be:  852e              mv                      a0,a1
0x000103c0:  2c8400ef          jal                     ra,262856               # 0x50688

----------------
IN: version_lock_lock_exclusive
0x00050688:  7139              addi                    sp,sp,-64
0x0005068a:  f822              sd                      s0,48(sp)
0x0005068c:  f426              sd                      s1,40(sp)
0x0005068e:  fc06              sd                      ra,56(sp)
0x00050690:  0080              addi                    s0,sp,64
0x00050692:  84aa              mv                      s1,a0
0x00050694:  0330000f          fence                   rw,rw
0x00050698:  611c              ld                      a5,0(a0)
0x0005069a:  0230000f          fence                   r,rw
0x0005069e:  0017f713          andi                    a4,a5,1
0x000506a2:  e30d              bnez                    a4,34                   # 0x506c4

----------------
IN: version_lock_lock_exclusive
0x000506a4:  0017e693          ori                     a3,a5,1
0x000506a8:  1605372f          lr.d.aq.rl              a4,(a0)
0x000506ac:  00f71563          bne                     a4,a5,10                # 0x506b6

----------------
IN: version_lock_lock_exclusive
0x000506b0:  1ad5362f          sc.d.rl                 a2,a3,(a0)
0x000506b4:  fa75              bnez                    a2,-12                  # 0x506a8

----------------
IN: version_lock_lock_exclusive
0x000506b6:  00f71763          bne                     a4,a5,14                # 0x506c4

----------------
IN: version_lock_lock_exclusive
0x000506ba:  70e2              ld                      ra,56(sp)
0x000506bc:  7442              ld                      s0,48(sp)
0x000506be:  74a2              ld                      s1,40(sp)
0x000506c0:  6121              addi                    sp,sp,64
0x000506c2:  8082              ret                     

----------------
IN: btree_release_tree_recursively
0x000103c4:  00c4a903          lw                      s2,12(s1)
0x000103c8:  02091163          bnez                    s2,34                   # 0x103ea

----------------
IN: btree_release_tree_recursively
0x000103ea:  4789              addi                    a5,zero,2
0x000103ec:  c4dc              sw                      a5,12(s1)
0x000103ee:  00898713          addi                    a4,s3,8
0x000103f2:  0330000f          fence                   rw,rw
0x000103f6:  631c              ld                      a5,0(a4)
0x000103f8:  0230000f          fence                   r,rw
0x000103fc:  ec9c              sd                      a5,24(s1)
0x000103fe:  160736af          lr.d.aq.rl              a3,(a4)
0x00010402:  00f69563          bne                     a3,a5,10                # 0x1040c

----------------
IN: btree_release_tree_recursively
0x00010406:  1a97362f          sc.d.rl                 a2,s1,(a4)
0x0001040a:  fa75              bnez                    a2,-12                  # 0x103fe

----------------
IN: btree_release_tree_recursively
0x0001040c:  40f68633          sub                     a2,a3,a5
0x00010410:  87b6              mv                      a5,a3
0x00010412:  f66d              bnez                    a2,-22                  # 0x103fc

----------------
IN: btree_release_tree_recursively
0x00010414:  7402              ld                      s0,32(sp)
0x00010416:  70a2              ld                      ra,40(sp)
0x00010418:  6942              ld                      s2,16(sp)
0x0001041a:  69a2              ld                      s3,8(sp)
0x0001041c:  8526              mv                      a0,s1
0x0001041e:  64e2              ld                      s1,24(sp)
0x00010420:  6145              addi                    sp,sp,48
0x00010422:  0a34006f          j                       264354                  # 0x50cc4

----------------
IN: version_lock_unlock_exclusive
0x00050cc4:  0330000f          fence                   rw,rw
0x00050cc8:  611c              ld                      a5,0(a0)
0x00050cca:  0230000f          fence                   r,rw
0x00050cce:  0791              addi                    a5,a5,4
0x00050cd0:  9bf1              andi                    a5,a5,-4
0x00050cd2:  0ef537af          amoswap.d.aq.rl         a5,a5,(a0)
0x00050cd6:  8b89              andi                    a5,a5,2
0x00050cd8:  e391              bnez                    a5,4                    # 0x50cdc

----------------
IN: version_lock_unlock_exclusive
0x00050cda:  8082              ret                     

----------------
IN: btree_destroy
0x00010460:  bff1              j                       -36                     # 0x1043c

----------------
IN: btree_destroy
0x0001043c:  00893483          ld                      s1,8(s2)
0x00010440:  c881              beqz                    s1,16                   # 0x10450

----------------
IN: btree_destroy
0x00010442:  8526              mv                      a0,s1
0x00010444:  6c84              ld                      s1,24(s1)
0x00010446:  5b2050ef          jal                     ra,21938                # 0x159f8

----------------
IN: _int_free
0x00013880:  008ab883          ld                      a7,8(s5)
0x00013884:  0184b303          ld                      t1,24(s1)
0x00013888:  7da8              ld                      a0,120(a1)
0x0001388a:  01048813          addi                    a6,s1,16
0x0001388e:  23130763          beq                     t1,a7,558               # 0x13abc

----------------
IN: _int_free
0x00013892:  00179693          slli                    a3,a5,1
0x00013896:  96b2              add                     a3,a3,a2
0x00013898:  0006d583          lhu                     a1,0(a3)
0x0001389c:  10a5ee63          bgtu                    a0,a1,284               # 0x139b8

----------------
IN: _int_free
0x000139b8:  078e              slli                    a5,a5,3
0x000139ba:  963e              add                     a2,a2,a5
0x000139bc:  625c              ld                      a5,128(a2)
0x000139be:  00c85713          srli                    a4,a6,12
0x000139c2:  0114bc23          sd                      a7,24(s1)
0x000139c6:  8fb9              xor                     a5,a5,a4
0x000139c8:  e89c              sd                      a5,16(s1)
0x000139ca:  09063023          sd                      a6,128(a2)
0x000139ce:  2585              addiw                   a1,a1,1
0x000139d0:  00b69023          sh                      a1,0(a3)
0x000139d4:  60a6              ld                      ra,72(sp)
0x000139d6:  6406              ld                      s0,64(sp)
0x000139d8:  79a2              ld                      s3,40(sp)
0x000139da:  7a02              ld                      s4,32(sp)
0x000139dc:  6ae2              ld                      s5,24(sp)
0x000139de:  74e2              ld                      s1,56(sp)
0x000139e0:  7942              ld                      s2,48(sp)
0x000139e2:  6161              addi                    sp,sp,80
0x000139e4:  8082              ret                     

----------------
IN: btree_destroy
0x0001044a:  00993423          sd                      s1,8(s2)
0x0001044e:  f8f5              bnez                    s1,-12                  # 0x10442

----------------
IN: btree_destroy
0x00010450:  60e2              ld                      ra,24(sp)
0x00010452:  6442              ld                      s0,16(sp)
0x00010454:  64a2              ld                      s1,8(sp)
0x00010456:  6902              ld                      s2,0(sp)
0x00010458:  6105              addi                    sp,sp,32
0x0001045a:  8082              ret                     

----------------
IN: release_registered_frames
0x00010476:  0007a517          auipc                   a0,122                  # 0x8a476
0x0001047a:  88250513          addi                    a0,a0,-1918
0x0001047e:  fa9ff0ef          jal                     ra,-88                  # 0x10426

----------------
IN: release_registered_frames
0x00010482:  60a2              ld                      ra,8(sp)
0x00010484:  6402              ld                      s0,0(sp)
0x00010486:  4785              addi                    a5,zero,1
0x00010488:  0007a717          auipc                   a4,122                  # 0x8a488
0x0001048c:  8af70023          sb                      a5,-1888(a4)
0x00010490:  0141              addi                    sp,sp,16
0x00010492:  8082              ret                     

----------------
IN: call_fini
0x0001082e:  fe091ce3          bnez                    s2,-8                   # 0x10826

----------------
IN: call_fini
0x00010826:  609c              ld                      a5,0(s1)
0x00010828:  197d              addi                    s2,s2,-1
0x0001082a:  14e1              addi                    s1,s1,-8
0x0001082c:  9782              jalr                    ra,a5,0

----------------
IN: 
0x000106ae:  1101              addi                    sp,sp,-32
0x000106b0:  e822              sd                      s0,16(sp)
0x000106b2:  e426              sd                      s1,8(sp)
0x000106b4:  ec06              sd                      ra,24(sp)
0x000106b6:  1000              addi                    s0,sp,32
0x000106b8:  000854b7          lui                     s1,133
0x000106bc:  9504c783          lbu                     a5,-1712(s1)
0x000106c0:  e38d              bnez                    a5,34                   # 0x106e2

----------------
IN: 
0x000106c2:  f83ff0ef          jal                     ra,-126                 # 0x10644

----------------
IN: 
0x00010644:  1141              addi                    sp,sp,-16
0x00010646:  e422              sd                      s0,8(sp)
0x00010648:  00085537          lui                     a0,133
0x0001064c:  0800              addi                    s0,sp,16
0x0001064e:  00085737          lui                     a4,133
0x00010652:  94850793          addi                    a5,a0,-1720
0x00010656:  94870713          addi                    a4,a4,-1720
0x0001065a:  00f70a63          beq                     a4,a5,20                # 0x1066e

----------------
IN: 
0x0001066e:  6422              ld                      s0,8(sp)
0x00010670:  0141              addi                    sp,sp,16
0x00010672:  8082              ret                     

----------------
IN: 
0x000106c6:  000527b7          lui                     a5,82
0x000106ca:  65a78793          addi                    a5,a5,1626
0x000106ce:  c799              beqz                    a5,14                   # 0x106dc

----------------
IN: 
0x000106d0:  0006e537          lui                     a0,110
0x000106d4:  5b850513          addi                    a0,a0,1464
0x000106d8:  783410ef          jal                     ra,270210               # 0x5265a

----------------
IN: __deregister_frame_info
0x0005265a:  1141              addi                    sp,sp,-16
0x0005265c:  e422              sd                      s0,8(sp)
0x0005265e:  0800              addi                    s0,sp,16
0x00052660:  c519              beqz                    a0,14                   # 0x5266e

----------------
IN: __deregister_frame_info
0x00052662:  411c              lw                      a5,0(a0)
0x00052664:  c789              beqz                    a5,10                   # 0x5266e

----------------
IN: __deregister_frame_info
0x00052666:  6422              ld                      s0,8(sp)
0x00052668:  0141              addi                    sp,sp,16
0x0005266a:  e90ff06f          j                       -2416                   # 0x51cfa

----------------
IN: __deregister_frame_info_bases.part.0
0x00051cfa:  7179              addi                    sp,sp,-48
0x00051cfc:  f022              sd                      s0,32(sp)
0x00051cfe:  ec26              sd                      s1,24(sp)
0x00051d00:  f406              sd                      ra,40(sp)
0x00051d02:  1800              addi                    s0,sp,48
0x00051d04:  85aa              mv                      a1,a0
0x00051d06:  00038517          auipc                   a0,56                   # 0x89d06
0x00051d0a:  ff250513          addi                    a0,a0,-14
0x00051d0e:  d6aff0ef          jal                     ra,-2710                # 0x51278

----------------
IN: btree_remove
0x00051278:  7159              addi                    sp,sp,-112
0x0005127a:  f0a2              sd                      s0,96(sp)
0x0005127c:  eca6              sd                      s1,88(sp)
0x0005127e:  e8ca              sd                      s2,80(sp)
0x00051280:  f45e              sd                      s7,40(sp)
0x00051282:  f062              sd                      s8,32(sp)
0x00051284:  f486              sd                      ra,104(sp)
0x00051286:  1880              addi                    s0,sp,112
0x00051288:  01050493          addi                    s1,a0,16
0x0005128c:  892a              mv                      s2,a0
0x0005128e:  8526              mv                      a0,s1
0x00051290:  8c2e              mv                      s8,a1
0x00051292:  bf6ff0ef          jal                     ra,-3082                # 0x50688

----------------
IN: btree_remove
0x00051296:  00093b83          ld                      s7,0(s2)
0x0005129a:  5a0b8563          beqz                    s7,1450                 # 0x51844

----------------
IN: btree_remove
0x00051844:  8526              mv                      a0,s1
0x00051846:  c7eff0ef          jal                     ra,-2946                # 0x50cc4

----------------
IN: btree_remove
0x0005184a:  4481              mv                      s1,zero
0x0005184c:  b965              j                       -840                    # 0x51504

----------------
IN: btree_remove
0x00051504:  70a6              ld                      ra,104(sp)
0x00051506:  7406              ld                      s0,96(sp)
0x00051508:  6946              ld                      s2,80(sp)
0x0005150a:  7ba2              ld                      s7,40(sp)
0x0005150c:  7c02              ld                      s8,32(sp)
0x0005150e:  8526              mv                      a0,s1
0x00051510:  64e6              ld                      s1,88(sp)
0x00051512:  6165              addi                    sp,sp,112
0x00051514:  8082              ret                     

----------------
IN: __deregister_frame_info_bases.part.0
0x00051d12:  84aa              mv                      s1,a0
0x00051d14:  cd15              beqz                    a0,60                   # 0x51d50

----------------
IN: __deregister_frame_info_bases.part.0
0x00051d50:  00038797          auipc                   a5,56                   # 0x89d50
0x00051d54:  fd87c783          lbu                     a5,-40(a5)
0x00051d58:  ffe1              bnez                    a5,-40                  # 0x51d30

----------------
IN: __deregister_frame_info_bases.part.0
0x00051d30:  70a2              ld                      ra,40(sp)
0x00051d32:  7402              ld                      s0,32(sp)
0x00051d34:  8526              mv                      a0,s1
0x00051d36:  64e2              ld                      s1,24(sp)
0x00051d38:  6145              addi                    sp,sp,48
0x00051d3a:  8082              ret                     

----------------
IN: 
0x000106dc:  4785              addi                    a5,zero,1
0x000106de:  94f48823          sb                      a5,-1712(s1)
0x000106e2:  60e2              ld                      ra,24(sp)
0x000106e4:  6442              ld                      s0,16(sp)
0x000106e6:  64a2              ld                      s1,8(sp)
0x000106e8:  6105              addi                    sp,sp,32
0x000106ea:  8082              ret                     

----------------
IN: call_fini
0x00010832:  60e2              ld                      ra,24(sp)
0x00010834:  6442              ld                      s0,16(sp)
0x00010836:  64a2              ld                      s1,8(sp)
0x00010838:  6902              ld                      s2,0(sp)
0x0001083a:  6105              addi                    sp,sp,32
0x0001083c:  8082              ret                     

----------------
IN: __run_exit_handlers
0x0001113e:  1404a7af          lr.w.aq                 a5,(s1)
0x00011142:  e781              bnez                    a5,8                    # 0x1114a

----------------
IN: __run_exit_handlers
0x00011144:  1964a72f          sc.w                    a4,s6,(s1)
0x00011148:  fb7d              bnez                    a4,-10                  # 0x1113e

----------------
IN: __run_exit_handlers
0x0001114a:  2781              sext.w                  a5,a5
0x0001114c:  dfc9              beqz                    a5,-102                 # 0x110e6

----------------
IN: __run_exit_handlers
0x000110e6:  00093783          ld                      a5,0(s2)
0x000110ea:  fb3789e3          beq                     a5,s3,-78               # 0x1109c

----------------
IN: __run_exit_handlers
0x0001109c:  008db783          ld                      a5,8(s11)
0x000110a0:  c7ed              beqz                    a5,234                  # 0x1118a

----------------
IN: __run_exit_handlers
0x0001118a:  000db783          ld                      a5,0(s11)
0x0001118e:  f8843703          ld                      a4,-120(s0)
0x00011192:  e31c              sd                      a5,0(a4)
0x00011194:  d3bd              beqz                    a5,-154                 # 0x110fa

----------------
IN: __run_exit_handlers
0x000110fa:  4705              addi                    a4,zero,1
0x000110fc:  4ce18023          sb                      a4,1216(gp)
0x00011100:  4781              mv                      a5,zero
0x00011102:  0af4a7af          amoswap.w.rl            a5,a5,(s1)
0x00011106:  2781              sext.w                  a5,a5
0x00011108:  0ef74a63          bgt                     a5,a4,244               # 0x111fc

----------------
IN: __run_exit_handlers
0x0001110c:  f7043783          ld                      a5,-144(s0)
0x00011110:  c799              beqz                    a5,14                   # 0x1111e

----------------
IN: __run_exit_handlers
0x00011112:  00072797          auipc                   a5,114                  # 0x83112
0x00011116:  c7e7b783          ld                      a5,-898(a5)
0x0001111a:  c391              beqz                    a5,4                    # 0x1111e

----------------
IN: __run_exit_handlers
0x0001111c:  9782              jalr                    ra,a5,0

----------------
IN: _IO_cleanup
0x00021f6c:  7135              addi                    sp,sp,-160
0x00021f6e:  ed06              sd                      ra,152(sp)
0x00021f70:  e922              sd                      s0,144(sp)
0x00021f72:  e526              sd                      s1,136(sp)
0x00021f74:  1100              addi                    s0,sp,160
0x00021f76:  fcce              sd                      s3,120(sp)
0x00021f78:  f4d6              sd                      s5,104(sp)
0x00021f7a:  f0da              sd                      s6,96(sp)
0x00021f7c:  e0ea              sd                      s10,64(sp)
0x00021f7e:  00061a97          auipc                   s5,97                   # 0x82f7e
0x00021f82:  c92aba83          ld                      s5,-878(s5)
0x00021f86:  000ab783          ld                      a5,0(s5)
0x00021f8a:  f8f43423          sd                      a5,-120(s0)
0x00021f8e:  4781              mv                      a5,zero
0x00021f90:  ad1ff0ef          jal                     ra,-1328                # 0x21a60

----------------
IN: _IO_flush_all
0x00021a60:  7135              addi                    sp,sp,-160
0x00021a62:  e922              sd                      s0,144(sp)
0x00021a64:  e526              sd                      s1,136(sp)
0x00021a66:  1100              addi                    s0,sp,160
0x00021a68:  fcce              sd                      s3,120(sp)
0x00021a6a:  f0da              sd                      s6,96(sp)
0x00021a6c:  ecde              sd                      s7,88(sp)
0x00021a6e:  fc6e              sd                      s11,56(sp)
0x00021a70:  ed06              sd                      ra,152(sp)
0x00021a72:  00061b17          auipc                   s6,97                   # 0x82a72
0x00021a76:  19eb3b03          ld                      s6,414(s6)
0x00021a7a:  000b3783          ld                      a5,0(s6)
0x00021a7e:  f8f43423          sd                      a5,-120(s0)
0x00021a82:  4781              mv                      a5,zero
0x00021a84:  f6840b93          addi                    s7,s0,-152
0x00021a88:  fffff797          auipc                   a5,-1                   # 0x20a88
0x00021a8c:  c9678793          addi                    a5,a5,-874
0x00021a90:  855e              mv                      a0,s7
0x00021a92:  f6f43423          sd                      a5,-152(s0)
0x00021a96:  f6043823          sd                      zero,-144(s0)
0x00021a9a:  232010ef          jal                     ra,4658                 # 0x22ccc

----------------
IN: __libc_cleanup_push_defer
0x00022ccc:  1141              addi                    sp,sp,-16
0x00022cce:  e422              sd                      s0,8(sp)
0x00022cd0:  0800              addi                    s0,sp,16
0x00022cd2:  99823783          ld                      a5,-1640(tp)
0x00022cd6:  8712              mv                      a4,tp
0x00022cd8:  9a820613          addi                    a2,tp,-1624
0x00022cdc:  ed1c              sd                      a5,24(a0)
0x00022cde:  421c              lw                      a5,0(a2)
0x00022ce0:  0027f693          andi                    a3,a5,2
0x00022ce4:  2781              sext.w                  a5,a5
0x00022ce6:  ea91              bnez                    a3,20                   # 0x22cfa

----------------
IN: __libc_cleanup_push_defer
0x00022ce8:  4017d79b          sraiw                   a5,a5,1
0x00022cec:  6422              ld                      s0,8(sp)
0x00022cee:  8b85              andi                    a5,a5,1
0x00022cf0:  c91c              sw                      a5,16(a0)
0x00022cf2:  98a73c23          sd                      a0,-1640(a4)
0x00022cf6:  0141              addi                    sp,sp,16
0x00022cf8:  8082              ret                     

----------------
IN: _IO_flush_all
0x00021a9e:  8a022983          lw                      s3,-1888(tp)
0x00021aa2:  00068d97          auipc                   s11,104                 # 0x89aa2
0x00021aa6:  d5ed8d93          addi                    s11,s11,-674
0x00021aaa:  010db783          ld                      a5,16(s11)
0x00021aae:  8a020493          addi                    s1,tp,-1888
0x00021ab2:  00099463          bnez                    s3,8                    # 0x21aba

----------------
IN: _IO_flush_all
0x00021ab6:  18078463          beqz                    a5,392                  # 0x21c3e

----------------
IN: _IO_flush_all
0x00021c3e:  4785              addi                    a5,zero,1
0x00021c40:  009db823          sd                      s1,16(s11)
0x00021c44:  00fda423          sw                      a5,8(s11)
0x00021c48:  00062497          auipc                   s1,98                   # 0x83c48
0x00021c4c:  3c04b483          ld                      s1,960(s1)
0x00021c50:  e8049be3          bnez                    s1,-362                 # 0x21ae6

----------------
IN: _IO_flush_all
0x00021ae6:  e14a              sd                      s2,128(sp)
0x00021ae8:  6905              lui                     s2,1
0x00021aea:  f8d2              sd                      s4,112(sp)
0x00021aec:  f4d6              sd                      s5,104(sp)
0x00021aee:  e8e2              sd                      s8,80(sp)
0x00021af0:  e0ea              sd                      s10,64(sp)
0x00021af2:  e4e6              sd                      s9,72(sp)
0x00021af4:  4981              mv                      s3,zero
0x00021af6:  6d21              lui                     s10,8
0x00021af8:  4a85              addi                    s5,zero,1
0x00021afa:  00060a17          auipc                   s4,96                   # 0x81afa
0x00021afe:  24ea0a13          addi                    s4,s4,590
0x00021b02:  92f90913          addi                    s2,s2,-1745
0x00021b06:  4c05              addi                    s8,zero,1
0x00021b08:  409c              lw                      a5,0(s1)
0x00021b0a:  009db023          sd                      s1,0(s11)
0x00021b0e:  01a7f7b3          and                     a5,a5,s10
0x00021b12:  03079713          slli                    a4,a5,48
0x00021b16:  02074863          bltz                    a4,48                   # 0x21b46

----------------
IN: _IO_flush_all
0x00021b1a:  64c8              ld                      a0,136(s1)
0x00021b1c:  8a022703          lw                      a4,-1888(tp)
0x00021b20:  8a020c93          addi                    s9,tp,-1888
0x00021b24:  651c              ld                      a5,8(a0)
0x00021b26:  e311              bnez                    a4,4                    # 0x21b2a

----------------
IN: _IO_flush_all
0x00021b28:  c3f1              beqz                    a5,196                  # 0x21bec

----------------
IN: _IO_flush_all
0x00021bec:  4785              addi                    a5,zero,1
0x00021bee:  c11c              sw                      a5,0(a0)
0x00021bf0:  0c04a783          lw                      a5,192(s1)
0x00021bf4:  01953423          sd                      s9,8(a0)
0x00021bf8:  f4f04be3          bgtz                    a5,-170                 # 0x21b4e

----------------
IN: _IO_flush_all
0x00021bfc:  7498              ld                      a4,40(s1)
0x00021bfe:  709c              ld                      a5,32(s1)
0x00021c00:  f6e7fbe3          bleu                    a4,a5,-138              # 0x21b76

----------------
IN: _IO_flush_all
0x00021b76:  409c              lw                      a5,0(s1)
0x00021b78:  01a7f7b3          and                     a5,a5,s10
0x00021b7c:  03079713          slli                    a4,a5,48
0x00021b80:  00074c63          bltz                    a4,24                   # 0x21b98

----------------
IN: _IO_flush_all
0x00021b84:  64c8              ld                      a0,136(s1)
0x00021b86:  8a022703          lw                      a4,-1888(tp)
0x00021b8a:  4154              lw                      a3,4(a0)
0x00021b8c:  eb49              bnez                    a4,146                  # 0x21c1e

----------------
IN: _IO_flush_all
0x00021b8e:  e6c1              bnez                    a3,136                  # 0x21c16

----------------
IN: _IO_flush_all
0x00021b90:  00053423          sd                      zero,8(a0)
0x00021b94:  00052023          sw                      zero,0(a0)
0x00021b98:  74a4              ld                      s1,104(s1)
0x00021b9a:  00068797          auipc                   a5,104                  # 0x89b9a
0x00021b9e:  c607b323          sd                      zero,-922(a5)
0x00021ba2:  f0bd              bnez                    s1,-154                 # 0x21b08

----------------
IN: _IO_flush_all
0x00021b08:  409c              lw                      a5,0(s1)
0x00021b0a:  009db023          sd                      s1,0(s11)
0x00021b0e:  01a7f7b3          and                     a5,a5,s10
0x00021b12:  03079713          slli                    a4,a5,48
0x00021b16:  02074863          bltz                    a4,48                   # 0x21b46

----------------
IN: _IO_flush_all
0x00021ba4:  690a              ld                      s2,128(sp)
0x00021ba6:  7a46              ld                      s4,112(sp)
0x00021ba8:  7aa6              ld                      s5,104(sp)
0x00021baa:  6c46              ld                      s8,80(sp)
0x00021bac:  6ca6              ld                      s9,72(sp)
0x00021bae:  6d06              ld                      s10,64(sp)
0x00021bb0:  8a022703          lw                      a4,-1888(tp)
0x00021bb4:  00cda683          lw                      a3,12(s11)
0x00021bb8:  cf51              beqz                    a4,156                  # 0x21c54

----------------
IN: _IO_flush_all
0x00021c54:  00cda683          lw                      a3,12(s11)
0x00021c58:  f2b5              bnez                    a3,-156                 # 0x21bbc

----------------
IN: _IO_flush_all
0x00021c5a:  00068797          auipc                   a5,104                  # 0x89c5a
0x00021c5e:  ba07bb23          sd                      zero,-1098(a5)
0x00021c62:  00068797          auipc                   a5,104                  # 0x89c62
0x00021c66:  ba07a323          sw                      zero,-1114(a5)
0x00021c6a:  bfa9              j                       -166                    # 0x21bc4

----------------
IN: _IO_flush_all
0x00021bc4:  855e              mv                      a0,s7
0x00021bc6:  166010ef          jal                     ra,4454                 # 0x22d2c

----------------
IN: __libc_cleanup_pop_restore
0x00022d2c:  6d18              ld                      a4,24(a0)
0x00022d2e:  9a820613          addi                    a2,tp,-1624
0x00022d32:  98e23c23          sd                      a4,-1640(tp)
0x00022d36:  4218              lw                      a4,0(a2)
0x00022d38:  4914              lw                      a3,16(a0)
0x00022d3a:  ca95              beqz                    a3,52                   # 0x22d6e

----------------
IN: __libc_cleanup_pop_restore
0x00022d6e:  8082              ret                     

----------------
IN: _IO_flush_all
0x00021bca:  f8843703          ld                      a4,-120(s0)
0x00021bce:  000b3783          ld                      a5,0(s6)
0x00021bd2:  8fb9              xor                     a5,a5,a4
0x00021bd4:  4701              mv                      a4,zero
0x00021bd6:  e3ed              bnez                    a5,226                  # 0x21cb8

----------------
IN: _IO_flush_all
0x00021bd8:  60ea              ld                      ra,152(sp)
0x00021bda:  644a              ld                      s0,144(sp)
0x00021bdc:  64aa              ld                      s1,136(sp)
0x00021bde:  7b06              ld                      s6,96(sp)
0x00021be0:  6be6              ld                      s7,88(sp)
0x00021be2:  7de2              ld                      s11,56(sp)
0x00021be4:  854e              mv                      a0,s3
0x00021be6:  79e6              ld                      s3,120(sp)
0x00021be8:  610d              addi                    sp,sp,160
0x00021bea:  8082              ret                     

----------------
IN: _IO_cleanup
0x00021f94:  f6840b13          addi                    s6,s0,-152
0x00021f98:  ffffe797          auipc                   a5,-2                   # 0x1ff98
0x00021f9c:  78678793          addi                    a5,a5,1926
0x00021fa0:  89aa              mv                      s3,a0
0x00021fa2:  855a              mv                      a0,s6
0x00021fa4:  f6f43423          sd                      a5,-152(s0)
0x00021fa8:  f6043823          sd                      zero,-144(s0)
0x00021fac:  521000ef          jal                     ra,3360                 # 0x22ccc

----------------
IN: _IO_cleanup
0x00021fb0:  8a022703          lw                      a4,-1888(tp)
0x00021fb4:  00068d17          auipc                   s10,104                 # 0x89fb4
0x00021fb8:  84cd0d13          addi                    s10,s10,-1972
0x00021fbc:  010d3783          ld                      a5,16(s10)
0x00021fc0:  8a020493          addi                    s1,tp,-1888
0x00021fc4:  e319              bnez                    a4,6                    # 0x21fca

----------------
IN: _IO_cleanup
0x00021fc6:  1a078a63          beqz                    a5,436                  # 0x2217a

----------------
IN: _IO_cleanup
0x0002217a:  4785              addi                    a5,zero,1
0x0002217c:  009d3823          sd                      s1,16(s10)
0x00022180:  00fd2423          sw                      a5,8(s10)
0x00022184:  00062497          auipc                   s1,98                   # 0x84184
0x00022188:  e844b483          ld                      s1,-380(s1)
0x0002218c:  e60494e3          bnez                    s1,-408                 # 0x21ff4

----------------
IN: _IO_cleanup
0x00021ff4:  e14a              sd                      s2,128(sp)
0x00021ff6:  6905              lui                     s2,1
0x00021ff8:  f8d2              sd                      s4,112(sp)
0x00021ffa:  ecde              sd                      s7,88(sp)
0x00021ffc:  e8e2              sd                      s8,80(sp)
0x00021ffe:  fc6e              sd                      s11,56(sp)

----------------
IN: _IO_cleanup
0x00022000:  e4e6              sd                      s9,72(sp)
0x00022002:  6da1              lui                     s11,8
0x00022004:  5c7d              addi                    s8,zero,-1
0x00022006:  00060b97          auipc                   s7,96                   # 0x82006
0x0002200a:  d42b8b93          addi                    s7,s7,-702
0x0002200e:  92f90913          addi                    s2,s2,-1745
0x00022012:  4a05              addi                    s4,zero,1
0x00022014:  409c              lw                      a5,0(s1)
0x00022016:  009d3023          sd                      s1,0(s10)
0x0002201a:  01b7f733          and                     a4,a5,s11
0x0002201e:  03071693          slli                    a3,a4,48
0x00022022:  0206c963          bltz                    a3,50                   # 0x22054

----------------
IN: _IO_cleanup
0x00022026:  64c8              ld                      a0,136(s1)
0x00022028:  8a022683          lw                      a3,-1888(tp)
0x0002202c:  8a020c93          addi                    s9,tp,-1888
0x00022030:  6518              ld                      a4,8(a0)
0x00022032:  e291              bnez                    a3,4                    # 0x22036

----------------
IN: _IO_cleanup
0x00022034:  c36d              beqz                    a4,226                  # 0x22116

----------------
IN: _IO_cleanup
0x00022116:  4705              addi                    a4,zero,1
0x00022118:  c118              sw                      a4,0(a0)
0x0002211a:  01953423          sd                      s9,8(a0)
0x0002211e:  0027f713          andi                    a4,a5,2
0x00022122:  df05              beqz                    a4,-200                 # 0x2205a

----------------
IN: _IO_cleanup
0x00022124:  8a022703          lw                      a4,-1888(tp)
0x00022128:  57fd              addi                    a5,zero,-1
0x0002212a:  0cf4a023          sw                      a5,192(s1)
0x0002212e:  4154              lw                      a3,4(a0)
0x00022130:  ef01              bnez                    a4,24                   # 0x22148

----------------
IN: _IO_cleanup
0x00022132:  ea85              bnez                    a3,48                   # 0x22162

----------------
IN: _IO_cleanup
0x00022134:  00053423          sd                      zero,8(a0)
0x00022138:  00052023          sw                      zero,0(a0)
0x0002213c:  bf9d              j                       -138                    # 0x220b2

----------------
IN: _IO_cleanup
0x000220b2:  74a4              ld                      s1,104(s1)
0x000220b4:  00067797          auipc                   a5,103                  # 0x890b4
0x000220b8:  7407b623          sd                      zero,1868(a5)
0x000220bc:  fca1              bnez                    s1,-168                 # 0x22014

----------------
IN: _IO_cleanup
0x00022014:  409c              lw                      a5,0(s1)
0x00022016:  009d3023          sd                      s1,0(s10)
0x0002201a:  01b7f733          and                     a4,a5,s11
0x0002201e:  03071693          slli                    a3,a4,48
0x00022022:  0206c963          bltz                    a3,50                   # 0x22054

----------------
IN: _IO_cleanup
0x0002205a:  0c04a703          lw                      a4,192(s1)
0x0002205e:  c331              beqz                    a4,68                   # 0x220a2

----------------
IN: _IO_cleanup
0x00022060:  01cd4703          lbu                     a4,28(s10)
0x00022064:  ef11              bnez                    a4,28                   # 0x22080

----------------
IN: _IO_cleanup
0x00022066:  0017f713          andi                    a4,a5,1
0x0002206a:  eb19              bnez                    a4,22                   # 0x22080

----------------
IN: _IO_cleanup
0x0002206c:  020d3683          ld                      a3,32(s10)
0x00022070:  7c98              ld                      a4,56(s1)
0x00022072:  0017e793          ori                     a5,a5,1
0x00022076:  c09c              sw                      a5,0(s1)
0x00022078:  f4d4              sd                      a3,168(s1)
0x0002207a:  029d3023          sd                      s1,32(s10)
0x0002207e:  f8d8              sd                      a4,176(s1)
0x00022080:  0d84bc83          ld                      s9,216(s1)
0x00022084:  417c87b3          sub                     a5,s9,s7
0x00022088:  14f96d63          bgtu                    a5,s2,346               # 0x221e2

----------------
IN: _IO_cleanup
0x0002208c:  058cb783          ld                      a5,88(s9)
0x00022090:  4601              mv                      a2,zero
0x00022092:  4581              mv                      a1,zero
0x00022094:  8526              mv                      a0,s1
0x00022096:  9782              jalr                    ra,a5,0

----------------
IN: _IO_file_setbuf
0x0001f142:  1101              addi                    sp,sp,-32
0x0001f144:  e822              sd                      s0,16(sp)
0x0001f146:  e426              sd                      s1,8(sp)
0x0001f148:  ec06              sd                      ra,24(sp)
0x0001f14a:  1000              addi                    s0,sp,32
0x0001f14c:  84aa              mv                      s1,a0
0x0001f14e:  3e4020ef          jal                     ra,9188                 # 0x21532

----------------
IN: _IO_default_setbuf
0x00021532:  7179              addi                    sp,sp,-48
0x00021534:  f022              sd                      s0,32(sp)
0x00021536:  ec26              sd                      s1,24(sp)
0x00021538:  e84a              sd                      s2,16(sp)
0x0002153a:  e44e              sd                      s3,8(sp)
0x0002153c:  e052              sd                      s4,0(sp)
0x0002153e:  f406              sd                      ra,40(sp)
0x00021540:  1800              addi                    s0,sp,48
0x00021542:  0d853a03          ld                      s4,216(a0)
0x00021546:  6785              lui                     a5,1
0x00021548:  00061717          auipc                   a4,97                   # 0x82548
0x0002154c:  80070713          addi                    a4,a4,-2048
0x00021550:  40ea0733          sub                     a4,s4,a4
0x00021554:  92f78793          addi                    a5,a5,-1745
0x00021558:  84aa              mv                      s1,a0
0x0002155a:  89ae              mv                      s3,a1
0x0002155c:  8932              mv                      s2,a2
0x0002155e:  08e7e063          bgtu                    a4,a5,128               # 0x215de

----------------
IN: _IO_default_setbuf
0x00021562:  060a3783          ld                      a5,96(s4)
0x00021566:  8526              mv                      a0,s1
0x00021568:  9782              jalr                    ra,a5,0

----------------
IN: _IO_file_sync
0x0001fc16:  7179              addi                    sp,sp,-48
0x0001fc18:  f022              sd                      s0,32(sp)
0x0001fc1a:  ec26              sd                      s1,24(sp)
0x0001fc1c:  f406              sd                      ra,40(sp)
0x0001fc1e:  1800              addi                    s0,sp,48
0x0001fc20:  7510              ld                      a2,40(a0)
0x0001fc22:  710c              ld                      a1,32(a0)
0x0001fc24:  84aa              mv                      s1,a0
0x0001fc26:  00c5fe63          bleu                    a2,a1,28                # 0x1fc42

----------------
IN: _IO_file_sync
0x0001fc42:  6498              ld                      a4,8(s1)
0x0001fc44:  689c              ld                      a5,16(s1)
0x0001fc46:  40f705b3          sub                     a1,a4,a5
0x0001fc4a:  02f70b63          beq                     a4,a5,54                # 0x1fc80

----------------
IN: _IO_file_sync
0x0001fc80:  57fd              addi                    a5,zero,-1
0x0001fc82:  e8dc              sd                      a5,144(s1)
0x0001fc84:  4501              mv                      a0,zero
0x0001fc86:  70a2              ld                      ra,40(sp)
0x0001fc88:  7402              ld                      s0,32(sp)
0x0001fc8a:  64e2              ld                      s1,24(sp)
0x0001fc8c:  6145              addi                    sp,sp,48
0x0001fc8e:  8082              ret                     

----------------
IN: _IO_default_setbuf
0x0002156a:  57fd              addi                    a5,zero,-1
0x0002156c:  06f50c63          beq                     a0,a5,120               # 0x215e4

----------------
IN: _IO_default_setbuf
0x00021570:  4098              lw                      a4,0(s1)
0x00021572:  7c88              ld                      a0,56(s1)
0x00021574:  00098463          beqz                    s3,8                    # 0x2157c

----------------
IN: _IO_default_setbuf
0x0002157c:  00276793          ori                     a5,a4,2
0x00021580:  c09c              sw                      a5,0(s1)
0x00021582:  08348993          addi                    s3,s1,131
0x00021586:  08448913          addi                    s2,s1,132
0x0002158a:  c119              beqz                    a0,6                    # 0x21590

----------------
IN: _IO_default_setbuf
0x0002158c:  8b05              andi                    a4,a4,1
0x0002158e:  c721              beqz                    a4,72                   # 0x215d6

----------------
IN: _IO_default_setbuf
0x00021590:  0017e793          ori                     a5,a5,1
0x00021594:  0334bc23          sd                      s3,56(s1)
0x00021598:  0524b023          sd                      s2,64(s1)
0x0002159c:  c09c              sw                      a5,0(s1)
0x0002159e:  0204b823          sd                      zero,48(s1)
0x000215a2:  0204b423          sd                      zero,40(s1)
0x000215a6:  0204b023          sd                      zero,32(s1)
0x000215aa:  0004b823          sd                      zero,16(s1)
0x000215ae:  0004b423          sd                      zero,8(s1)
0x000215b2:  0004bc23          sd                      zero,24(s1)
0x000215b6:  8526              mv                      a0,s1
0x000215b8:  70a2              ld                      ra,40(sp)
0x000215ba:  7402              ld                      s0,32(sp)
0x000215bc:  64e2              ld                      s1,24(sp)
0x000215be:  6942              ld                      s2,16(sp)
0x000215c0:  69a2              ld                      s3,8(sp)
0x000215c2:  6a02              ld                      s4,0(sp)
0x000215c4:  6145              addi                    sp,sp,48
0x000215c6:  8082              ret                     

----------------
IN: _IO_file_setbuf
0x0001f152:  c909              beqz                    a0,18                   # 0x1f164

----------------
IN: _IO_file_setbuf
0x0001f154:  7c9c              ld                      a5,56(s1)
0x0001f156:  8526              mv                      a0,s1
0x0001f158:  f89c              sd                      a5,48(s1)
0x0001f15a:  f49c              sd                      a5,40(s1)
0x0001f15c:  f09c              sd                      a5,32(s1)
0x0001f15e:  ec9c              sd                      a5,24(s1)
0x0001f160:  e49c              sd                      a5,8(s1)
0x0001f162:  e89c              sd                      a5,16(s1)
0x0001f164:  60e2              ld                      ra,24(sp)
0x0001f166:  6442              ld                      s0,16(sp)
0x0001f168:  64a2              ld                      s1,8(sp)
0x0001f16a:  6105              addi                    sp,sp,32
0x0001f16c:  8082              ret                     

----------------
IN: _IO_cleanup
0x00022098:  0c04a783          lw                      a5,192(s1)
0x0002209c:  06f04663          bgtz                    a5,108                  # 0x22108

----------------
IN: _IO_cleanup
0x000220a0:  409c              lw                      a5,0(s1)
0x000220a2:  01b7f7b3          and                     a5,a5,s11
0x000220a6:  0d84a023          sw                      s8,192(s1)
0x000220aa:  03079713          slli                    a4,a5,48
0x000220ae:  08075863          bgez                    a4,144                  # 0x2213e

----------------
IN: _IO_cleanup
0x0002213e:  64c8              ld                      a0,136(s1)
0x00022140:  8a022703          lw                      a4,-1888(tp)
0x00022144:  4154              lw                      a3,4(a0)
0x00022146:  d775              beqz                    a4,-20                  # 0x22132

----------------
IN: _IO_cleanup
0x000220a2:  01b7f7b3          and                     a5,a5,s11
0x000220a6:  0d84a023          sw                      s8,192(s1)
0x000220aa:  03079713          slli                    a4,a5,48
0x000220ae:  08075863          bgez                    a4,144                  # 0x2213e

----------------
IN: _IO_cleanup
0x000220be:  690a              ld                      s2,128(sp)
0x000220c0:  7a46              ld                      s4,112(sp)
0x000220c2:  6be6              ld                      s7,88(sp)
0x000220c4:  6c46              ld                      s8,80(sp)
0x000220c6:  6ca6              ld                      s9,72(sp)
0x000220c8:  7de2              ld                      s11,56(sp)
0x000220ca:  8a022703          lw                      a4,-1888(tp)
0x000220ce:  00cd2683          lw                      a3,12(s10)
0x000220d2:  cf5d              beqz                    a4,190                  # 0x22190

----------------
IN: _IO_cleanup
0x00022190:  00cd2683          lw                      a3,12(s10)
0x00022194:  f2a9              bnez                    a3,-190                 # 0x220d6

----------------
IN: _IO_cleanup
0x00022196:  00067797          auipc                   a5,103                  # 0x89196
0x0002219a:  6607bd23          sd                      zero,1658(a5)
0x0002219e:  00067797          auipc                   a5,103                  # 0x8919e
0x000221a2:  6607a523          sw                      zero,1642(a5)
0x000221a6:  bf25              j                       -200                    # 0x220de

----------------
IN: _IO_cleanup
0x000220de:  855a              mv                      a0,s6
0x000220e0:  44d000ef          jal                     ra,3148                 # 0x22d2c

----------------
IN: _IO_cleanup
0x000220e4:  f8843703          ld                      a4,-120(s0)
0x000220e8:  000ab783          ld                      a5,0(s5)
0x000220ec:  8fb9              xor                     a5,a5,a4
0x000220ee:  4701              mv                      a4,zero
0x000220f0:  10079363          bnez                    a5,262                  # 0x221f6

----------------
IN: _IO_cleanup
0x000220f4:  60ea              ld                      ra,152(sp)
0x000220f6:  644a              ld                      s0,144(sp)
0x000220f8:  64aa              ld                      s1,136(sp)
0x000220fa:  7aa6              ld                      s5,104(sp)
0x000220fc:  7b06              ld                      s6,96(sp)
0x000220fe:  6d06              ld                      s10,64(sp)
0x00022100:  854e              mv                      a0,s3
0x00022102:  79e6              ld                      s3,120(sp)
0x00022104:  610d              addi                    sp,sp,160
0x00022106:  8082              ret                     

----------------
IN: __run_exit_handlers
0x0001111e:  856a              mv                      a0,s10
0x00011120:  2ee060ef          jal                     ra,25326                # 0x1740e

----------------
IN: _Exit
0x0001740e:  1141              addi                    sp,sp,-16
0x00017410:  e422              sd                      s0,8(sp)
0x00017412:  0800              addi                    s0,sp,16
0x00017414:  05e00893          addi                    a7,zero,94
0x00017418:  00000073          ecall                   

