----------------
IN: _start
0x00010614:  024000ef          jal                     ra,36                   # 0x10638

----------------
IN: 
0x00010638:  00075197          auipc                   gp,117                  # 0x85638
0x0001063c:  b1018193          addi                    gp,gp,-1264
0x00010640:  8082              ret                     

----------------
IN: _start
0x00010618:  87aa              mv                      a5,a0
0x0001061a:  00000517          auipc                   a0,0                    # 0x1061a
0x0001061e:  01c50513          addi                    a0,a0,28
0x00010622:  6582              ld                      a1,0(sp)
0x00010624:  0030              addi                    a2,sp,8
0x00010626:  ff017113          andi                    sp,sp,-16
0x0001062a:  4681              mv                      a3,zero
0x0001062c:  4701              mv                      a4,zero
0x0001062e:  880a              mv                      a6,sp
0x00010630:  26a000ef          jal                     ra,618                  # 0x1089a

----------------
IN: __libc_start_main
0x0001089a:  7119              addi                    sp,sp,-128
0x0001089c:  00158713          addi                    a4,a1,1
0x000108a0:  f8a2              sd                      s0,112(sp)
0x000108a2:  f0ca              sd                      s2,96(sp)
0x000108a4:  ecce              sd                      s3,88(sp)
0x000108a6:  e0da              sd                      s6,64(sp)
0x000108a8:  fc5e              sd                      s7,56(sp)
0x000108aa:  f862              sd                      s8,48(sp)
0x000108ac:  fc86              sd                      ra,120(sp)
0x000108ae:  f4a6              sd                      s1,104(sp)
0x000108b0:  e8d2              sd                      s4,80(sp)
0x000108b2:  e4d6              sd                      s5,72(sp)
0x000108b4:  f466              sd                      s9,40(sp)
0x000108b6:  f06a              sd                      s10,32(sp)
0x000108b8:  ec6e              sd                      s11,24(sp)
0x000108ba:  0100              addi                    s0,sp,128
0x000108bc:  070e              slli                    a4,a4,3
0x000108be:  9732              add                     a4,a4,a2
0x000108c0:  00079b17          auipc                   s6,121                  # 0x898c0
0x000108c4:  d98b0b13          addi                    s6,s6,-616
0x000108c8:  8bbe              mv                      s7,a5
0x000108ca:  892e              mv                      s2,a1
0x000108cc:  89b2              mv                      s3,a2
0x000108ce:  8c2a              mv                      s8,a0
0x000108d0:  00eb3023          sd                      a4,0(s6)
0x000108d4:  00071797          auipc                   a5,113                  # 0x818d4
0x000108d8:  4707b623          sd                      a6,1132(a5)
0x000108dc:  631c              ld                      a5,0(a4)
0x000108de:  0721              addi                    a4,a4,8
0x000108e0:  fff5              bnez                    a5,-4                   # 0x108dc

----------------
IN: __libc_start_main
0x000108dc:  631c              ld                      a5,0(a4)
0x000108de:  0721              addi                    a4,a4,8
0x000108e0:  fff5              bnez                    a5,-4                   # 0x108dc

----------------
IN: __libc_start_main
0x000108e2:  853a              mv                      a0,a4
0x000108e4:  365080ef          jal                     ra,35684                # 0x19448

----------------
IN: _dl_aux_init
0x00019448:  7121              addi                    sp,sp,-448
0x0001944a:  fb22              sd                      s0,432(sp)
0x0001944c:  f726              sd                      s1,424(sp)
0x0001944e:  0380              addi                    s0,sp,448
0x00019450:  f34a              sd                      s2,416(sp)
0x00019452:  ff06              sd                      ra,440(sp)
0x00019454:  84aa              mv                      s1,a0
0x00019456:  00070917          auipc                   s2,112                  # 0x89456
0x0001945a:  24a90913          addi                    s2,s2,586
0x0001945e:  1a000613          addi                    a2,zero,416
0x00019462:  4581              mv                      a1,zero
0x00019464:  e4040513          addi                    a0,s0,-448
0x00019468:  00993023          sd                      s1,0(s2)
0x0001946c:  857fd0ef          jal                     ra,-10154               # 0x16cc2

----------------
IN: memset
0x00016cc2:  1141              addi                    sp,sp,-16
0x00016cc4:  e422              sd                      s0,8(sp)
0x00016cc6:  0800              addi                    s0,sp,16
0x00016cc8:  471d              addi                    a4,zero,7
0x00016cca:  87aa              mv                      a5,a0
0x00016ccc:  06c77b63          bleu                    a2,a4,118               # 0x16d42

----------------
IN: memset
0x00016cd0:  01010737          lui                     a4,4112
0x00016cd4:  10170713          addi                    a4,a4,257
0x00016cd8:  0742              slli                    a4,a4,16
0x00016cda:  10170713          addi                    a4,a4,257
0x00016cde:  0742              slli                    a4,a4,16
0x00016ce0:  0ff5f813          andi                    a6,a1,255
0x00016ce4:  10170713          addi                    a4,a4,257
0x00016ce8:  00757693          andi                    a3,a0,7
0x00016cec:  02e80733          mul                     a4,a6,a4
0x00016cf0:  c6b5              beqz                    a3,108                  # 0x16d5c

----------------
IN: memset
0x00016d5c:  00665693          srli                    a3,a2,6
0x00016d60:  f6c5              bnez                    a3,-88                  # 0x16d08

----------------
IN: memset
0x00016d08:  00669813          slli                    a6,a3,6
0x00016d0c:  88be              mv                      a7,a5
0x00016d0e:  983e              add                     a6,a6,a5
0x00016d10:  e398              sd                      a4,0(a5)
0x00016d12:  e798              sd                      a4,8(a5)
0x00016d14:  eb98              sd                      a4,16(a5)
0x00016d16:  ef98              sd                      a4,24(a5)
0x00016d18:  f398              sd                      a4,32(a5)
0x00016d1a:  f798              sd                      a4,40(a5)
0x00016d1c:  fb98              sd                      a4,48(a5)
0x00016d1e:  ff98              sd                      a4,56(a5)
0x00016d20:  04078793          addi                    a5,a5,64
0x00016d24:  ff0796e3          bne                     a5,a6,-20               # 0x16d10

----------------
IN: memset
0x00016d10:  e398              sd                      a4,0(a5)
0x00016d12:  e798              sd                      a4,8(a5)
0x00016d14:  eb98              sd                      a4,16(a5)
0x00016d16:  ef98              sd                      a4,24(a5)
0x00016d18:  f398              sd                      a4,32(a5)
0x00016d1a:  f798              sd                      a4,40(a5)
0x00016d1c:  fb98              sd                      a4,48(a5)
0x00016d1e:  ff98              sd                      a4,56(a5)
0x00016d20:  04078793          addi                    a5,a5,64
0x00016d24:  ff0796e3          bne                     a5,a6,-20               # 0x16d10

----------------
IN: memset
0x00016d28:  069a              slli                    a3,a3,6
0x00016d2a:  96c6              add                     a3,a3,a7
0x00016d2c:  00365793          srli                    a5,a2,3
0x00016d30:  8b9d              andi                    a5,a5,7
0x00016d32:  cf85              beqz                    a5,56                   # 0x16d6a

----------------
IN: memset
0x00016d34:  078e              slli                    a5,a5,3
0x00016d36:  97b6              add                     a5,a5,a3
0x00016d38:  e298              sd                      a4,0(a3)
0x00016d3a:  06a1              addi                    a3,a3,8
0x00016d3c:  fef69ee3          bne                     a3,a5,-4                # 0x16d38

----------------
IN: memset
0x00016d38:  e298              sd                      a4,0(a3)
0x00016d3a:  06a1              addi                    a3,a3,8
0x00016d3c:  fef69ee3          bne                     a3,a5,-4                # 0x16d38

----------------
IN: memset
0x00016d40:  8a1d              andi                    a2,a2,7
0x00016d42:  0ff5f593          andi                    a1,a1,255
0x00016d46:  00c78733          add                     a4,a5,a2
0x00016d4a:  c611              beqz                    a2,12                   # 0x16d56

----------------
IN: memset
0x00016d56:  6422              ld                      s0,8(sp)
0x00016d58:  0141              addi                    sp,sp,16
0x00016d5a:  8082              ret                     

----------------
IN: _dl_aux_init
0x00019470:  ffff7697          auipc                   a3,-9                   # 0x10470
0x00019474:  1a468693          addi                    a3,a3,420
0x00019478:  6705              lui                     a4,1
0x0001947a:  609c              ld                      a5,0(s1)
0x0001947c:  80070713          addi                    a4,a4,-2048
0x00019480:  e8d43423          sd                      a3,-376(s0)
0x00019484:  6685              lui                     a3,1
0x00019486:  e6d43823          sd                      a3,-400(s0)
0x0001948a:  fce43c23          sd                      a4,-40(s0)
0x0001948e:  c7e9              beqz                    a5,202                  # 0x19558

----------------
IN: _dl_aux_init
0x00019490:  03300713          addi                    a4,zero,51
0x00019494:  00f76863          bgtu                    a5,a4,16                # 0x194a4

----------------
IN: _dl_aux_init
0x00019498:  6494              ld                      a3,8(s1)
0x0001949a:  078e              slli                    a5,a5,3
0x0001949c:  1781              addi                    a5,a5,-32
0x0001949e:  97a2              add                     a5,a5,s0
0x000194a0:  e6d7b023          sd                      a3,-416(a5)
0x000194a4:  689c              ld                      a5,16(s1)
0x000194a6:  04c1              addi                    s1,s1,16
0x000194a8:  f7f5              bnez                    a5,-20                  # 0x19494

----------------
IN: _dl_aux_init
0x00019494:  00f76863          bgtu                    a5,a4,16                # 0x194a4

----------------
IN: _dl_aux_init
0x000194aa:  e7043583          ld                      a1,-400(s0)
0x000194ae:  ed042603          lw                      a2,-304(s0)
0x000194b2:  fd843703          ld                      a4,-40(s0)
0x000194b6:  0006a697          auipc                   a3,106                  # 0x834b6
0x000194ba:  54268693          addi                    a3,a3,1346
0x000194be:  e28c              sd                      a1,0(a3)
0x000194c0:  ef843583          ld                      a1,-264(s0)
0x000194c4:  e698              sd                      a4,8(a3)
0x000194c6:  f4843703          ld                      a4,-184(s0)
0x000194ca:  0006b517          auipc                   a0,107                  # 0x844ca
0x000194ce:  b2b52723          sw                      a1,-1234(a0)
0x000194d2:  eb843583          ld                      a1,-328(s0)
0x000194d6:  e5843783          ld                      a5,-424(s0)
0x000194da:  02c92a23          sw                      a2,52(s2)
0x000194de:  00b93423          sd                      a1,8(s2)
0x000194e2:  ec043583          ld                      a1,-320(s0)
0x000194e6:  f0843603          ld                      a2,-248(s0)
0x000194ea:  02e93c23          sd                      a4,56(s2)
0x000194ee:  00b93823          sd                      a1,16(s2)
0x000194f2:  f1043583          ld                      a1,-240(s0)
0x000194f6:  e6843703          ld                      a4,-408(s0)
0x000194fa:  04f93023          sd                      a5,64(s2)
0x000194fe:  00b93c23          sd                      a1,24(s2)
0x00019502:  f2843583          ld                      a1,-216(s0)
0x00019506:  04e93423          sd                      a4,72(s2)
0x0001950a:  02b93023          sd                      a1,32(s2)
0x0001950e:  f3043583          ld                      a1,-208(s0)
0x00019512:  02b93423          sd                      a1,40(s2)
0x00019516:  ec843583          ld                      a1,-312(s0)
0x0001951a:  02b92823          sw                      a1,48(s2)
0x0001951e:  00068597          auipc                   a1,104                  # 0x8151e
0x00019522:  7ec5b923          sd                      a2,2034(a1)
0x00019526:  e39d              bnez                    a5,38                   # 0x1954c

----------------
IN: _dl_aux_init
0x0001954c:  70fa              ld                      ra,440(sp)
0x0001954e:  745a              ld                      s0,432(sp)
0x00019550:  74ba              ld                      s1,424(sp)
0x00019552:  791a              ld                      s2,416(sp)
0x00019554:  6139              addi                    sp,sp,448
0x00019556:  8082              ret                     

----------------
IN: __libc_start_main
0x000108e8:  000b3503          ld                      a0,0(s6)
0x000108ec:  00072497          auipc                   s1,114                  # 0x828ec
0x000108f0:  40c4b483          ld                      s1,1036(s1)
0x000108f4:  00072a97          auipc                   s5,114                  # 0x828f4
0x000108f8:  39caba83          ld                      s5,924(s5)
0x000108fc:  017080ef          jal                     ra,34838                # 0x19112

----------------
IN: __tunables_init
0x00019112:  0006b797          auipc                   a5,107                  # 0x84112
0x00019116:  ee67a783          lw                      a5,-282(a5)
0x0001911a:  ef89              bnez                    a5,26                   # 0x19134

----------------
IN: __tunables_init
0x0001911c:  7139              addi                    sp,sp,-64
0x0001911e:  f822              sd                      s0,48(sp)
0x00019120:  e456              sd                      s5,8(sp)
0x00019122:  fc06              sd                      ra,56(sp)
0x00019124:  0080              addi                    s0,sp,64
0x00019126:  8aaa              mv                      s5,a0
0x00019128:  e519              bnez                    a0,14                   # 0x19136

----------------
IN: __tunables_init
0x00019136:  f426              sd                      s1,40(sp)
0x00019138:  f04a              sd                      s2,32(sp)
0x0001913a:  f9700493          addi                    s1,zero,-105
0x0001913e:  00068917          auipc                   s2,104                  # 0x8113e
0x00019142:  c5290913          addi                    s2,s2,-942
0x00019146:  ec4e              sd                      s3,24(sp)
0x00019148:  e852              sd                      s4,16(sp)
0x0001914a:  03d00993          addi                    s3,zero,61
0x0001914e:  00069a17          auipc                   s4,105                  # 0x8214e
0x00019152:  c2ba0a13          addi                    s4,s4,-981
0x00019156:  412484b3          sub                     s1,s1,s2
0x0001915a:  000ab883          ld                      a7,0(s5)
0x0001915e:  0a088663          beqz                    a7,172                  # 0x1920a

----------------
IN: __tunables_init
0x00019162:  0008c703          lbu                     a4,0(a7)
0x00019166:  0aa1              addi                    s5,s5,8
0x00019168:  4781              mv                      a5,zero
0x0001916a:  e719              bnez                    a4,14                   # 0x19178

----------------
IN: __tunables_init
0x00019178:  0785              addi                    a5,a5,1
0x0001917a:  ff371ae3          bne                     a4,s3,-12               # 0x1916e

----------------
IN: __tunables_init
0x0001916e:  00f88733          add                     a4,a7,a5
0x00019172:  00074703          lbu                     a4,0(a4)
0x00019176:  d375              beqz                    a4,-28                  # 0x1915a

----------------
IN: __tunables_init
0x0001917e:  00f885b3          add                     a1,a7,a5
0x00019182:  0003c717          auipc                   a4,60                   # 0x55182
0x00019186:  ce670713          addi                    a4,a4,-794
0x0001918a:  87c6              mv                      a5,a7
0x0001918c:  04700613          addi                    a2,zero,71
0x00019190:  a031              j                       12                      # 0x1919c

----------------
IN: __tunables_init
0x0001919c:  0007c683          lbu                     a3,0(a5)
0x000191a0:  0705              addi                    a4,a4,1
0x000191a2:  0785              addi                    a5,a5,1
0x000191a4:  f6fd              bnez                    a3,-18                  # 0x19192

----------------
IN: __tunables_init
0x00019192:  00c69a63          bne                     a3,a2,20                # 0x191a6

----------------
IN: __tunables_init
0x000191a6:  00068817          auipc                   a6,104                  # 0x811a6
0x000191aa:  c5380813          addi                    a6,a6,-941
0x000191ae:  a029              j                       10                      # 0x191b8

----------------
IN: __tunables_init
0x000191b8:  fff84783          lbu                     a5,-1(a6)
0x000191bc:  8742              mv                      a4,a6
0x000191be:  fbed              bnez                    a5,-14                  # 0x191b0

----------------
IN: __tunables_init
0x000191c0:  00084783          lbu                     a5,0(a6)
0x000191c4:  86c6              mv                      a3,a7
0x000191c6:  d7ed              beqz                    a5,-22                  # 0x191b0

----------------
IN: __tunables_init
0x000191b0:  08080813          addi                    a6,a6,128
0x000191b4:  fb0a03e3          beq                     s4,a6,-90               # 0x1915a

----------------
IN: __tunables_init
0x000191c8:  0006c603          lbu                     a2,0(a3)
0x000191cc:  0705              addi                    a4,a4,1
0x000191ce:  0685              addi                    a3,a3,1
0x000191d0:  d265              beqz                    a2,-32                  # 0x191b0

----------------
IN: __tunables_init
0x000191d2:  fcf61fe3          bne                     a2,a5,-34               # 0x191b0

----------------
IN: __tunables_init
0x0001915a:  000ab883          ld                      a7,0(s5)
0x0001915e:  0a088663          beqz                    a7,172                  # 0x1920a

----------------
IN: __tunables_init
0x00019196:  00074603          lbu                     a2,0(a4)
0x0001919a:  c249              beqz                    a2,130                  # 0x1921c

----------------
IN: __tunables_init
0x000191d6:  00074783          lbu                     a5,0(a4)
0x000191da:  f7fd              bnez                    a5,-18                  # 0x191c8

----------------
IN: __tunables_init
0x0001920a:  70e2              ld                      ra,56(sp)
0x0001920c:  7442              ld                      s0,48(sp)
0x0001920e:  74a2              ld                      s1,40(sp)
0x00019210:  7902              ld                      s2,32(sp)
0x00019212:  69e2              ld                      s3,24(sp)
0x00019214:  6a42              ld                      s4,16(sp)
0x00019216:  6aa2              ld                      s5,8(sp)
0x00019218:  6121              addi                    sp,sp,64
0x0001921a:  8082              ret                     

----------------
IN: __libc_start_main
0x00010900:  0554f363          bleu                    s5,s1,70                # 0x10946

----------------
IN: __libc_start_main
0x00010946:  226000ef          jal                     ra,550                  # 0x10b6c

----------------
IN: __libc_setup_tls
0x00010b6c:  7175              addi                    sp,sp,-144
0x00010b6e:  e122              sd                      s0,128(sp)
0x00010b70:  f46e              sd                      s11,40(sp)
0x00010b72:  e506              sd                      ra,136(sp)
0x00010b74:  fca6              sd                      s1,120(sp)
0x00010b76:  f8ca              sd                      s2,112(sp)
0x00010b78:  f4ce              sd                      s3,104(sp)
0x00010b7a:  f0d2              sd                      s4,96(sp)
0x00010b7c:  ecd6              sd                      s5,88(sp)
0x00010b7e:  e8da              sd                      s6,80(sp)
0x00010b80:  e4de              sd                      s7,72(sp)
0x00010b82:  e0e2              sd                      s8,64(sp)
0x00010b84:  fc66              sd                      s9,56(sp)
0x00010b86:  f86a              sd                      s10,48(sp)
0x00010b88:  0900              addi                    s0,sp,144
0x00010b8a:  00072797          auipc                   a5,114                  # 0x82b8a
0x00010b8e:  45e7b783          ld                      a5,1118(a5)
0x00010b92:  0007bd83          ld                      s11,0(a5)
0x00010b96:  178080ef          jal                     ra,33144                # 0x18d0e

----------------
IN: __tls_pre_init_tp
0x00018d0e:  1141              addi                    sp,sp,-16
0x00018d10:  e422              sd                      s0,8(sp)
0x00018d12:  0800              addi                    s0,sp,16
0x00018d14:  6422              ld                      s0,8(sp)
0x00018d16:  0006a697          auipc                   a3,106                  # 0x82d16
0x00018d1a:  1f26b683          ld                      a3,498(a3)
0x00018d1e:  0006a717          auipc                   a4,106                  # 0x82d1e
0x00018d22:  f0a73703          ld                      a4,-246(a4)
0x00018d26:  0006a797          auipc                   a5,106                  # 0x82d26
0x00018d2a:  f9a7b783          ld                      a5,-102(a5)
0x00018d2e:  e694              sd                      a3,8(a3)
0x00018d30:  e294              sd                      a3,0(a3)
0x00018d32:  e718              sd                      a4,8(a4)
0x00018d34:  e318              sd                      a4,0(a4)
0x00018d36:  e79c              sd                      a5,8(a5)
0x00018d38:  e39c              sd                      a5,0(a5)
0x00018d3a:  0141              addi                    sp,sp,16
0x00018d3c:  8082              ret                     

----------------
IN: __libc_setup_tls
0x00010b9a:  00072797          auipc                   a5,114                  # 0x82b9a
0x00010b9e:  3a67b783          ld                      a5,934(a5)
0x00010ba2:  6398              ld                      a4,0(a5)
0x00010ba4:  00072797          auipc                   a5,114                  # 0x82ba4
0x00010ba8:  2847b783          ld                      a5,644(a5)
0x00010bac:  639c              ld                      a5,0(a5)
0x00010bae:  00371693          slli                    a3,a4,3
0x00010bb2:  8e99              sub                     a3,a3,a4
0x00010bb4:  068e              slli                    a3,a3,3
0x00010bb6:  96be              add                     a3,a3,a5
0x00010bb8:  14d7f663          bleu                    a3,a5,332               # 0x10d04

----------------
IN: __libc_setup_tls
0x00010bbc:  461d              addi                    a2,zero,7
0x00010bbe:  a029              j                       10                      # 0x10bc8

----------------
IN: __libc_setup_tls
0x00010bc8:  4398              lw                      a4,0(a5)
0x00010bca:  fec71be3          bne                     a4,a2,-10               # 0x10bc0

----------------
IN: __libc_setup_tls
0x00010bc0:  03878793          addi                    a5,a5,56
0x00010bc4:  14d7f063          bleu                    a3,a5,320               # 0x10d04

----------------
IN: __libc_setup_tls
0x00010bce:  000dba83          ld                      s5,0(s11)
0x00010bd2:  6b90              ld                      a2,16(a5)
0x00010bd4:  0307bd03          ld                      s10,48(a5)
0x00010bd8:  02000713          addi                    a4,zero,32
0x00010bdc:  0287bb03          ld                      s6,40(a5)
0x00010be0:  0207bb83          ld                      s7,32(a5)
0x00010be4:  9ab2              add                     s5,s5,a2
0x00010be6:  8a6a              mv                      s4,s10
0x00010be8:  10ed6863          bgtu                    a4,s10,272              # 0x10cf8

----------------
IN: __libc_setup_tls
0x00010cf8:  02000a13          addi                    s4,zero,32
0x00010cfc:  89ea              mv                      s3,s10
0x00010cfe:  ee0d1ae3          bnez                    s10,-268                # 0x10bf2

----------------
IN: __libc_setup_tls
0x00010bf2:  fffa0793          addi                    a5,s4,-1
0x00010bf6:  f8f43423          sd                      a5,-120(s0)
0x00010bfa:  4501              mv                      a0,zero
0x00010bfc:  414007b3          neg                     a5,s4
0x00010c00:  f8f43023          sd                      a5,-128(s0)
0x00010c04:  347070ef          jal                     ra,31558                # 0x1874a

----------------
IN: _dl_tls_static_surplus_init
0x0001874a:  7179              addi                    sp,sp,-48
0x0001874c:  f022              sd                      s0,32(sp)
0x0001874e:  1800              addi                    s0,sp,48
0x00018750:  f406              sd                      ra,40(sp)
0x00018752:  ec26              sd                      s1,24(sp)
0x00018754:  e84a              sd                      s2,16(sp)
0x00018756:  fd840493          addi                    s1,s0,-40
0x0001875a:  85a6              mv                      a1,s1
0x0001875c:  4601              mv                      a2,zero
0x0001875e:  892a              mv                      s2,a0
0x00018760:  4501              mv                      a0,zero
0x00018762:  3f5000ef          jal                     ra,3060                 # 0x19356

----------------
IN: __tunable_get_val
0x00019356:  1502              slli                    a0,a0,32
0x00019358:  1141              addi                    sp,sp,-16
0x0001935a:  9101              srli                    a0,a0,32
0x0001935c:  e422              sd                      s0,8(sp)
0x0001935e:  00068797          auipc                   a5,104                  # 0x8135e
0x00019362:  a3278793          addi                    a5,a5,-1486
0x00019366:  0800              addi                    s0,sp,16
0x00019368:  00751713          slli                    a4,a0,7
0x0001936c:  00e786b3          add                     a3,a5,a4
0x00019370:  0306a803          lw                      a6,48(a3)
0x00019374:  4889              addi                    a7,zero,2
0x00019376:  0308e863          bgtu                    a6,a7,48                # 0x193a6

----------------
IN: __tunable_get_val
0x0001937a:  6eb8              ld                      a4,88(a3)
0x0001937c:  02080363          beqz                    a6,38                   # 0x193a2

----------------
IN: __tunable_get_val
0x00019380:  e198              sd                      a4,0(a1)
0x00019382:  051e              slli                    a0,a0,7
0x00019384:  00a78733          add                     a4,a5,a0
0x00019388:  06874703          lbu                     a4,104(a4)
0x0001938c:  cb01              beqz                    a4,16                   # 0x1939c

----------------
IN: __tunable_get_val
0x0001939c:  6422              ld                      s0,8(sp)
0x0001939e:  0141              addi                    sp,sp,16
0x000193a0:  8082              ret                     

----------------
IN: _dl_tls_static_surplus_init
0x00018766:  85a6              mv                      a1,s1
0x00018768:  fd843483          ld                      s1,-40(s0)
0x0001876c:  4601              mv                      a2,zero
0x0001876e:  4571              addi                    a0,zero,28
0x00018770:  3e7000ef          jal                     ra,3046                 # 0x19356

----------------
IN: _dl_tls_static_surplus_init
0x00018774:  fd843683          ld                      a3,-40(s0)
0x00018778:  4785              addi                    a5,zero,1
0x0001877a:  e091              bnez                    s1,4                    # 0x1877e

----------------
IN: _dl_tls_static_surplus_init
0x0001877e:  0017c613          xori                    a2,a5,1
0x00018782:  03266f63          bgtu                    s2,a2,62                # 0x187c0

----------------
IN: _dl_tls_static_surplus_init
0x00018786:  012787bb          addw                    a5,a5,s2
0x0001878a:  fff7871b          addiw                   a4,a5,-1
0x0001878e:  9f3d              addw                    a4,a4,a5
0x00018790:  0037179b          slliw                   a5,a4,3
0x00018794:  9fb9              addw                    a5,a5,a4
0x00018796:  0047979b          slliw                   a5,a5,4
0x0001879a:  70a2              ld                      ra,40(sp)
0x0001879c:  7402              ld                      s0,32(sp)
0x0001879e:  0006a717          auipc                   a4,106                  # 0x8279e
0x000187a2:  56273703          ld                      a4,1378(a4)
0x000187a6:  9fb5              addw                    a5,a5,a3
0x000187a8:  e314              sd                      a3,0(a4)
0x000187aa:  0907879b          addiw                   a5,a5,144
0x000187ae:  0006a717          auipc                   a4,106                  # 0x827ae
0x000187b2:  70a73703          ld                      a4,1802(a4)
0x000187b6:  e31c              sd                      a5,0(a4)
0x000187b8:  64e2              ld                      s1,24(sp)
0x000187ba:  6942              ld                      s2,16(sp)
0x000187bc:  6145              addi                    sp,sp,48
0x000187be:  8082              ret                     

----------------
IN: __libc_setup_tls
0x00010c08:  140d0563          beqz                    s10,330                 # 0x10d52

----------------
IN: __libc_setup_tls
0x00010c0c:  fffd0913          addi                    s2,s10,-1
0x00010c10:  03a95833          divu                    a6,s2,s10
0x00010c14:  995a              add                     s2,s2,s6
0x00010c16:  03380c33          mul                     s8,a6,s3
0x00010c1a:  f7843c23          sd                      s8,-136(s0)
0x00010c1e:  84018c93          addi                    s9,gp,-1984
0x00010c22:  000cb503          ld                      a0,0(s9)
0x00010c26:  76050513          addi                    a0,a0,1888
0x00010c2a:  955a              add                     a0,a0,s6
0x00010c2c:  9552              add                     a0,a0,s4
0x00010c2e:  9562              add                     a0,a0,s8
0x00010c30:  77e080ef          jal                     ra,34686                # 0x193ae

----------------
IN: _dl_early_allocate
0x000193ae:  1101              addi                    sp,sp,-32
0x000193b0:  e822              sd                      s0,16(sp)
0x000193b2:  e426              sd                      s1,8(sp)
0x000193b4:  ec06              sd                      ra,24(sp)
0x000193b6:  1000              addi                    s0,sp,32
0x000193b8:  00070797          auipc                   a5,112                  # 0x893b8
0x000193bc:  2a87b783          ld                      a5,680(a5)
0x000193c0:  84aa              mv                      s1,a0
0x000193c2:  cf91              beqz                    a5,28                   # 0x193de

----------------
IN: _dl_early_allocate
0x000193de:  0d600893          addi                    a7,zero,214
0x000193e2:  4501              mv                      a0,zero
0x000193e4:  00000073          ecall                   

----------------
IN: _dl_early_allocate
0x000193e8:  87aa              mv                      a5,a0
0x000193ea:  9526              add                     a0,a0,s1
0x000193ec:  00000073          ecall                   

----------------
IN: _dl_early_allocate
0x000193f0:  fea790e3          bne                     a5,a0,-32               # 0x193d0

----------------
IN: _dl_early_allocate
0x000193d0:  c395              beqz                    a5,36                   # 0x193f4

----------------
IN: _dl_early_allocate
0x000193d2:  60e2              ld                      ra,24(sp)
0x000193d4:  6442              ld                      s0,16(sp)
0x000193d6:  64a2              ld                      s1,8(sp)
0x000193d8:  853e              mv                      a0,a5
0x000193da:  6105              addi                    sp,sp,32
0x000193dc:  8082              ret                     

----------------
IN: __libc_setup_tls
0x00010c34:  84aa              mv                      s1,a0
0x00010c36:  0e050c63          beqz                    a0,248                  # 0x10d2e

----------------
IN: __libc_setup_tls
0x00010c3a:  f8843783          ld                      a5,-120(s0)
0x00010c3e:  76048493          addi                    s1,s1,1888
0x00010c42:  865e              mv                      a2,s7
0x00010c44:  94be              add                     s1,s1,a5
0x00010c46:  f8043783          ld                      a5,-128(s0)
0x00010c4a:  85d6              mv                      a1,s5
0x00010c4c:  8cfd              and                     s1,s1,a5
0x00010c4e:  f7843783          ld                      a5,-136(s0)
0x00010c52:  01848533          add                     a0,s1,s8
0x00010c56:  02acb423          sd                      a0,40(s9)
0x00010c5a:  44fdb823          sd                      a5,1104(s11)
0x00010c5e:  03e00793          addi                    a5,zero,62
0x00010c62:  00fcb423          sd                      a5,8(s9)
0x00010c66:  8601b823          sd                      zero,-1936(gp)
0x00010c6a:  7bf050ef          jal                     ra,24510                # 0x16c28

----------------
IN: memcpy
0x00016c28:  7179              addi                    sp,sp,-48
0x00016c2a:  f022              sd                      s0,32(sp)
0x00016c2c:  ec26              sd                      s1,24(sp)
0x00016c2e:  e44e              sd                      s3,8(sp)
0x00016c30:  f406              sd                      ra,40(sp)
0x00016c32:  1800              addi                    s0,sp,48
0x00016c34:  47bd              addi                    a5,zero,15
0x00016c36:  89aa              mv                      s3,a0
0x00016c38:  872a              mv                      a4,a0
0x00016c3a:  84ae              mv                      s1,a1
0x00016c3c:  04c7f863          bleu                    a2,a5,80                # 0x16c8c

----------------
IN: memcpy
0x00016c40:  40a00533          neg                     a0,a0
0x00016c44:  e84a              sd                      s2,16(sp)
0x00016c46:  891d              andi                    a0,a0,7
0x00016c48:  e052              sd                      s4,0(sp)
0x00016c4a:  40a60933          sub                     s2,a2,a0
0x00016c4e:  c925              beqz                    a0,112                  # 0x16cbe

----------------
IN: memcpy
0x00016cbe:  8a4e              mv                      s4,s3
0x00016cc0:  b76d              j                       -86                     # 0x16c6a

----------------
IN: memcpy
0x00016c6a:  0074f793          andi                    a5,s1,7
0x00016c6e:  00395613          srli                    a2,s2,3
0x00016c72:  85a6              mv                      a1,s1
0x00016c74:  8552              mv                      a0,s4
0x00016c76:  e3a9              bnez                    a5,66                   # 0x16cb8

----------------
IN: memcpy
0x00016c78:  394000ef          jal                     ra,916                  # 0x1700c

----------------
IN: _wordcopy_fwd_aligned
0x0001700c:  1141              addi                    sp,sp,-16
0x0001700e:  00767793          andi                    a5,a2,7
0x00017012:  e422              sd                      s0,8(sp)
0x00017014:  00043717          auipc                   a4,67                   # 0x5a014
0x00017018:  b5470713          addi                    a4,a4,-1196
0x0001701c:  0800              addi                    s0,sp,16
0x0001701e:  078a              slli                    a5,a5,2
0x00017020:  97ba              add                     a5,a5,a4
0x00017022:  439c              lw                      a5,0(a5)
0x00017024:  97ba              add                     a5,a5,a4
0x00017026:  8782              jr                      a5

----------------
IN: _wordcopy_fwd_aligned
0x000170b2:  6198              ld                      a4,0(a1)
0x000170b4:  fd050793          addi                    a5,a0,-48
0x000170b8:  fd858593          addi                    a1,a1,-40
0x000170bc:  0615              addi                    a2,a2,5
0x000170be:  bf71              j                       -100                    # 0x1705a

----------------
IN: _wordcopy_fwd_aligned
0x0001705a:  0305b803          ld                      a6,48(a1)
0x0001705e:  03878693          addi                    a3,a5,56
0x00017062:  e118              sd                      a4,0(a0)
0x00017064:  7d98              ld                      a4,56(a1)
0x00017066:  04078793          addi                    a5,a5,64
0x0001706a:  0106b023          sd                      a6,0(a3)
0x0001706e:  1661              addi                    a2,a2,-8
0x00017070:  853e              mv                      a0,a5
0x00017072:  04058593          addi                    a1,a1,64
0x00017076:  ea11              bnez                    a2,20                   # 0x1708a

----------------
IN: _wordcopy_fwd_aligned
0x00017078:  e118              sd                      a4,0(a0)
0x0001707a:  6422              ld                      s0,8(sp)
0x0001707c:  0141              addi                    sp,sp,16
0x0001707e:  8082              ret                     

----------------
IN: memcpy
0x00016c7c:  ff897713          andi                    a4,s2,-8
0x00016c80:  94ba              add                     s1,s1,a4
0x00016c82:  00797613          andi                    a2,s2,7
0x00016c86:  9752              add                     a4,a4,s4
0x00016c88:  6942              ld                      s2,16(sp)
0x00016c8a:  6a02              ld                      s4,0(sp)
0x00016c8c:  177d              addi                    a4,a4,-1
0x00016c8e:  87a6              mv                      a5,s1
0x00016c90:  009605b3          add                     a1,a2,s1
0x00016c94:  8f05              sub                     a4,a4,s1
0x00016c96:  ca11              beqz                    a2,20                   # 0x16caa

----------------
IN: memcpy
0x00016caa:  70a2              ld                      ra,40(sp)
0x00016cac:  7402              ld                      s0,32(sp)
0x00016cae:  64e2              ld                      s1,24(sp)
0x00016cb0:  854e              mv                      a0,s3
0x00016cb2:  69a2              ld                      s3,8(sp)
0x00016cb4:  6145              addi                    sp,sp,48
0x00016cb6:  8082              ret                     

----------------
IN: __libc_setup_tls
0x00010c6e:  85818793          addi                    a5,gp,-1960
0x00010c72:  fef4b823          sd                      a5,-16(s1)
0x00010c76:  8226              mv                      tp,s1
0x00010c78:  0c6080ef          jal                     ra,32966                # 0x18d3e

----------------
IN: __tls_init_tp
0x00018d3e:  7179              addi                    sp,sp,-48
0x00018d40:  f022              sd                      s0,32(sp)
0x00018d42:  ec26              sd                      s1,24(sp)
0x00018d44:  f406              sd                      ra,40(sp)
0x00018d46:  1800              addi                    s0,sp,48
0x00018d48:  0006a797          auipc                   a5,106                  # 0x82d48
0x00018d4c:  ee07b783          ld                      a5,-288(a5)
0x00018d50:  6394              ld                      a3,0(a5)
0x00018d52:  96020713          addi                    a4,tp,-1696
0x00018d56:  96f23423          sd                      a5,-1688(tp)
0x00018d5a:  96d23023          sd                      a3,-1696(tp)
0x00018d5e:  e698              sd                      a4,8(a3)
0x00018d60:  8492              mv                      s1,tp
0x00018d62:  0330000f          fence                   rw,rw
0x00018d66:  06000893          addi                    a7,zero,96
0x00018d6a:  e398              sd                      a4,0(a5)
0x00018d6c:  97020513          addi                    a0,tp,-1680
0x00018d70:  00000073          ecall                   

----------------
IN: __tls_init_tp
0x00018d74:  00071717          auipc                   a4,113                  # 0x89d74
0x00018d78:  92470713          addi                    a4,a4,-1756
0x00018d7c:  00074603          lbu                     a2,0(a4)
0x00018d80:  98020793          addi                    a5,tp,-1664
0x00018d84:  9b020593          addi                    a1,tp,-1616
0x00018d88:  4685              addi                    a3,zero,1
0x00018d8a:  cac208a3          sb                      a2,-847(tp)
0x00018d8e:  5601              addi                    a2,zero,-32
0x00018d90:  96a22823          sw                      a0,-1680(tp)
0x00018d94:  bab23823          sd                      a1,-1104(tp)
0x00018d98:  cad20923          sb                      a3,-846(tp)
0x00018d9c:  96f23c23          sd                      a5,-1672(tp)
0x00018da0:  98f23023          sd                      a5,-1664(tp)
0x00018da4:  98c23423          sd                      a2,-1656(tp)
0x00018da8:  06300893          addi                    a7,zero,99
0x00018dac:  853e              mv                      a0,a5
0x00018dae:  45e1              addi                    a1,zero,24
0x00018db0:  00000073          ecall                   

----------------
IN: __tls_init_tp
0x00018db4:  77fd              lui                     a5,-1
0x00018db6:  2501              sext.w                  a0,a0
0x00018db8:  00a7e463          bgtu                    a0,a5,8                 # 0x18dc0

----------------
IN: __tls_init_tp
0x00018dc0:  fdc40593          addi                    a1,s0,-36
0x00018dc4:  4601              mv                      a2,zero
0x00018dc6:  4511              addi                    a0,zero,4
0x00018dc8:  58e000ef          jal                     ra,1422                 # 0x19356

----------------
IN: __tunable_get_val
0x000193a2:  c198              sw                      a4,0(a1)
0x000193a4:  bff9              j                       -34                     # 0x19382

----------------
IN: __tunable_get_val
0x00019382:  051e              slli                    a0,a0,7
0x00019384:  00a78733          add                     a4,a5,a0
0x00019388:  06874703          lbu                     a4,104(a4)
0x0001938c:  cb01              beqz                    a4,16                   # 0x1939c

----------------
IN: __tls_init_tp
0x00018dcc:  0006a797          auipc                   a5,106                  # 0x82dcc
0x00018dd0:  e3c7b783          ld                      a5,-452(a5)
0x00018dd4:  639c              ld                      a5,0(a5)
0x00018dd6:  70a2              ld                      ra,40(sp)
0x00018dd8:  7402              ld                      s0,32(sp)
0x00018dda:  5779              addi                    a4,zero,-2
0x00018ddc:  fce4a223          sw                      a4,-60(s1)
0x00018de0:  d2f4bc23          sd                      a5,-712(s1)
0x00018de4:  64e2              ld                      s1,24(sp)
0x00018de6:  6145              addi                    sp,sp,48
0x00018de8:  8082              ret                     

----------------
IN: __libc_setup_tls
0x00010c7c:  033979b3          remu                    s3,s2,s3
0x00010c80:  000cb783          ld                      a5,0(s9)
0x00010c84:  60aa              ld                      ra,136(sp)
0x00010c86:  640a              ld                      s0,128(sp)
0x00010c88:  07fd              addi                    a5,a5,31
0x00010c8a:  04000693          addi                    a3,zero,64
0x00010c8e:  00075617          auipc                   a2,117                  # 0x85c8e
0x00010c92:  cfa60613          addi                    a2,a2,-774
0x00010c96:  4585              addi                    a1,zero,1
0x00010c98:  40dcb423          sd                      a3,1032(s9)
0x00010c9c:  c4818693          addi                    a3,gp,-952
0x00010ca0:  45adb023          sd                      s10,1088(s11)
0x00010ca4:  436dbc23          sd                      s6,1080(s11)
0x00010ca8:  435db423          sd                      s5,1064(s11)
0x00010cac:  437db823          sd                      s7,1072(s11)
0x00010cb0:  43bcb823          sd                      s11,1072(s9)
0x00010cb4:  44bdbc23          sd                      a1,1112(s11)
0x00010cb8:  83463c23          sd                      s4,-1992(a2)
0x00010cbc:  80b63c23          sd                      a1,-2024(a2)
0x00010cc0:  82d63023          sd                      a3,-2016(a2)
0x00010cc4:  84b63023          sd                      a1,-1984(a2)
0x00010cc8:  74e6              ld                      s1,120(sp)
0x00010cca:  7a06              ld                      s4,96(sp)
0x00010ccc:  6ae6              ld                      s5,88(sp)
0x00010cce:  6b46              ld                      s6,80(sp)
0x00010cd0:  6ba6              ld                      s7,72(sp)
0x00010cd2:  7ce2              ld                      s9,56(sp)
0x00010cd4:  7d42              ld                      s10,48(sp)
0x00010cd6:  7da2              ld                      s11,40(sp)
0x00010cd8:  41390933          sub                     s2,s2,s3
0x00010cdc:  9962              add                     s2,s2,s8
0x00010cde:  97ca              add                     a5,a5,s2
0x00010ce0:  9b81              andi                    a5,a5,-32
0x00010ce2:  83263823          sd                      s2,-2000(a2)
0x00010ce6:  82f63423          sd                      a5,-2008(a2)
0x00010cea:  7946              ld                      s2,112(sp)
0x00010cec:  79a6              ld                      s3,104(sp)
0x00010cee:  6c06              ld                      s8,64(sp)
0x00010cf0:  6149              addi                    sp,sp,144
0x00010cf2:  8082              ret                     

----------------
IN: __libc_start_main
0x0001094a:  00071a17          auipc                   s4,113                  # 0x8194a
0x0001094e:  3c6a0a13          addi                    s4,s4,966
0x00010952:  000a3783          ld                      a5,0(s4)
0x00010956:  00070497          auipc                   s1,112                  # 0x80956
0x0001095a:  41a48493          addi                    s1,s1,1050
0x0001095e:  00072817          auipc                   a6,114                  # 0x8295e
0x00010962:  45283803          ld                      a6,1106(a6)
0x00010966:  0017c883          lbu                     a7,1(a5)
0x0001096a:  0007c703          lbu                     a4,0(a5)
0x0001096e:  0027c503          lbu                     a0,2(a5)
0x00010972:  0037c583          lbu                     a1,3(a5)
0x00010976:  0047c603          lbu                     a2,4(a5)
0x0001097a:  08a2              slli                    a7,a7,8
0x0001097c:  0057c683          lbu                     a3,5(a5)
0x00010980:  00e8e8b3          or                      a7,a7,a4
0x00010984:  0542              slli                    a0,a0,16
0x00010986:  0067c703          lbu                     a4,6(a5)
0x0001098a:  01156533          or                      a0,a0,a7
0x0001098e:  05e2              slli                    a1,a1,24
0x00010990:  0077c783          lbu                     a5,7(a5)
0x00010994:  8dc9              or                      a1,a1,a0
0x00010996:  1602              slli                    a2,a2,32
0x00010998:  8e4d              or                      a2,a2,a1
0x0001099a:  16a2              slli                    a3,a3,40
0x0001099c:  8ed1              or                      a3,a3,a2
0x0001099e:  1742              slli                    a4,a4,48
0x000109a0:  8f55              or                      a4,a4,a3
0x000109a2:  17e2              slli                    a5,a5,56
0x000109a4:  8fd9              or                      a5,a5,a4
0x000109a6:  f007f793          andi                    a5,a5,-256
0x000109aa:  e09c              sd                      a5,0(s1)
0x000109ac:  00080363          beqz                    a6,6                    # 0x109b2

----------------
IN: __libc_start_main
0x000109b2:  000a3783          ld                      a5,0(s4)
0x000109b6:  0087c303          lbu                     t1,8(a5)
0x000109ba:  0097c883          lbu                     a7,9(a5)
0x000109be:  00a7c803          lbu                     a6,10(a5)
0x000109c2:  00b7c503          lbu                     a0,11(a5)
0x000109c6:  00c7c583          lbu                     a1,12(a5)
0x000109ca:  00d7c603          lbu                     a2,13(a5)
0x000109ce:  00e7c683          lbu                     a3,14(a5)
0x000109d2:  00f7c703          lbu                     a4,15(a5)
0x000109d6:  f8640423          sb                      t1,-120(s0)
0x000109da:  f91404a3          sb                      a7,-119(s0)
0x000109de:  f9040523          sb                      a6,-118(s0)
0x000109e2:  f8a405a3          sb                      a0,-117(s0)
0x000109e6:  f8b40623          sb                      a1,-116(s0)
0x000109ea:  f8c406a3          sb                      a2,-115(s0)
0x000109ee:  f8d40723          sb                      a3,-114(s0)
0x000109f2:  f8e407a3          sb                      a4,-113(s0)
0x000109f6:  f8843783          ld                      a5,-120(s0)
0x000109fa:  e49c              sd                      a5,8(s1)
0x000109fc:  000b8763          beqz                    s7,14                   # 0x10a0a

----------------
IN: __libc_start_main
0x00010a0a:  4505              addi                    a0,zero,1
0x00010a0c:  26a090ef          jal                     ra,37482                # 0x19c76

----------------
IN: __libc_early_init
0x00019c76:  7139              addi                    sp,sp,-64
0x00019c78:  fc06              sd                      ra,56(sp)
0x00019c7a:  f822              sd                      s0,48(sp)
0x00019c7c:  f426              sd                      s1,40(sp)
0x00019c7e:  0080              addi                    s0,sp,64
0x00019c80:  f04a              sd                      s2,32(sp)
0x00019c82:  00069497          auipc                   s1,105                  # 0x82c82
0x00019c86:  f8e4b483          ld                      s1,-114(s1)
0x00019c8a:  609c              ld                      a5,0(s1)
0x00019c8c:  fcf43c23          sd                      a5,-40(s0)
0x00019c90:  4781              mv                      a5,zero
0x00019c92:  892a              mv                      s2,a0
0x00019c94:  198000ef          jal                     ra,408                  # 0x19e2c

----------------
IN: __ctype_init
0x00019e2c:  00069797          auipc                   a5,105                  # 0x82e2c
0x00019e30:  f747b783          ld                      a5,-140(a5)
0x00019e34:  1141              addi                    sp,sp,-16
0x00019e36:  e422              sd                      s0,8(sp)
0x00019e38:  0800              addi                    s0,sp,16
0x00019e3a:  9792              add                     a5,a5,tp
0x00019e3c:  6398              ld                      a4,0(a5)
0x00019e3e:  00069797          auipc                   a5,105                  # 0x82e3e
0x00019e42:  d827b783          ld                      a5,-638(a5)
0x00019e46:  6422              ld                      s0,8(sp)
0x00019e48:  6318              ld                      a4,0(a4)
0x00019e4a:  9792              add                     a5,a5,tp
0x00019e4c:  7f10              ld                      a2,56(a4)
0x00019e4e:  6334              ld                      a3,64(a4)
0x00019e50:  6b38              ld                      a4,80(a4)
0x00019e52:  10060613          addi                    a2,a2,256
0x00019e56:  20068693          addi                    a3,a3,512
0x00019e5a:  20070713          addi                    a4,a4,512
0x00019e5e:  e390              sd                      a2,0(a5)
0x00019e60:  e794              sd                      a3,8(a5)
0x00019e62:  eb98              sd                      a4,16(a5)
0x00019e64:  0141              addi                    sp,sp,16
0x00019e66:  8082              ret                     

----------------
IN: __libc_early_init
0x00019c98:  fc840593          addi                    a1,s0,-56
0x00019c9c:  450d              addi                    a0,zero,3
0x00019c9e:  0006b797          auipc                   a5,107                  # 0x84c9e
0x00019ca2:  8f278723          sb                      s2,-1810(a5)
0x00019ca6:  4ac0c0ef          jal                     ra,50348                # 0x26152

----------------
IN: getrlimit
0x00026152:  1141              addi                    sp,sp,-16
0x00026154:  87aa              mv                      a5,a0
0x00026156:  e422              sd                      s0,8(sp)
0x00026158:  86ae              mv                      a3,a1
0x0002615a:  0800              addi                    s0,sp,16
0x0002615c:  02079593          slli                    a1,a5,32
0x00026160:  10500893          addi                    a7,zero,261
0x00026164:  4501              mv                      a0,zero
0x00026166:  9181              srli                    a1,a1,32
0x00026168:  4601              mv                      a2,zero
0x0002616a:  00000073          ecall                   

----------------
IN: getrlimit
0x0002616e:  77fd              lui                     a5,-1
0x00026170:  00a7e663          bgtu                    a0,a5,12                # 0x2617c

----------------
IN: getrlimit
0x00026174:  6422              ld                      s0,8(sp)
0x00026176:  2501              sext.w                  a0,a0
0x00026178:  0141              addi                    sp,sp,16
0x0002617a:  8082              ret                     

----------------
IN: __libc_early_init
0x00019caa:  002005b7          lui                     a1,512
0x00019cae:  e911              bnez                    a0,20                   # 0x19cc2

----------------
IN: __libc_early_init
0x00019cb0:  fc843783          ld                      a5,-56(s0)
0x00019cb4:  577d              addi                    a4,zero,-1
0x00019cb6:  00e78663          beq                     a5,a4,12                # 0x19cc2

----------------
IN: __libc_early_init
0x00019cba:  85be              mv                      a1,a5
0x00019cbc:  6791              lui                     a5,4
0x00019cbe:  06f5ea63          bgtu                    a5,a1,116               # 0x19d32

----------------
IN: __libc_early_init
0x00019cc2:  00069797          auipc                   a5,105                  # 0x82cc2
0x00019cc6:  0567b783          ld                      a5,86(a5)
0x00019cca:  6398              ld                      a4,0(a5)
0x00019ccc:  00069797          auipc                   a5,105                  # 0x82ccc
0x00019cd0:  0a47b783          ld                      a5,164(a5)
0x00019cd4:  639c              ld                      a5,0(a5)
0x00019cd6:  00069697          auipc                   a3,105                  # 0x82cd6
0x00019cda:  2ea6b683          ld                      a3,746(a3)
0x00019cde:  6294              ld                      a3,0(a3)
0x00019ce0:  97ba              add                     a5,a5,a4
0x00019ce2:  17fd              addi                    a5,a5,-1
0x00019ce4:  02e7f633          remu                    a2,a5,a4
0x00019ce8:  6705              lui                     a4,1
0x00019cea:  80070713          addi                    a4,a4,-2048
0x00019cee:  9736              add                     a4,a4,a3
0x00019cf0:  8f91              sub                     a5,a5,a2
0x00019cf2:  97ba              add                     a5,a5,a4
0x00019cf4:  00b7f363          bleu                    a1,a5,6                 # 0x19cfa

----------------
IN: __libc_early_init
0x00019cf8:  87ae              mv                      a5,a1
0x00019cfa:  fff68713          addi                    a4,a3,-1
0x00019cfe:  97ba              add                     a5,a5,a4
0x00019d00:  40d00733          neg                     a4,a3
0x00019d04:  8ff9              and                     a5,a5,a4
0x00019d06:  00070717          auipc                   a4,112                  # 0x89d06
0x00019d0a:  b5a70713          addi                    a4,a4,-1190
0x00019d0e:  fcf43423          sd                      a5,-56(s0)
0x00019d12:  f31c              sd                      a5,32(a4)
0x00019d14:  eb14              sd                      a3,16(a4)
0x00019d16:  09c090ef          jal                     ra,37020                # 0x22db2

----------------
IN: __pthread_tunables_init
0x00022db2:  7179              addi                    sp,sp,-48
0x00022db4:  f406              sd                      ra,40(sp)
0x00022db6:  f022              sd                      s0,32(sp)
0x00022db8:  ec26              sd                      s1,24(sp)
0x00022dba:  1800              addi                    s0,sp,48
0x00022dbc:  e84a              sd                      s2,16(sp)
0x00022dbe:  fd040493          addi                    s1,s0,-48
0x00022dc2:  00060917          auipc                   s2,96                   # 0x82dc2
0x00022dc6:  e4e93903          ld                      s2,-434(s2)
0x00022dca:  00093783          ld                      a5,0(s2)
0x00022dce:  fcf43c23          sd                      a5,-40(s0)
0x00022dd2:  4781              mv                      a5,zero
0x00022dd4:  00000617          auipc                   a2,0                    # 0x22dd4
0x00022dd8:  f9a60613          addi                    a2,a2,-102
0x00022ddc:  85a6              mv                      a1,s1
0x00022dde:  4565              addi                    a0,zero,25
0x00022de0:  d76f60ef          jal                     ra,-39562               # 0x19356

----------------
IN: __pthread_tunables_init
0x00022de4:  00000617          auipc                   a2,0                    # 0x22de4
0x00022de8:  fa060613          addi                    a2,a2,-96
0x00022dec:  85a6              mv                      a1,s1
0x00022dee:  4535              addi                    a0,zero,13
0x00022df0:  d66f60ef          jal                     ra,-39578               # 0x19356

----------------
IN: __pthread_tunables_init
0x00022df4:  00000617          auipc                   a2,0                    # 0x22df4
0x00022df8:  fa660613          addi                    a2,a2,-90
0x00022dfc:  85a6              mv                      a1,s1
0x00022dfe:  454d              addi                    a0,zero,19
0x00022e00:  d56f60ef          jal                     ra,-39594               # 0x19356

----------------
IN: __pthread_tunables_init
0x00022e04:  fd843703          ld                      a4,-40(s0)
0x00022e08:  00093783          ld                      a5,0(s2)
0x00022e0c:  8fb9              xor                     a5,a5,a4
0x00022e0e:  4701              mv                      a4,zero
0x00022e10:  e799              bnez                    a5,14                   # 0x22e1e

----------------
IN: __pthread_tunables_init
0x00022e12:  70a2              ld                      ra,40(sp)
0x00022e14:  7402              ld                      s0,32(sp)
0x00022e16:  64e2              ld                      s1,24(sp)
0x00022e18:  6942              ld                      s2,16(sp)
0x00022e1a:  6145              addi                    sp,sp,48
0x00022e1c:  8082              ret                     

----------------
IN: __libc_early_init
0x00019d1a:  fd843703          ld                      a4,-40(s0)
0x00019d1e:  609c              ld                      a5,0(s1)
0x00019d20:  8fb9              xor                     a5,a5,a4
0x00019d22:  4701              mv                      a4,zero
0x00019d24:  eb89              bnez                    a5,18                   # 0x19d36

----------------
IN: __libc_early_init
0x00019d26:  70e2              ld                      ra,56(sp)
0x00019d28:  7442              ld                      s0,48(sp)
0x00019d2a:  74a2              ld                      s1,40(sp)
0x00019d2c:  7902              ld                      s2,32(sp)
0x00019d2e:  6121              addi                    sp,sp,64
0x00019d30:  8082              ret                     

----------------
IN: __libc_start_main
0x00010a10:  000b3603          ld                      a2,0(s6)
0x00010a14:  85ce              mv                      a1,s3
0x00010a16:  854a              mv                      a0,s2
0x00010a18:  322090ef          jal                     ra,37666                # 0x19d3a

----------------
IN: __libc_init_first
0x00019d3a:  7179              addi                    sp,sp,-48
0x00019d3c:  f022              sd                      s0,32(sp)
0x00019d3e:  ec26              sd                      s1,24(sp)
0x00019d40:  e84a              sd                      s2,16(sp)
0x00019d42:  e44e              sd                      s3,8(sp)
0x00019d44:  f406              sd                      ra,40(sp)
0x00019d46:  1800              addi                    s0,sp,48
0x00019d48:  00070797          auipc                   a5,112                  # 0x89d48
0x00019d4c:  a7078793          addi                    a5,a5,-1424
0x00019d50:  c388              sw                      a0,0(a5)
0x00019d52:  e78c              sd                      a1,8(a5)
0x00019d54:  00069797          auipc                   a5,105                  # 0x82d54
0x00019d58:  fcc7b783          ld                      a5,-52(a5)
0x00019d5c:  84aa              mv                      s1,a0
0x00019d5e:  892e              mv                      s2,a1
0x00019d60:  89b2              mv                      s3,a2
0x00019d62:  e390              sd                      a2,0(a5)
0x00019d64:  81bff0ef          jal                     ra,-2022                # 0x1957e

----------------
IN: _dl_non_dynamic_init
0x0001957e:  7159              addi                    sp,sp,-112
0x00019580:  f0a2              sd                      s0,96(sp)
0x00019582:  e8ca              sd                      s2,80(sp)
0x00019584:  e4ce              sd                      s3,72(sp)
0x00019586:  f85a              sd                      s6,48(sp)
0x00019588:  f486              sd                      ra,104(sp)
0x0001958a:  eca6              sd                      s1,88(sp)
0x0001958c:  f45e              sd                      s7,40(sp)
0x0001958e:  1880              addi                    s0,sp,112
0x00019590:  090120ef          jal                     ra,73872                # 0x2b620

----------------
IN: _dl_get_origin
0x0002b620:  7179              addi                    sp,sp,-48
0x0002b622:  e84a              sd                      s2,16(sp)
0x0002b624:  797d              lui                     s2,-1
0x0002b626:  f022              sd                      s0,32(sp)
0x0002b628:  fd090793          addi                    a5,s2,-48
0x0002b62c:  1800              addi                    s0,sp,48
0x0002b62e:  f406              sd                      ra,40(sp)
0x0002b630:  ec26              sd                      s1,24(sp)
0x0002b632:  e44e              sd                      s3,8(sp)
0x0002b634:  72fd              lui                     t0,-1
0x0002b636:  00878933          add                     s2,a5,s0
0x0002b63a:  04e00893          addi                    a7,zero,78
0x0002b63e:  9116              add                     sp,sp,t0
0x0002b640:  f9c00513          addi                    a0,zero,-100
0x0002b644:  0002b597          auipc                   a1,43                   # 0x56644
0x0002b648:  f3c58593          addi                    a1,a1,-196
0x0002b64c:  864a              mv                      a2,s2
0x0002b64e:  6685              lui                     a3,1
0x0002b650:  00000073          ecall                   

----------------
IN: _dl_get_origin
0x0002b654:  2501              sext.w                  a0,a0
0x0002b656:  04a05563          blez                    a0,74                   # 0x2b6a0

----------------
IN: _dl_get_origin
0x0002b65a:  00094783          lbu                     a5,0(s2)
0x0002b65e:  05b00713          addi                    a4,zero,91
0x0002b662:  02e78f63          beq                     a5,a4,62                # 0x2b6a0

----------------
IN: _dl_get_origin
0x0002b666:  02f00613          addi                    a2,zero,47
0x0002b66a:  4705              addi                    a4,zero,1
0x0002b66c:  02f00693          addi                    a3,zero,47
0x0002b670:  00c78a63          beq                     a5,a2,20                # 0x2b684

----------------
IN: _dl_get_origin
0x0002b684:  0005049b          sext.w                  s1,a0
0x0002b688:  fee497e3          bne                     s1,a4,-18               # 0x2b676

----------------
IN: _dl_get_origin
0x0002b676:  157d              addi                    a0,a0,-1
0x0002b678:  00a907b3          add                     a5,s2,a0
0x0002b67c:  0007c783          lbu                     a5,0(a5)
0x0002b680:  08d78363          beq                     a5,a3,134               # 0x2b706

----------------
IN: _dl_get_origin
0x0002b706:  0014851b          addiw                   a0,s1,1
0x0002b70a:  d89e90ef          jal                     ra,-90744               # 0x15492

----------------
IN: __malloc
0x00015492:  7179              addi                    sp,sp,-48
0x00015494:  f022              sd                      s0,32(sp)
0x00015496:  e44e              sd                      s3,8(sp)
0x00015498:  f406              sd                      ra,40(sp)
0x0001549a:  ec26              sd                      s1,24(sp)
0x0001549c:  1800              addi                    s0,sp,48
0x0001549e:  00074797          auipc                   a5,116                  # 0x8949e
0x000154a2:  1777c783          lbu                     a5,375(a5)
0x000154a6:  89aa              mv                      s3,a0
0x000154a8:  c3e1              beqz                    a5,192                  # 0x15568

----------------
IN: __malloc
0x00015568:  97efd0ef          jal                     ra,-11906               # 0x126e6

----------------
IN: ptmalloc_init.part.0
0x000126e6:  715d              addi                    sp,sp,-80
0x000126e8:  e0a2              sd                      s0,64(sp)
0x000126ea:  f44e              sd                      s3,40(sp)
0x000126ec:  f052              sd                      s4,32(sp)
0x000126ee:  e486              sd                      ra,72(sp)
0x000126f0:  fc26              sd                      s1,56(sp)
0x000126f2:  0880              addi                    s0,sp,80
0x000126f4:  00070a17          auipc                   s4,112                  # 0x826f4
0x000126f8:  51ca3a03          ld                      s4,1308(s4)
0x000126fc:  000a3783          ld                      a5,0(s4)
0x00012700:  fcf43423          sd                      a5,-56(s0)
0x00012704:  4781              mv                      a5,zero
0x00012706:  00077997          auipc                   s3,119                  # 0x89706
0x0001270a:  f0a98993          addi                    s3,s3,-246
0x0001270e:  4785              addi                    a5,zero,1
0x00012710:  00f982a3          sb                      a5,5(s3)
0x00012714:  11600893          addi                    a7,zero,278
0x00012718:  00077517          auipc                   a0,119                  # 0x89718
0x0001271c:  f0050513          addi                    a0,a0,-256
0x00012720:  45a1              addi                    a1,zero,8
0x00012722:  4605              addi                    a2,zero,1
0x00012724:  00000073          ecall                   

----------------
IN: ptmalloc_init.part.0
0x00012728:  47a1              addi                    a5,zero,8
0x0001272a:  fb840493          addi                    s1,s0,-72
0x0001272e:  06f50063          beq                     a0,a5,96                # 0x1278e

----------------
IN: ptmalloc_init.part.0
0x0001278e:  00070797          auipc                   a5,112                  # 0x8278e
0x00012792:  42a7b783          ld                      a5,1066(a5)
0x00012796:  00071697          auipc                   a3,113                  # 0x83796
0x0001279a:  9c268693          addi                    a3,a3,-1598
0x0001279e:  00071817          auipc                   a6,113                  # 0x8379e
0x000127a2:  a1a80813          addi                    a6,a6,-1510
0x000127a6:  9792              add                     a5,a5,tp
0x000127a8:  e394              sd                      a3,0(a5)
0x000127aa:  00071717          auipc                   a4,113                  # 0x837aa
0x000127ae:  1fe70713          addi                    a4,a4,510
0x000127b2:  87c2              mv                      a5,a6
0x000127b4:  ef9c              sd                      a5,24(a5)
0x000127b6:  eb9c              sd                      a5,16(a5)
0x000127b8:  07c1              addi                    a5,a5,16
0x000127ba:  fee79de3          bne                     a5,a4,-6                # 0x127b4

----------------
IN: ptmalloc_init.part.0
0x000127b4:  ef9c              sd                      a5,24(a5)
0x000127b6:  eb9c              sd                      a5,16(a5)
0x000127b8:  07c1              addi                    a5,a5,16
0x000127ba:  fee79de3          bne                     a5,a4,-6                # 0x127b4

----------------
IN: ptmalloc_init.part.0
0x000127be:  f8000793          addi                    a5,zero,-128
0x000127c2:  00f98223          sb                      a5,4(s3)
0x000127c6:  00071797          auipc                   a5,113                  # 0x837c6
0x000127ca:  99a78793          addi                    a5,a5,-1638
0x000127ce:  0007a023          sw                      zero,0(a5)
0x000127d2:  fffff617          auipc                   a2,-1                   # 0x117d2
0x000127d6:  3de60613          addi                    a2,a2,990
0x000127da:  85a6              mv                      a1,s1
0x000127dc:  4531              addi                    a0,zero,12
0x000127de:  0706b023          sd                      a6,96(a3)
0x000127e2:  375060ef          jal                     ra,27508                # 0x19356

----------------
IN: ptmalloc_init.part.0
0x000127e6:  85a6              mv                      a1,s1
0x000127e8:  fffff617          auipc                   a2,-1                   # 0x117e8
0x000127ec:  3e460613          addi                    a2,a2,996
0x000127f0:  450d              addi                    a0,zero,3
0x000127f2:  365060ef          jal                     ra,27492                # 0x19356

----------------
IN: ptmalloc_init.part.0
0x000127f6:  85a6              mv                      a1,s1
0x000127f8:  fffff617          auipc                   a2,-1                   # 0x117f8
0x000127fc:  38060613          addi                    a2,a2,896
0x00012800:  4559              addi                    a0,zero,22
0x00012802:  355060ef          jal                     ra,27476                # 0x19356

----------------
IN: ptmalloc_init.part.0
0x00012806:  85a6              mv                      a1,s1
0x00012808:  fffff617          auipc                   a2,-1                   # 0x11808
0x0001280c:  3da60613          addi                    a2,a2,986
0x00012810:  4509              addi                    a0,zero,2
0x00012812:  345060ef          jal                     ra,27460                # 0x19356

----------------
IN: ptmalloc_init.part.0
0x00012816:  85a6              mv                      a1,s1
0x00012818:  fffff617          auipc                   a2,-1                   # 0x11818
0x0001281c:  37c60613          addi                    a2,a2,892
0x00012820:  4541              addi                    a0,zero,16
0x00012822:  335060ef          jal                     ra,27444                # 0x19356

----------------
IN: ptmalloc_init.part.0
0x00012826:  85a6              mv                      a1,s1
0x00012828:  fffff617          auipc                   a2,-1                   # 0x11828
0x0001282c:  3d660613          addi                    a2,a2,982
0x00012830:  4555              addi                    a0,zero,21
0x00012832:  325060ef          jal                     ra,27428                # 0x19356

----------------
IN: ptmalloc_init.part.0
0x00012836:  85a6              mv                      a1,s1
0x00012838:  fffff617          auipc                   a2,-1                   # 0x11838
0x0001283c:  3dc60613          addi                    a2,a2,988
0x00012840:  4561              addi                    a0,zero,24
0x00012842:  315060ef          jal                     ra,27412                # 0x19356

----------------
IN: ptmalloc_init.part.0
0x00012846:  85a6              mv                      a1,s1
0x00012848:  fffff617          auipc                   a2,-1                   # 0x11848
0x0001284c:  3e260613          addi                    a2,a2,994
0x00012850:  4575              addi                    a0,zero,29
0x00012852:  305060ef          jal                     ra,27396                # 0x19356

----------------
IN: ptmalloc_init.part.0
0x00012856:  85a6              mv                      a1,s1
0x00012858:  fffff617          auipc                   a2,-1                   # 0x11858
0x0001285c:  40e60613          addi                    a2,a2,1038
0x00012860:  455d              addi                    a0,zero,23
0x00012862:  2f5060ef          jal                     ra,27380                # 0x19356

----------------
IN: ptmalloc_init.part.0
0x00012866:  85a6              mv                      a1,s1
0x00012868:  fffff617          auipc                   a2,-1                   # 0x11868
0x0001286c:  41a60613          addi                    a2,a2,1050
0x00012870:  4549              addi                    a0,zero,18
0x00012872:  2e5060ef          jal                     ra,27364                # 0x19356

----------------
IN: ptmalloc_init.part.0
0x00012876:  85a6              mv                      a1,s1
0x00012878:  fffff617          auipc                   a2,-1                   # 0x11878
0x0001287c:  42060613          addi                    a2,a2,1056
0x00012880:  4525              addi                    a0,zero,9
0x00012882:  2d5060ef          jal                     ra,27348                # 0x19356

----------------
IN: ptmalloc_init.part.0
0x00012886:  85a6              mv                      a1,s1
0x00012888:  fffff617          auipc                   a2,-1                   # 0x11888
0x0001288c:  5f660613          addi                    a2,a2,1526
0x00012890:  4521              addi                    a0,zero,8
0x00012892:  2c5060ef          jal                     ra,27332                # 0x19356

----------------
IN: ptmalloc_init.part.0
0x00012896:  00071497          auipc                   s1,113                  # 0x83896
0x0001289a:  82a48493          addi                    s1,s1,-2006
0x0001289e:  789c              ld                      a5,48(s1)
0x000128a0:  ef99              bnez                    a5,30                   # 0x128be

----------------
IN: ptmalloc_init.part.0
0x000128a2:  fc843703          ld                      a4,-56(s0)
0x000128a6:  000a3783          ld                      a5,0(s4)
0x000128aa:  8fb9              xor                     a5,a5,a4
0x000128ac:  4701              mv                      a4,zero
0x000128ae:  e785              bnez                    a5,40                   # 0x128d6

----------------
IN: ptmalloc_init.part.0
0x000128b0:  60a6              ld                      ra,72(sp)
0x000128b2:  6406              ld                      s0,64(sp)
0x000128b4:  74e2              ld                      s1,56(sp)
0x000128b6:  79a2              ld                      s3,40(sp)
0x000128b8:  7a02              ld                      s4,32(sp)
0x000128ba:  6161              addi                    sp,sp,80
0x000128bc:  8082              ret                     

----------------
IN: __malloc
0x0001556c:  f409d1e3          bgez                    s3,-190                 # 0x154ae

----------------
IN: __malloc
0x000154ae:  e84a              sd                      s2,16(sp)
0x000154b0:  01798793          addi                    a5,s3,23
0x000154b4:  477d              addi                    a4,zero,31
0x000154b6:  4901              mv                      s2,zero
0x000154b8:  00f77663          bleu                    a5,a4,12                # 0x154c4

----------------
IN: __malloc
0x000154bc:  9bc1              andi                    a5,a5,-16
0x000154be:  17bd              addi                    a5,a5,-17
0x000154c0:  0047d913          srli                    s2,a5,4
0x000154c4:  02020493          addi                    s1,tp,32
0x000154c8:  649c              ld                      a5,8(s1)
0x000154ca:  c3f1              beqz                    a5,196                  # 0x1558e

----------------
IN: __malloc
0x0001558e:  0104c783          lbu                     a5,16(s1)
0x00015592:  f3b9              bnez                    a5,-186                 # 0x154d8

----------------
IN: __malloc
0x00015594:  8cbff0ef          jal                     ra,-1846                # 0x14e5e

----------------
IN: tcache_init.part.0
0x00014e5e:  0006e797          auipc                   a5,110                  # 0x82e5e
0x00014e62:  d5a7b783          ld                      a5,-678(a5)
0x00014e66:  1101              addi                    sp,sp,-32
0x00014e68:  e822              sd                      s0,16(sp)
0x00014e6a:  e426              sd                      s1,8(sp)
0x00014e6c:  ec06              sd                      ra,24(sp)
0x00014e6e:  e04a              sd                      s2,0(sp)
0x00014e70:  1000              addi                    s0,sp,32
0x00014e72:  9792              add                     a5,a5,tp
0x00014e74:  6384              ld                      s1,0(a5)
0x00014e76:  c8b1              beqz                    s1,84                   # 0x14eca

----------------
IN: tcache_init.part.0
0x00014e78:  4705              addi                    a4,zero,1
0x00014e7a:  1404a7af          lr.w.aq                 a5,(s1)
0x00014e7e:  e781              bnez                    a5,8                    # 0x14e86

----------------
IN: tcache_init.part.0
0x00014e80:  18e4a6af          sc.w                    a3,a4,(s1)
0x00014e84:  fafd              bnez                    a3,-10                  # 0x14e7a

----------------
IN: tcache_init.part.0
0x00014e86:  2781              sext.w                  a5,a5
0x00014e88:  efd9              bnez                    a5,158                  # 0x14f26

----------------
IN: tcache_init.part.0
0x00014e8a:  28000593          addi                    a1,zero,640
0x00014e8e:  8526              mv                      a0,s1
0x00014e90:  b20ff0ef          jal                     ra,-3296                # 0x141b0

----------------
IN: _int_malloc
0x000141b0:  7159              addi                    sp,sp,-112
0x000141b2:  f0a2              sd                      s0,96(sp)
0x000141b4:  f486              sd                      ra,104(sp)
0x000141b6:  e46e              sd                      s11,8(sp)
0x000141b8:  1880              addi                    s0,sp,112
0x000141ba:  4405c763          bltz                    a1,1102                 # 0x14608

----------------
IN: _int_malloc
0x000141be:  eca6              sd                      s1,88(sp)
0x000141c0:  e8ca              sd                      s2,80(sp)
0x000141c2:  e4ce              sd                      s3,72(sp)
0x000141c4:  e0d2              sd                      s4,64(sp)
0x000141c6:  fc56              sd                      s5,56(sp)
0x000141c8:  01758493          addi                    s1,a1,23
0x000141cc:  47fd              addi                    a5,zero,31
0x000141ce:  89ae              mv                      s3,a1
0x000141d0:  892a              mv                      s2,a0
0x000141d2:  2c97f063          bleu                    s1,a5,704               # 0x14492

----------------
IN: _int_malloc
0x000141d6:  98c1              andi                    s1,s1,-16
0x000141d8:  44050c63          beqz                    a0,1112                 # 0x14630

----------------
IN: _int_malloc
0x000141dc:  00075a17          auipc                   s4,117                  # 0x891dc
0x000141e0:  434a0a13          addi                    s4,s4,1076
0x000141e4:  004a4783          lbu                     a5,4(s4)
0x000141e8:  1697eb63          bgtu                    s1,a5,374               # 0x1435e

----------------
IN: _int_malloc
0x0001435e:  3ff00793          addi                    a5,zero,1023
0x00014362:  6497ff63          bleu                    s1,a5,1630              # 0x149c0

----------------
IN: _int_malloc
0x000149c0:  0044d79b          srliw                   a5,s1,4
0x000149c4:  0017979b          slliw                   a5,a5,1
0x000149c8:  27b1              addiw                   a5,a5,12
0x000149ca:  1782              slli                    a5,a5,32
0x000149cc:  9381              srli                    a5,a5,32
0x000149ce:  0044da9b          srliw                   s5,s1,4
0x000149d2:  078e              slli                    a5,a5,3
0x000149d4:  bcf1              j                       -1316                   # 0x144b0

----------------
IN: _int_malloc
0x000144b0:  97ca              add                     a5,a5,s2
0x000144b2:  6788              ld                      a0,8(a5)
0x000144b4:  ff078613          addi                    a2,a5,-16
0x000144b8:  1aa60463          beq                     a2,a0,424               # 0x14660

----------------
IN: _int_malloc
0x00014660:  f85a              sd                      s6,48(sp)
0x00014662:  f45e              sd                      s7,40(sp)
0x00014664:  f062              sd                      s8,32(sp)
0x00014666:  ec66              sd                      s9,24(sp)
0x00014668:  e86a              sd                      s10,16(sp)
0x0001466a:  b335              j                       -724                    # 0x14396

----------------
IN: _int_malloc
0x00014396:  02020793          addi                    a5,tp,32
0x0001439a:  679c              ld                      a5,8(a5)
0x0001439c:  fef48c13          addi                    s8,s1,-17
0x000143a0:  004c5c13          srli                    s8,s8,4
0x000143a4:  4b81              mv                      s7,zero
0x000143a6:  cb99              beqz                    a5,22                   # 0x143bc

----------------
IN: _int_malloc
0x000143bc:  07893703          ld                      a4,120(s2)
0x000143c0:  06090c93          addi                    s9,s2,96
0x000143c4:  4d01              mv                      s10,zero
0x000143c6:  3b970463          beq                     a4,s9,936               # 0x1476e

----------------
IN: _int_malloc
0x0001476e:  3ff00793          addi                    a5,zero,1023
0x00014772:  3297ee63          bgtu                    s1,a5,828               # 0x14aae

----------------
IN: _int_malloc
0x00014776:  001a979b          slliw                   a5,s5,1
0x0001477a:  4585              addi                    a1,zero,1
0x0001477c:  4d8d              addi                    s11,zero,3
0x0001477e:  001a871b          addiw                   a4,s5,1
0x00014782:  0057569b          srliw                   a3,a4,5
0x00014786:  21868693          addi                    a3,a3,536
0x0001478a:  27b9              addiw                   a5,a5,14
0x0001478c:  068a              slli                    a3,a3,2
0x0001478e:  1782              slli                    a5,a5,32
0x00014790:  9381              srli                    a5,a5,32
0x00014792:  96ca              add                     a3,a3,s2
0x00014794:  078e              slli                    a5,a5,3
0x00014796:  4288              lw                      a0,0(a3)
0x00014798:  17c1              addi                    a5,a5,-16
0x0001479a:  0057581b          srliw                   a6,a4,5
0x0001479e:  97ca              add                     a5,a5,s2
0x000147a0:  00e5973b          sllw                    a4,a1,a4
0x000147a4:  10e56563          bgtu                    a4,a0,266               # 0x148ae

----------------
IN: _int_malloc
0x000148ae:  0018071b          addiw                   a4,a6,1
0x000148b2:  02071793          slli                    a5,a4,32
0x000148b6:  9381              srli                    a5,a5,32
0x000148b8:  21878793          addi                    a5,a5,536
0x000148bc:  078a              slli                    a5,a5,2
0x000148be:  97ca              add                     a5,a5,s2
0x000148c0:  a039              j                       14                      # 0x148ce

----------------
IN: _int_malloc
0x000148ce:  0007081b          sext.w                  a6,a4
0x000148d2:  ff0df8e3          bleu                    a6,s11,-16              # 0x148c2

----------------
IN: _int_malloc
0x000148c2:  4388              lw                      a0,0(a5)
0x000148c4:  0791              addi                    a5,a5,4
0x000148c6:  1a051263          bnez                    a0,420                  # 0x14a6a

----------------
IN: _int_malloc
0x000148ca:  0018071b          addiw                   a4,a6,1
0x000148ce:  0007081b          sext.w                  a6,a4
0x000148d2:  ff0df8e3          bleu                    a6,s11,-16              # 0x148c2

----------------
IN: _int_malloc
0x000148d6:  06093503          ld                      a0,96(s2)
0x000148da:  6705              lui                     a4,1
0x000148dc:  974a              add                     a4,a4,s2
0x000148de:  651c              ld                      a5,8(a0)
0x000148e0:  88873703          ld                      a4,-1912(a4)
0x000148e4:  9be1              andi                    a5,a5,-8
0x000148e6:  36f76063          bgtu                    a5,a4,864               # 0x14c46

----------------
IN: _int_malloc
0x000148ea:  02048713          addi                    a4,s1,32
0x000148ee:  3ee7f963          bleu                    a4,a5,1010              # 0x14ce0

----------------
IN: _int_malloc
0x000148f2:  00890793          addi                    a5,s2,8
0x000148f6:  439c              lw                      a5,0(a5)
0x000148f8:  2781              sext.w                  a5,a5
0x000148fa:  48078363          beqz                    a5,1158                 # 0x14d80

----------------
IN: _int_malloc
0x00014d80:  85ca              mv                      a1,s2
0x00014d82:  8526              mv                      a0,s1
0x00014d84:  d8dfe0ef          jal                     ra,-4724                # 0x13b10

----------------
IN: sysmalloc
0x00013b10:  7135              addi                    sp,sp,-160
0x00013b12:  e922              sd                      s0,144(sp)
0x00013b14:  e526              sd                      s1,136(sp)
0x00013b16:  fcce              sd                      s3,120(sp)
0x00013b18:  f0da              sd                      s6,96(sp)
0x00013b1a:  ecde              sd                      s7,88(sp)
0x00013b1c:  fc6e              sd                      s11,56(sp)
0x00013b1e:  1100              addi                    s0,sp,160
0x00013b20:  ed06              sd                      ra,152(sp)
0x00013b22:  0006fb97          auipc                   s7,111                  # 0x82b22
0x00013b26:  0eebbb83          ld                      s7,238(s7)
0x00013b2a:  0006f897          auipc                   a7,111                  # 0x82b2a
0x00013b2e:  4968b883          ld                      a7,1174(a7)
0x00013b32:  000bb783          ld                      a5,0(s7)
0x00013b36:  f8f43423          sd                      a5,-120(s0)
0x00013b3a:  4781              mv                      a5,zero
0x00013b3c:  0008bb03          ld                      s6,0(a7)
0x00013b40:  84ae              mv                      s1,a1
0x00013b42:  89aa              mv                      s3,a0
0x00013b44:  0006fd97          auipc                   s11,111                 # 0x82b44
0x00013b48:  57cd8d93          addi                    s11,s11,1404
0x00013b4c:  14058163          beqz                    a1,322                  # 0x13c8e

----------------
IN: sysmalloc
0x00013b50:  010db783          ld                      a5,16(s11)
0x00013b54:  12f57763          bleu                    a5,a0,302               # 0x13c82

----------------
IN: sysmalloc
0x00013b58:  0604b803          ld                      a6,96(s1)
0x00013b5c:  f8d2              sd                      s4,112(sp)
0x00013b5e:  f4d6              sd                      s5,104(sp)
0x00013b60:  00883783          ld                      a5,8(a6)
0x00013b64:  e14a              sd                      s2,128(sp)
0x00013b66:  e8e2              sd                      s8,80(sp)
0x00013b68:  ff87fa13          andi                    s4,a5,-8
0x00013b6c:  e4e6              sd                      s9,72(sp)
0x00013b6e:  e0ea              sd                      s10,64(sp)
0x00013b70:  f6043c23          sd                      zero,-136(s0)
0x00013b74:  06048713          addi                    a4,s1,96
0x00013b78:  01480ab3          add                     s5,a6,s4
0x00013b7c:  16e80063          beq                     a6,a4,352               # 0x13cdc

----------------
IN: sysmalloc
0x00013cdc:  ea0a12e3          bnez                    s4,-348                 # 0x13b80

----------------
IN: sysmalloc
0x00013ce0:  02098d13          addi                    s10,s3,32
0x00013ce4:  bd75              j                       -324                    # 0x13ba0

----------------
IN: sysmalloc
0x00013ba0:  0006fc97          auipc                   s9,111                  # 0x82ba0
0x00013ba4:  5b8c8c93          addi                    s9,s9,1464
0x00013ba8:  1d948063          beq                     s1,s9,448               # 0x13d68

----------------
IN: sysmalloc
0x00013d68:  008db783          ld                      a5,8(s11)
0x00013d6c:  40d8              lw                      a4,4(s1)
0x00013d6e:  02078793          addi                    a5,a5,32
0x00013d72:  8b09              andi                    a4,a4,2
0x00013d74:  97ce              add                     a5,a5,s3
0x00013d76:  e319              bnez                    a4,6                    # 0x13d7c

----------------
IN: sysmalloc
0x00013d78:  414787b3          sub                     a5,a5,s4
0x00013d7c:  028db703          ld                      a4,40(s11)
0x00013d80:  2e071a63          bnez                    a4,756                  # 0x14074

----------------
IN: sysmalloc
0x00013d84:  0008b703          ld                      a4,0(a7)
0x00013d88:  fff70c13          addi                    s8,a4,-1
0x00013d8c:  9c3e              add                     s8,s8,a5
0x00013d8e:  40e00733          neg                     a4,a4
0x00013d92:  00ec7c33          and                     s8,s8,a4
0x00013d96:  f9843023          sd                      s8,-128(s0)
0x00013d9a:  1b804163          bgtz                    s8,418                  # 0x13f3c

----------------
IN: sysmalloc
0x00013f3c:  00075797          auipc                   a5,117                  # 0x88f3c
0x00013f40:  6e47c783          lbu                     a5,1764(a5)
0x00013f44:  e4079de3          bnez                    a5,-422                 # 0x13d9e

----------------
IN: sysmalloc
0x00013f48:  8562              mv                      a0,s8
0x00013f4a:  f7043c23          sd                      a6,-136(s0)
0x00013f4e:  5d3030ef          jal                     ra,15826                # 0x17d20

----------------
IN: sbrk
0x00017d20:  7179              addi                    sp,sp,-48
0x00017d22:  f022              sd                      s0,32(sp)
0x00017d24:  ec26              sd                      s1,24(sp)
0x00017d26:  e84a              sd                      s2,16(sp)
0x00017d28:  e44e              sd                      s3,8(sp)
0x00017d2a:  f406              sd                      ra,40(sp)
0x00017d2c:  1800              addi                    s0,sp,48
0x00017d2e:  00072997          auipc                   s3,114                  # 0x89d2e
0x00017d32:  93298993          addi                    s3,s3,-1742
0x00017d36:  0009b903          ld                      s2,0(s3)
0x00017d3a:  84aa              mv                      s1,a0
0x00017d3c:  04090b63          beqz                    s2,86                   # 0x17d92

----------------
IN: sbrk
0x00017d92:  4501              mv                      a0,zero
0x00017d94:  8f7ff0ef          jal                     ra,-1802                # 0x1768a

----------------
IN: brk
0x0001768a:  1141              addi                    sp,sp,-16
0x0001768c:  e422              sd                      s0,8(sp)
0x0001768e:  0800              addi                    s0,sp,16
0x00017690:  87aa              mv                      a5,a0
0x00017692:  0d600893          addi                    a7,zero,214
0x00017696:  00000073          ecall                   

----------------
IN: brk
0x0001769a:  00072717          auipc                   a4,114                  # 0x8969a
0x0001769e:  fca73323          sd                      a0,-58(a4)
0x000176a2:  00f56663          bgtu                    a5,a0,12                # 0x176ae

----------------
IN: brk
0x000176a6:  4501              mv                      a0,zero
0x000176a8:  6422              ld                      s0,8(sp)
0x000176aa:  0141              addi                    sp,sp,16
0x000176ac:  8082              ret                     

----------------
IN: sbrk
0x00017d98:  fc0542e3          bltz                    a0,-60                  # 0x17d5c

----------------
IN: sbrk
0x00017d9c:  0009b903          ld                      s2,0(s3)
0x00017da0:  b745              j                       -96                     # 0x17d40

----------------
IN: sbrk
0x00017d40:  cc99              beqz                    s1,30                   # 0x17d5e

----------------
IN: sbrk
0x00017d42:  02905663          blez                    s1,44                   # 0x17d6e

----------------
IN: sbrk
0x00017d46:  00990533          add                     a0,s2,s1
0x00017d4a:  03257863          bleu                    s2,a0,48                # 0x17d7a

----------------
IN: sbrk
0x00017d7a:  911ff0ef          jal                     ra,-1776                # 0x1768a

----------------
IN: sbrk
0x00017d7e:  fc054fe3          bltz                    a0,-34                  # 0x17d5c

----------------
IN: sbrk
0x00017d82:  70a2              ld                      ra,40(sp)
0x00017d84:  7402              ld                      s0,32(sp)
0x00017d86:  64e2              ld                      s1,24(sp)
0x00017d88:  69a2              ld                      s3,8(sp)
0x00017d8a:  854a              mv                      a0,s2
0x00017d8c:  6942              ld                      s2,16(sp)
0x00017d8e:  6145              addi                    sp,sp,48
0x00017d90:  8082              ret                     

----------------
IN: sysmalloc
0x00013f52:  57fd              addi                    a5,zero,-1
0x00013f54:  f7843803          ld                      a6,-136(s0)
0x00013f58:  892a              mv                      s2,a0
0x00013f5a:  0006f897          auipc                   a7,111                  # 0x82f5a
0x00013f5e:  0668b883          ld                      a7,102(a7)
0x00013f62:  e2f50ee3          beq                     a0,a5,-452              # 0x13d9e

----------------
IN: sysmalloc
0x00013f66:  e2050ce3          beqz                    a0,-456                 # 0x13d9e

----------------
IN: sysmalloc
0x00013f6a:  028db783          ld                      a5,40(s11)
0x00013f6e:  c395              beqz                    a5,36                   # 0x13f92

----------------
IN: sysmalloc
0x00013f92:  4701              mv                      a4,zero
0x00013f94:  b591              j                       -444                    # 0x13dd8

----------------
IN: sysmalloc
0x00013dd8:  060db783          ld                      a5,96(s11)
0x00013ddc:  26078463          beqz                    a5,616                  # 0x14044

----------------
IN: sysmalloc
0x00014044:  072db023          sd                      s2,96(s11)
0x00014048:  bb61              j                       -616                    # 0x13de0

----------------
IN: sysmalloc
0x00013de0:  00070697          auipc                   a3,112                  # 0x83de0
0x00013de4:  37868693          addi                    a3,a3,888
0x00013de8:  8886b783          ld                      a5,-1912(a3)
0x00013dec:  97e2              add                     a5,a5,s8
0x00013dee:  88f6b423          sd                      a5,-1912(a3)
0x00013df2:  232a8f63          beq                     s5,s2,574               # 0x14030

----------------
IN: sysmalloc
0x00013df6:  004ca603          lw                      a2,4(s9)
0x00013dfa:  8a09              andi                    a2,a2,2
0x00013dfc:  1c061063          bnez                    a2,448                  # 0x13fbc

----------------
IN: sysmalloc
0x00013e00:  000a0963          beqz                    s4,18                   # 0x13e12

----------------
IN: sysmalloc
0x00013e12:  00f97713          andi                    a4,s2,15
0x00013e16:  20071763          bnez                    a4,526                  # 0x14024

----------------
IN: sysmalloc
0x00014024:  47c1              addi                    a5,zero,16
0x00014026:  8f99              sub                     a5,a5,a4
0x00014028:  00f90ab3          add                     s5,s2,a5
0x0001402c:  97d2              add                     a5,a5,s4
0x0001402e:  bbc5              j                       -528                    # 0x13e1e

----------------
IN: sysmalloc
0x00013e1e:  9c3e              add                     s8,s8,a5
0x00013e20:  9c4a              add                     s8,s8,s2
0x00013e22:  fffb0713          addi                    a4,s6,-1
0x00013e26:  9762              add                     a4,a4,s8
0x00013e28:  41600b33          neg                     s6,s6
0x00013e2c:  01677b33          and                     s6,a4,s6
0x00013e30:  418787b3          sub                     a5,a5,s8
0x00013e34:  9b3e              add                     s6,s6,a5
0x00013e36:  320b4563          bltz                    s6,810                  # 0x14160

----------------
IN: sysmalloc
0x00013e3a:  00075917          auipc                   s2,117                  # 0x88e3a
0x00013e3e:  7d690913          addi                    s2,s2,2006
0x00013e42:  01094783          lbu                     a5,16(s2)
0x00013e46:  1c079a63          bnez                    a5,468                  # 0x1401a

----------------
IN: sysmalloc
0x00013e4a:  855a              mv                      a0,s6
0x00013e4c:  f7043c23          sd                      a6,-136(s0)
0x00013e50:  6d1030ef          jal                     ra,16080                # 0x17d20

----------------
IN: sysmalloc
0x00013e54:  57fd              addi                    a5,zero,-1
0x00013e56:  f7843803          ld                      a6,-136(s0)
0x00013e5a:  872a              mv                      a4,a0
0x00013e5c:  00070697          auipc                   a3,112                  # 0x83e5c
0x00013e60:  2fc68693          addi                    a3,a3,764
0x00013e64:  22f50863          beq                     a0,a5,560               # 0x14094

----------------
IN: sysmalloc
0x00013e68:  0006f897          auipc                   a7,111                  # 0x82e68
0x00013e6c:  1588b883          ld                      a7,344(a7)
0x00013e70:  22050263          beqz                    a0,548                  # 0x14094

----------------
IN: sysmalloc
0x00013e74:  028db783          ld                      a5,40(s11)
0x00013e78:  1e078963          beqz                    a5,498                  # 0x1406a

----------------
IN: sysmalloc
0x0001406a:  8886b783          ld                      a5,-1912(a3)
0x0001406e:  8956              mv                      s2,s5
0x00014070:  97da              add                     a5,a5,s6
0x00014072:  bfa1              j                       -168                    # 0x13fca

----------------
IN: sysmalloc
0x00013fca:  41270733          sub                     a4,a4,s2
0x00013fce:  975a              add                     a4,a4,s6
0x00013fd0:  072cb023          sd                      s2,96(s9)
0x00013fd4:  00176713          ori                     a4,a4,1
0x00013fd8:  00e93423          sd                      a4,8(s2)
0x00013fdc:  88f6b423          sd                      a5,-1912(a3)
0x00013fe0:  c20a08e3          beqz                    s4,-976                 # 0x13c10

----------------
IN: sysmalloc
0x00013c10:  6705              lui                     a4,1
0x00013c12:  9726              add                     a4,a4,s1
0x00013c14:  89073683          ld                      a3,-1904(a4)
0x00013c18:  00f6f463          bleu                    a5,a3,8                 # 0x13c20

----------------
IN: sysmalloc
0x00013c1c:  88f73823          sd                      a5,-1904(a4)
0x00013c20:  00893703          ld                      a4,8(s2)
0x00013c24:  9b61              andi                    a4,a4,-8
0x00013c26:  13a76263          bgtu                    s10,a4,292              # 0x13d4a

----------------
IN: sysmalloc
0x00013c2a:  419487b3          sub                     a5,s1,s9
0x00013c2e:  00f037b3          snez                    a5,a5
0x00013c32:  078a              slli                    a5,a5,2
0x00013c34:  013906b3          add                     a3,s2,s3
0x00013c38:  0137e7b3          or                      a5,a5,s3
0x00013c3c:  f0b4              sd                      a3,96(s1)
0x00013c3e:  0017e793          ori                     a5,a5,1
0x00013c42:  41370733          sub                     a4,a4,s3
0x00013c46:  00f93423          sd                      a5,8(s2)
0x00013c4a:  00176713          ori                     a4,a4,1
0x00013c4e:  e698              sd                      a4,8(a3)
0x00013c50:  01090513          addi                    a0,s2,16
0x00013c54:  690a              ld                      s2,128(sp)
0x00013c56:  7a46              ld                      s4,112(sp)
0x00013c58:  7aa6              ld                      s5,104(sp)
0x00013c5a:  6c46              ld                      s8,80(sp)
0x00013c5c:  6ca6              ld                      s9,72(sp)
0x00013c5e:  6d06              ld                      s10,64(sp)
0x00013c60:  f8843703          ld                      a4,-120(s0)
0x00013c64:  000bb783          ld                      a5,0(s7)
0x00013c68:  8fb9              xor                     a5,a5,a4
0x00013c6a:  4701              mv                      a4,zero
0x00013c6c:  4c079163          bnez                    a5,1218                 # 0x1412e

----------------
IN: sysmalloc
0x00013c70:  60ea              ld                      ra,152(sp)
0x00013c72:  644a              ld                      s0,144(sp)
0x00013c74:  64aa              ld                      s1,136(sp)
0x00013c76:  79e6              ld                      s3,120(sp)
0x00013c78:  7b06              ld                      s6,96(sp)
0x00013c7a:  6be6              ld                      s7,88(sp)
0x00013c7c:  7de2              ld                      s11,56(sp)
0x00013c7e:  610d              addi                    sp,sp,160
0x00013c80:  8082              ret                     

----------------
IN: _int_malloc
0x00014d88:  8daa              mv                      s11,a0
0x00014d8a:  920505e3          beqz                    a0,-1750                # 0x146b4

----------------
IN: _int_malloc
0x00014d8e:  85ce              mv                      a1,s3
0x00014d90:  838fd0ef          jal                     ra,-12232               # 0x11dc8

----------------
IN: alloc_perturb
0x00011dc8:  1141              addi                    sp,sp,-16
0x00011dca:  e422              sd                      s0,8(sp)
0x00011dcc:  0800              addi                    s0,sp,16
0x00011dce:  00078797          auipc                   a5,120                  # 0x89dce
0x00011dd2:  8427a783          lw                      a5,-1982(a5)
0x00011dd6:  e781              bnez                    a5,8                    # 0x11dde

----------------
IN: alloc_perturb
0x00011dd8:  6422              ld                      s0,8(sp)
0x00011dda:  0141              addi                    sp,sp,16
0x00011ddc:  8082              ret                     

----------------
IN: _int_malloc
0x00014d94:  b205              j                       -1760                   # 0x146b4

----------------
IN: _int_malloc
0x000146b4:  64e6              ld                      s1,88(sp)
0x000146b6:  6946              ld                      s2,80(sp)
0x000146b8:  69a6              ld                      s3,72(sp)
0x000146ba:  6a06              ld                      s4,64(sp)
0x000146bc:  7ae2              ld                      s5,56(sp)
0x000146be:  7b42              ld                      s6,48(sp)
0x000146c0:  7ba2              ld                      s7,40(sp)
0x000146c2:  7c02              ld                      s8,32(sp)
0x000146c4:  6ce2              ld                      s9,24(sp)
0x000146c6:  6d42              ld                      s10,16(sp)
0x000146c8:  b701              j                       -256                    # 0x145c8

----------------
IN: _int_malloc
0x000145c8:  70a6              ld                      ra,104(sp)
0x000145ca:  7406              ld                      s0,96(sp)
0x000145cc:  856e              mv                      a0,s11
0x000145ce:  6da2              ld                      s11,8(sp)
0x000145d0:  6165              addi                    sp,sp,112
0x000145d2:  8082              ret                     

----------------
IN: tcache_init.part.0
0x00014e94:  892a              mv                      s2,a0
0x00014e96:  c929              beqz                    a0,82                   # 0x14ee8

----------------
IN: tcache_init.part.0
0x00014e98:  4781              mv                      a5,zero
0x00014e9a:  0af4a7af          amoswap.w.rl            a5,a5,(s1)
0x00014e9e:  4705              addi                    a4,zero,1
0x00014ea0:  2781              sext.w                  a5,a5
0x00014ea2:  00f75563          ble                     a5,a4,10                # 0x14eac

----------------
IN: tcache_init.part.0
0x00014eac:  6442              ld                      s0,16(sp)
0x00014eae:  02020793          addi                    a5,tp,32
0x00014eb2:  60e2              ld                      ra,24(sp)
0x00014eb4:  64a2              ld                      s1,8(sp)
0x00014eb6:  0127b423          sd                      s2,8(a5)
0x00014eba:  854a              mv                      a0,s2
0x00014ebc:  6902              ld                      s2,0(sp)
0x00014ebe:  28000613          addi                    a2,zero,640
0x00014ec2:  4581              mv                      a1,zero
0x00014ec4:  6105              addi                    sp,sp,32
0x00014ec6:  5fd0106f          j                       7676                    # 0x16cc2

----------------
IN: memset
0x00016d6a:  87b6              mv                      a5,a3
0x00016d6c:  8a1d              andi                    a2,a2,7
0x00016d6e:  bfd1              j                       -44                     # 0x16d42

----------------
IN: memset
0x00016d42:  0ff5f593          andi                    a1,a1,255
0x00016d46:  00c78733          add                     a4,a5,a2
0x00016d4a:  c611              beqz                    a2,12                   # 0x16d56

----------------
IN: __malloc
0x00015598:  0006e797          auipc                   a5,110                  # 0x83598
0x0001559c:  b907b783          ld                      a5,-1136(a5)
0x000155a0:  f2f97ce3          bleu                    a5,s2,-200              # 0x154d8

----------------
IN: __malloc
0x000155a4:  649c              ld                      a5,8(s1)
0x000155a6:  db8d              beqz                    a5,-206                 # 0x154d8

----------------
IN: __malloc
0x000155a8:  00191713          slli                    a4,s2,1
0x000155ac:  973e              add                     a4,a4,a5
0x000155ae:  00075683          lhu                     a3,0(a4)
0x000155b2:  d29d              beqz                    a3,-218                 # 0x154d8

----------------
IN: __malloc
0x000154d8:  8a022783          lw                      a5,-1888(tp)
0x000154dc:  10078563          beqz                    a5,266                  # 0x155e6

----------------
IN: __malloc
0x000155e6:  85ce              mv                      a1,s3
0x000155e8:  0006e517          auipc                   a0,110                  # 0x835e8
0x000155ec:  b7050513          addi                    a0,a0,-1168
0x000155f0:  bc1fe0ef          jal                     ra,-5184                # 0x141b0

----------------
IN: _int_malloc
0x000141ec:  0044d59b          srliw                   a1,s1,4
0x000141f0:  02059713          slli                    a4,a1,32
0x000141f4:  35f9              addiw                   a1,a1,-2
0x000141f6:  02059793          slli                    a5,a1,32
0x000141fa:  01d7d593          srli                    a1,a5,29
0x000141fe:  95ca              add                     a1,a1,s2
0x00014200:  699c              ld                      a5,16(a1)
0x00014202:  9301              srli                    a4,a4,32
0x00014204:  0044da9b          srliw                   s5,s1,4
0x00014208:  070e              slli                    a4,a4,3
0x0001420a:  38078b63          beqz                    a5,918                  # 0x145a0

----------------
IN: _int_malloc
0x000145a0:  001a979b          slliw                   a5,s5,1
0x000145a4:  27b1              addiw                   a5,a5,12
0x000145a6:  1782              slli                    a5,a5,32
0x000145a8:  83f5              srli                    a5,a5,29
0x000145aa:  b719              j                       -250                    # 0x144b0

----------------
IN: _int_malloc
0x000143a8:  0006fb97          auipc                   s7,111                  # 0x833a8
0x000143ac:  d80bbb83          ld                      s7,-640(s7)
0x000143b0:  017c3bb3          sltu                    s7,s8,s7
0x000143b4:  41700bb3          neg                     s7,s7
0x000143b8:  0174fbb3          and                     s7,s1,s7
0x000143bc:  07893703          ld                      a4,120(s2)
0x000143c0:  06090c93          addi                    s9,s2,96
0x000143c4:  4d01              mv                      s10,zero
0x000143c6:  3b970463          beq                     a4,s9,936               # 0x1476e

----------------
IN: _int_malloc
0x00014ce0:  0006e717          auipc                   a4,110                  # 0x82ce0
0x00014ce4:  47870713          addi                    a4,a4,1144
0x00014ce8:  40e90733          sub                     a4,s2,a4
0x00014cec:  00e03733          snez                    a4,a4
0x00014cf0:  070a              slli                    a4,a4,2
0x00014cf2:  009506b3          add                     a3,a0,s1
0x00014cf6:  8f45              or                      a4,a4,s1
0x00014cf8:  06d93023          sd                      a3,96(s2)
0x00014cfc:  00176713          ori                     a4,a4,1
0x00014d00:  8f85              sub                     a5,a5,s1
0x00014d02:  e518              sd                      a4,8(a0)
0x00014d04:  0017e793          ori                     a5,a5,1
0x00014d08:  01050d93          addi                    s11,a0,16
0x00014d0c:  e69c              sd                      a5,8(a3)
0x00014d0e:  85ce              mv                      a1,s3
0x00014d10:  856e              mv                      a0,s11
0x00014d12:  8b6fd0ef          jal                     ra,-12106               # 0x11dc8

----------------
IN: _int_malloc
0x00014d16:  ba79              j                       -1634                   # 0x146b4

----------------
IN: __malloc
0x000155f4:  84aa              mv                      s1,a0
0x000155f6:  cd25              beqz                    a0,120                  # 0x1566e

----------------
IN: __malloc
0x000155f8:  ff853783          ld                      a5,-8(a0)
0x000155fc:  0027f713          andi                    a4,a5,2
0x00015600:  ff21              bnez                    a4,-168                 # 0x15558

----------------
IN: __malloc
0x00015602:  8b91              andi                    a5,a5,4
0x00015604:  dbb1              beqz                    a5,-172                 # 0x15558

----------------
IN: __malloc
0x00015558:  70a2              ld                      ra,40(sp)
0x0001555a:  7402              ld                      s0,32(sp)
0x0001555c:  6942              ld                      s2,16(sp)
0x0001555e:  69a2              ld                      s3,8(sp)
0x00015560:  8526              mv                      a0,s1
0x00015562:  64e2              ld                      s1,24(sp)
0x00015564:  6145              addi                    sp,sp,48
0x00015566:  8082              ret                     

----------------
IN: _dl_get_origin
0x0002b70e:  89aa              mv                      s3,a0
0x0002b710:  d165              beqz                    a0,-32                  # 0x2b6f0

----------------
IN: _dl_get_origin
0x0002b712:  34fd              addiw                   s1,s1,-1
0x0002b714:  8626              mv                      a2,s1
0x0002b716:  85ca              mv                      a1,s2
0x0002b718:  d10eb0ef          jal                     ra,-84720               # 0x16c28

----------------
IN: _wordcopy_fwd_aligned
0x000170d0:  6198              ld                      a4,0(a1)
0x000170d2:  fe050793          addi                    a5,a0,-32
0x000170d6:  15a1              addi                    a1,a1,-24
0x000170d8:  060d              addi                    a2,a2,3
0x000170da:  b7b5              j                       -148                    # 0x17046

----------------
IN: _wordcopy_fwd_aligned
0x00017046:  0205b803          ld                      a6,32(a1)
0x0001704a:  02878693          addi                    a3,a5,40
0x0001704e:  e118              sd                      a4,0(a0)
0x00017050:  7598              ld                      a4,40(a1)
0x00017052:  03078513          addi                    a0,a5,48
0x00017056:  0106b023          sd                      a6,0(a3)
0x0001705a:  0305b803          ld                      a6,48(a1)
0x0001705e:  03878693          addi                    a3,a5,56
0x00017062:  e118              sd                      a4,0(a0)
0x00017064:  7d98              ld                      a4,56(a1)
0x00017066:  04078793          addi                    a5,a5,64
0x0001706a:  0106b023          sd                      a6,0(a3)
0x0001706e:  1661              addi                    a2,a2,-8
0x00017070:  853e              mv                      a0,a5
0x00017072:  04058593          addi                    a1,a1,64
0x00017076:  ea11              bnez                    a2,20                   # 0x1708a

----------------
IN: memcpy
0x00016c98:  0007c603          lbu                     a2,0(a5)
0x00016c9c:  0785              addi                    a5,a5,1
0x00016c9e:  00f706b3          add                     a3,a4,a5
0x00016ca2:  00c68023          sb                      a2,0(a3)
0x00016ca6:  fef599e3          bne                     a1,a5,-14               # 0x16c98

----------------
IN: _dl_get_origin
0x0002b71c:  9526              add                     a0,a0,s1
0x0002b71e:  00050023          sb                      zero,0(a0)
0x0002b722:  bfc1              j                       -48                     # 0x2b6f2

----------------
IN: _dl_get_origin
0x0002b6f2:  6285              lui                     t0,1
0x0002b6f4:  9116              add                     sp,sp,t0
0x0002b6f6:  70a2              ld                      ra,40(sp)
0x0002b6f8:  854e              mv                      a0,s3
0x0002b6fa:  7402              ld                      s0,32(sp)
0x0002b6fc:  64e2              ld                      s1,24(sp)
0x0002b6fe:  6942              ld                      s2,16(sp)
0x0002b700:  69a2              ld                      s3,8(sp)
0x0002b702:  6145              addi                    sp,sp,48
0x0002b704:  8082              ret                     

----------------
IN: _dl_non_dynamic_init
0x00019594:  00070b17          auipc                   s6,112                  # 0x89594
0x00019598:  10cb0b13          addi                    s6,s6,268
0x0001959c:  040b3683          ld                      a3,64(s6)
0x000195a0:  048b3703          ld                      a4,72(s6)
0x000195a4:  038b3783          ld                      a5,56(s6)
0x000195a8:  0006a917          auipc                   s2,106                  # 0x835a8
0x000195ac:  4f890913          addi                    s2,s2,1272
0x000195b0:  36a93023          sd                      a0,864(s2)
0x000195b4:  2cd93023          sd                      a3,704(s2)
0x000195b8:  2ce91823          sh                      a4,720(s2)
0x000195bc:  4981              mv                      s3,zero
0x000195be:  52078363          beqz                    a5,1318                 # 0x19ae4

----------------
IN: _dl_non_dynamic_init
0x000195c2:  0003c597          auipc                   a1,60                   # 0x555c2
0x000195c6:  c8658593          addi                    a1,a1,-890
0x000195ca:  4781              mv                      a5,zero
0x000195cc:  01000737          lui                     a4,4096
0x000195d0:  4681              mv                      a3,zero
0x000195d2:  4605              addi                    a2,zero,1
0x000195d4:  852e              mv                      a0,a1
0x000195d6:  645110ef          jal                     ra,73284                # 0x2b41a

----------------
IN: _dl_new_object
0x0002b41a:  711d              addi                    sp,sp,-96
0x0002b41c:  ec86              sd                      ra,88(sp)
0x0002b41e:  e8a2              sd                      s0,80(sp)
0x0002b420:  e4a6              sd                      s1,72(sp)
0x0002b422:  e0ca              sd                      s2,64(sp)
0x0002b424:  fc4e              sd                      s3,56(sp)
0x0002b426:  f852              sd                      s4,48(sp)
0x0002b428:  f456              sd                      s5,40(sp)
0x0002b42a:  f05a              sd                      s6,32(sp)
0x0002b42c:  ec5e              sd                      s7,24(sp)
0x0002b42e:  e862              sd                      s8,16(sp)
0x0002b430:  1080              addi                    s0,sp,96
0x0002b432:  8aaa              mv                      s5,a0
0x0002b434:  852e              mv                      a0,a1
0x0002b436:  8c2e              mv                      s8,a1
0x0002b438:  8b32              mv                      s6,a2
0x0002b43a:  84b6              mv                      s1,a3
0x0002b43c:  8a3a              mv                      s4,a4
0x0002b43e:  89be              mv                      s3,a5
0x0002b440:  aa3eb0ef          jal                     ra,-83294               # 0x16ee2

----------------
IN: strlen
0x00016ee2:  0feff737          lui                     a4,65279
0x00016ee6:  1141              addi                    sp,sp,-16
0x00016ee8:  0712              slli                    a4,a4,4
0x00016eea:  e422              sd                      s0,8(sp)
0x00016eec:  eff70713          addi                    a4,a4,-257
0x00016ef0:  0800              addi                    s0,sp,16
0x00016ef2:  ff857793          andi                    a5,a0,-8
0x00016ef6:  0742              slli                    a4,a4,16
0x00016ef8:  6390              ld                      a2,0(a5)
0x00016efa:  eff70713          addi                    a4,a4,-257
0x00016efe:  073e              slli                    a4,a4,15
0x00016f00:  f7f70713          addi                    a4,a4,-129
0x00016f04:  00e676b3          and                     a3,a2,a4
0x00016f08:  96ba              add                     a3,a3,a4
0x00016f0a:  8ed1              or                      a3,a3,a2
0x00016f0c:  8f55              or                      a4,a4,a3
0x00016f0e:  00757693          andi                    a3,a0,7
0x00016f12:  fff74713          not                     a4,a4
0x00016f16:  0036969b          slliw                   a3,a3,3
0x00016f1a:  00d75733          srl                     a4,a4,a3
0x00016f1e:  e741              bnez                    a4,136                  # 0x16fa6

----------------
IN: strlen
0x00016fa6:  08077793          andi                    a5,a4,128
0x00016faa:  4501              mv                      a0,zero
0x00016fac:  fbf5              bnez                    a5,-12                  # 0x16fa0

----------------
IN: strlen
0x00016fa0:  6422              ld                      s0,8(sp)
0x00016fa2:  0141              addi                    sp,sp,16
0x00016fa4:  8082              ret                     

----------------
IN: _dl_new_object
0x0002b444:  8baa              mv                      s7,a0
0x0002b446:  4585              addi                    a1,zero,1
0x0002b448:  4a150513          addi                    a0,a0,1185
0x0002b44c:  cefea0ef          jal                     ra,-86802               # 0x1613a

----------------
IN: __calloc
0x0001613a:  7139              addi                    sp,sp,-64
0x0001613c:  f04a              sd                      s2,32(sp)
0x0001613e:  02b50933          mul                     s2,a0,a1
0x00016142:  f822              sd                      s0,48(sp)
0x00016144:  fc06              sd                      ra,56(sp)
0x00016146:  f426              sd                      s1,40(sp)
0x00016148:  0080              addi                    s0,sp,64
0x0001614a:  02b537b3          mulhu                   a5,a0,a1
0x0001614e:  22094663          bltz                    s2,556                  # 0x1637a

----------------
IN: __calloc
0x00016152:  00f037b3          snez                    a5,a5
0x00016156:  22079263          bnez                    a5,548                  # 0x1637a

----------------
IN: __calloc
0x0001615a:  ec4e              sd                      s3,24(sp)
0x0001615c:  00073997          auipc                   s3,115                  # 0x8915c
0x00016160:  4b498993          addi                    s3,s3,1204
0x00016164:  0059c783          lbu                     a5,5(s3)
0x00016168:  e852              sd                      s4,16(sp)
0x0001616a:  e456              sd                      s5,8(sp)
0x0001616c:  e05a              sd                      s6,0(sp)
0x0001616e:  1a078e63          beqz                    a5,444                  # 0x1632a

----------------
IN: __calloc
0x00016172:  02020793          addi                    a5,tp,32
0x00016176:  6798              ld                      a4,8(a5)
0x00016178:  20070a63          beqz                    a4,532                  # 0x1638c

----------------
IN: __calloc
0x0001617c:  8a022783          lw                      a5,-1888(tp)
0x00016180:  10078f63          beqz                    a5,286                  # 0x1629e

----------------
IN: __calloc
0x0001629e:  0006da97          auipc                   s5,109                  # 0x8329e
0x000162a2:  ebaa8a93          addi                    s5,s5,-326
0x000162a6:  060abb03          ld                      s6,96(s5)
0x000162aa:  85ca              mv                      a1,s2
0x000162ac:  8556              mv                      a0,s5
0x000162ae:  008b3a03          ld                      s4,8(s6)
0x000162b2:  efffd0ef          jal                     ra,-8450                # 0x141b0

----------------
IN: _int_malloc
0x00014366:  f85a              sd                      s6,48(sp)
0x00014368:  f45e              sd                      s7,40(sp)
0x0001436a:  f062              sd                      s8,32(sp)
0x0001436c:  ec66              sd                      s9,24(sp)
0x0001436e:  e86a              sd                      s10,16(sp)
0x00014370:  0064da93          srli                    s5,s1,6
0x00014374:  03000793          addi                    a5,zero,48
0x00014378:  2357fa63          bleu                    s5,a5,564               # 0x145ac

----------------
IN: _int_malloc
0x000145ac:  030a8a9b          addiw                   s5,s5,48
0x000145b0:  bbe9              j                       -550                    # 0x1438a

----------------
IN: _int_malloc
0x0001438a:  00890793          addi                    a5,s2,8
0x0001438e:  439c              lw                      a5,0(a5)
0x00014390:  2781              sext.w                  a5,a5
0x00014392:  28079963          bnez                    a5,658                  # 0x14624

----------------
IN: _int_malloc
0x00014aae:  001a979b          slliw                   a5,s5,1
0x00014ab2:  00c7871b          addiw                   a4,a5,12
0x00014ab6:  1702              slli                    a4,a4,32
0x00014ab8:  8375              srli                    a4,a4,29
0x00014aba:  974a              add                     a4,a4,s2
0x00014abc:  6314              ld                      a3,0(a4)
0x00014abe:  ff070613          addi                    a2,a4,-16
0x00014ac2:  cac68ce3          beq                     a3,a2,-840              # 0x1477a

----------------
IN: _int_malloc
0x0001477a:  4585              addi                    a1,zero,1
0x0001477c:  4d8d              addi                    s11,zero,3
0x0001477e:  001a871b          addiw                   a4,s5,1
0x00014782:  0057569b          srliw                   a3,a4,5
0x00014786:  21868693          addi                    a3,a3,536
0x0001478a:  27b9              addiw                   a5,a5,14
0x0001478c:  068a              slli                    a3,a3,2
0x0001478e:  1782              slli                    a5,a5,32
0x00014790:  9381              srli                    a5,a5,32
0x00014792:  96ca              add                     a3,a3,s2
0x00014794:  078e              slli                    a5,a5,3
0x00014796:  4288              lw                      a0,0(a3)
0x00014798:  17c1              addi                    a5,a5,-16
0x0001479a:  0057581b          srliw                   a6,a4,5
0x0001479e:  97ca              add                     a5,a5,s2
0x000147a0:  00e5973b          sllw                    a4,a1,a4
0x000147a4:  10e56563          bgtu                    a4,a0,266               # 0x148ae

----------------
IN: __calloc
0x000162b6:  84aa              mv                      s1,a0
0x000162b8:  ff8a7a13          andi                    s4,s4,-8
0x000162bc:  fd05              bnez                    a0,-200                 # 0x161f4

----------------
IN: __calloc
0x000161f4:  ff853603          ld                      a2,-8(a0)
0x000161f8:  00267793          andi                    a5,a2,2
0x000161fc:  10079563          bnez                    a5,266                  # 0x16306

----------------
IN: __calloc
0x00016200:  00467793          andi                    a5,a2,4
0x00016204:  ff050713          addi                    a4,a0,-16
0x00016208:  12079763          bnez                    a5,302                  # 0x16336

----------------
IN: __calloc
0x0001620c:  0006d797          auipc                   a5,109                  # 0x8320c
0x00016210:  f4c78793          addi                    a5,a5,-180
0x00016214:  1efa9063          bne                     s5,a5,480               # 0x163f4

----------------
IN: __calloc
0x00016218:  8a022783          lw                      a5,-1888(tp)
0x0001621c:  14078063          beqz                    a5,320                  # 0x1635c

----------------
IN: __calloc
0x0001635c:  9a61              andi                    a2,a2,-8
0x0001635e:  b5c5              j                       -288                    # 0x1623e

----------------
IN: __calloc
0x0001623e:  0009a783          lw                      a5,0(s3)
0x00016242:  e399              bnez                    a5,6                    # 0x16248

----------------
IN: __calloc
0x00016244:  16eb0563          beq                     s6,a4,362               # 0x163ae

----------------
IN: __calloc
0x000163ae:  e8ca7de3          bleu                    a2,s4,-358              # 0x16248

----------------
IN: __calloc
0x00016248:  1661              addi                    a2,a2,-8
0x0001624a:  47dd              addi                    a5,zero,23
0x0001624c:  18c7f363          bleu                    a2,a5,390               # 0x163d2

----------------
IN: __calloc
0x00016250:  04f00793          addi                    a5,zero,79
0x00016254:  10c7e663          bgtu                    a2,a5,268               # 0x16360

----------------
IN: __calloc
0x00016360:  7442              ld                      s0,48(sp)
0x00016362:  69e2              ld                      s3,24(sp)
0x00016364:  6a42              ld                      s4,16(sp)
0x00016366:  6aa2              ld                      s5,8(sp)
0x00016368:  6b02              ld                      s6,0(sp)
0x0001636a:  70e2              ld                      ra,56(sp)
0x0001636c:  7902              ld                      s2,32(sp)
0x0001636e:  8526              mv                      a0,s1
0x00016370:  74a2              ld                      s1,40(sp)
0x00016372:  4581              mv                      a1,zero
0x00016374:  6121              addi                    sp,sp,64
0x00016376:  14d0006f          j                       2380                    # 0x16cc2

----------------
IN: _dl_new_object
0x0002b450:  892a              mv                      s2,a0
0x0002b452:  14050a63          beqz                    a0,340                  # 0x2b5a6

----------------
IN: _dl_new_object
0x0002b456:  e466              sd                      s9,8(sp)
0x0002b458:  48050713          addi                    a4,a0,1152
0x0002b45c:  48850793          addi                    a5,a0,1160
0x0002b460:  001b8c93          addi                    s9,s7,1
0x0002b464:  85e2              mv                      a1,s8
0x0002b466:  2ee93423          sd                      a4,744(s2)
0x0002b46a:  02f93c23          sd                      a5,56(s2)
0x0002b46e:  8666              mv                      a2,s9
0x0002b470:  4a050513          addi                    a0,a0,1184
0x0002b474:  03293423          sd                      s2,40(s2)
0x0002b478:  fb0eb0ef          jal                     ra,-84048               # 0x16c28

----------------
IN: memcpy
0x00016c8c:  177d              addi                    a4,a4,-1
0x00016c8e:  87a6              mv                      a5,s1
0x00016c90:  009605b3          add                     a1,a2,s1
0x00016c94:  8f05              sub                     a4,a4,s1
0x00016c96:  ca11              beqz                    a2,20                   # 0x16caa

----------------
IN: _dl_new_object
0x0002b47c:  000acc03          lbu                     s8,0(s5)
0x0002b480:  4785              addi                    a5,zero,1
0x0002b482:  48a93423          sd                      a0,1160(s2)
0x0002b486:  48f92c23          sw                      a5,1176(s2)
0x0002b48a:  8756              mv                      a4,s5
0x0002b48c:  120c0e63          beqz                    s8,316                  # 0x2b5c8

----------------
IN: _dl_new_object
0x0002b5c8:  01750733          add                     a4,a0,s7
0x0002b5cc:  b5d1              j                       -316                    # 0x2b490

----------------
IN: _dl_new_object
0x0002b490:  33495603          lhu                     a2,820(s2)
0x0002b494:  00058797          auipc                   a5,88                   # 0x83494
0x0002b498:  8047b783          ld                      a5,-2044(a5)
0x0002b49c:  439c              lw                      a5,0(a5)
0x0002b49e:  003b7b13          andi                    s6,s6,3
0x0002b4a2:  9a71              andi                    a2,a2,-4
0x0002b4a4:  01666633          or                      a2,a2,s6
0x0002b4a8:  00e93423          sd                      a4,8(s2)
0x0002b4ac:  32c91a23          sh                      a2,820(s2)
0x0002b4b0:  1007f793          andi                    a5,a5,256
0x0002b4b4:  10078663          beqz                    a5,268                  # 0x2b5c0

----------------
IN: _dl_new_object
0x0002b5c0:  4785              addi                    a5,zero,1
0x0002b5c2:  3ef92623          sw                      a5,1004(s2)
0x0002b5c6:  bdcd              j                       -270                    # 0x2b4b8

----------------
IN: _dl_new_object
0x0002b4b8:  00299793          slli                    a5,s3,2
0x0002b4bc:  97ce              add                     a5,a5,s3
0x0002b4be:  00058717          auipc                   a4,88                   # 0x834be
0x0002b4c2:  b2a73703          ld                      a4,-1238(a4)
0x0002b4c6:  0796              slli                    a5,a5,5
0x0002b4c8:  97ba              add                     a5,a5,a4
0x0002b4ca:  639c              ld                      a5,0(a5)
0x0002b4cc:  577d              addi                    a4,zero,-1
0x0002b4ce:  37890693          addi                    a3,s2,888
0x0002b4d2:  44e93823          sd                      a4,1104(s2)
0x0002b4d6:  4711              addi                    a4,zero,4
0x0002b4d8:  2e993c23          sd                      s1,760(s2)
0x0002b4dc:  03393823          sd                      s3,48(s2)
0x0002b4e0:  3ad93023          sd                      a3,928(s2)
0x0002b4e4:  38e93c23          sd                      a4,920(s2)
0x0002b4e8:  10078463          beqz                    a5,264                  # 0x2b5f0

----------------
IN: _dl_new_object
0x0002b4ec:  2d878713          addi                    a4,a5,728
0x0002b4f0:  36e93c23          sd                      a4,888(s2)
0x0002b4f4:  0e048a63          beqz                    s1,244                  # 0x2b5e8

----------------
IN: _dl_new_object
0x0002b5e8:  87ca              mv                      a5,s2
0x0002b5ea:  b7e5              j                       -24                     # 0x2b5d2

----------------
IN: _dl_new_object
0x0002b5d2:  2d878613          addi                    a2,a5,728
0x0002b5d6:  f2c70ae3          beq                     a4,a2,-204              # 0x2b50a

----------------
IN: _dl_new_object
0x0002b5da:  008a7a13          andi                    s4,s4,8
0x0002b5de:  000a0f63          beqz                    s4,30                   # 0x2b5fc

----------------
IN: _dl_new_object
0x0002b5fc:  38090693          addi                    a3,s2,896
0x0002b600:  b721              j                       -248                    # 0x2b508

----------------
IN: _dl_new_object
0x0002b508:  e290              sd                      a2,0(a3)
0x0002b50a:  2d890793          addi                    a5,s2,728
0x0002b50e:  3af93423          sd                      a5,936(s2)
0x0002b512:  0c0c0d63          beqz                    s8,218                  # 0x2b5ec

----------------
IN: _dl_new_object
0x0002b5ec:  6ca2              ld                      s9,8(sp)
0x0002b5ee:  bf65              j                       -72                     # 0x2b5a6

----------------
IN: _dl_new_object
0x0002b5a6:  60e6              ld                      ra,88(sp)
0x0002b5a8:  6446              ld                      s0,80(sp)
0x0002b5aa:  64a6              ld                      s1,72(sp)
0x0002b5ac:  79e2              ld                      s3,56(sp)
0x0002b5ae:  7a42              ld                      s4,48(sp)
0x0002b5b0:  7aa2              ld                      s5,40(sp)
0x0002b5b2:  7b02              ld                      s6,32(sp)
0x0002b5b4:  6be2              ld                      s7,24(sp)
0x0002b5b6:  6c42              ld                      s8,16(sp)
0x0002b5b8:  854a              mv                      a0,s2
0x0002b5ba:  6906              ld                      s2,64(sp)
0x0002b5bc:  6125              addi                    sp,sp,96
0x0002b5be:  8082              ret                     

----------------
IN: _dl_non_dynamic_init
0x000195da:  84aa              mv                      s1,a0
0x000195dc:  50050463          beqz                    a0,1288                 # 0x19ae4

----------------
IN: _dl_non_dynamic_init
0x000195e0:  038b3e03          ld                      t3,56(s6)
0x000195e4:  020e3783          ld                      a5,32(t3)
0x000195e8:  038e5683          lhu                     a3,56(t3)
0x000195ec:  97f2              add                     a5,a5,t3
0x000195ee:  2cf53023          sd                      a5,704(a0)
0x000195f2:  2cd51823          sh                      a3,720(a0)
0x000195f6:  0006871b          sext.w                  a4,a3
0x000195fa:  c6ad              beqz                    a3,106                  # 0x19664

----------------
IN: _dl_non_dynamic_init
0x000195fc:  377d              addiw                   a4,a4,-1
0x000195fe:  1702              slli                    a4,a4,32
0x00019600:  9301              srli                    a4,a4,32
0x00019602:  00371613          slli                    a2,a4,3
0x00019606:  8e19              sub                     a2,a2,a4
0x00019608:  060e              slli                    a2,a2,3
0x0001960a:  03878713          addi                    a4,a5,56
0x0001960e:  963a              add                     a2,a2,a4
0x00019610:  4509              addi                    a0,zero,2
0x00019612:  4805              addi                    a6,zero,1
0x00019614:  431d              addi                    t1,zero,7
0x00019616:  a809              j                       18                      # 0x19628

----------------
IN: _dl_non_dynamic_init
0x00019628:  4398              lw                      a4,0(a5)
0x0001962a:  fea717e3          bne                     a4,a0,-18               # 0x19618

----------------
IN: _dl_non_dynamic_init
0x00019618:  45070f63          beq                     a4,a6,1118              # 0x19a76

----------------
IN: _dl_non_dynamic_init
0x0001961c:  58670f63          beq                     a4,t1,1438              # 0x19bba

----------------
IN: _dl_non_dynamic_init
0x00019620:  03878793          addi                    a5,a5,56
0x00019624:  04c78063          beq                     a5,a2,64                # 0x19664

----------------
IN: _dl_non_dynamic_init
0x00019a76:  6094              ld                      a3,0(s1)
0x00019a78:  6b98              ld                      a4,16(a5)
0x00019a7a:  e291              bnez                    a3,4                    # 0x19a7e

----------------
IN: _dl_non_dynamic_init
0x00019a7c:  e098              sd                      a4,0(s1)
0x00019a7e:  778c              ld                      a1,40(a5)
0x00019a80:  3704b683          ld                      a3,880(s1)
0x00019a84:  972e              add                     a4,a4,a1
0x00019a86:  b8d76de3          bgtu                    a3,a4,-1126             # 0x19620

----------------
IN: _dl_non_dynamic_init
0x00019a8a:  36e4b823          sd                      a4,880(s1)
0x00019a8e:  be49              j                       -1134                   # 0x19620

----------------
IN: _dl_non_dynamic_init
0x0001962e:  43d8              lw                      a4,4(a5)
0x00019630:  3364c683          lbu                     a3,822(s1)
0x00019634:  778c              ld                      a1,40(a5)
0x00019636:  4017571b          sraiw                   a4,a4,1
0x0001963a:  00174713          xori                    a4,a4,1
0x0001963e:  0107b883          ld                      a7,16(a5)
0x00019642:  8b05              andi                    a4,a4,1
0x00019644:  0057171b          slliw                   a4,a4,5
0x00019648:  fdf6f693          andi                    a3,a3,-33
0x0001964c:  8191              srli                    a1,a1,4
0x0001964e:  8f55              or                      a4,a4,a3
0x00019650:  0114b823          sd                      a7,16(s1)
0x00019654:  2cb49923          sh                      a1,722(s1)
0x00019658:  32e48b23          sb                      a4,822(s1)
0x0001965c:  03878793          addi                    a5,a5,56
0x00019660:  fcc794e3          bne                     a5,a2,-56               # 0x19628

----------------
IN: _dl_non_dynamic_init
0x00019664:  609c              ld                      a5,0(s1)
0x00019666:  3704b683          ld                      a3,880(s1)
0x0001966a:  6898              ld                      a4,16(s1)
0x0001966c:  40fe07b3          sub                     a5,t3,a5
0x00019670:  96be              add                     a3,a3,a5
0x00019672:  973e              add                     a4,a4,a5
0x00019674:  37c4b423          sd                      t3,872(s1)
0x00019678:  e09c              sd                      a5,0(s1)
0x0001967a:  36d4b823          sd                      a3,880(s1)
0x0001967e:  e898              sd                      a4,16(s1)
0x00019680:  4e070c63          beqz                    a4,1272                 # 0x19b78

----------------
IN: _dl_non_dynamic_init
0x00019684:  631c              ld                      a5,0(a4)
0x00019686:  04048593          addi                    a1,s1,64
0x0001968a:  c3a9              beqz                    a5,66                   # 0x196cc

----------------
IN: _dl_non_dynamic_init
0x0001968c:  70000537          lui                     a0,458752
0x00019690:  70000e37          lui                     t3,458752
0x00019694:  700008b7          lui                     a7,458752
0x00019698:  02500613          addi                    a2,zero,37
0x0001969c:  157d              addi                    a0,a0,-1
0x0001969e:  483d              addi                    a6,zero,15
0x000196a0:  5ef1              addi                    t4,zero,-4
0x000196a2:  dffe0e13          addi                    t3,t3,-513
0x000196a6:  4fad              addi                    t6,zero,11
0x000196a8:  03500f13          addi                    t5,zero,53
0x000196ac:  02588893          addi                    a7,a7,37
0x000196b0:  00f67863          bleu                    a5,a2,16                # 0x196c0

----------------
IN: _dl_non_dynamic_init
0x000196c0:  078e              slli                    a5,a5,3
0x000196c2:  97ae              add                     a5,a5,a1
0x000196c4:  e398              sd                      a4,0(a5)
0x000196c6:  6b1c              ld                      a5,16(a4)
0x000196c8:  0741              addi                    a4,a4,16
0x000196ca:  f3fd              bnez                    a5,-26                  # 0x196b0

----------------
IN: _dl_non_dynamic_init
0x000196b0:  00f67863          bleu                    a5,a2,16                # 0x196c0

----------------
IN: _dl_non_dynamic_init
0x000196b4:  40f506b3          sub                     a3,a0,a5
0x000196b8:  3ed86f63          bgtu                    a3,a6,1022              # 0x19ab6

----------------
IN: _dl_non_dynamic_init
0x00019ab6:  0017969b          slliw                   a3,a5,1
0x00019aba:  4016d31b          sraiw                   t1,a3,1
0x00019abe:  006ef863          bleu                    t1,t4,16                # 0x19ace

----------------
IN: _dl_non_dynamic_init
0x00019ace:  40fe06b3          sub                     a3,t3,a5
0x00019ad2:  02dfec63          bgtu                    a3,t6,56                # 0x19b0a

----------------
IN: _dl_non_dynamic_init
0x00019b0a:  700006b7          lui                     a3,458752
0x00019b0e:  eff68693          addi                    a3,a3,-257
0x00019b12:  8e9d              sub                     a3,a3,a5
0x00019b14:  4329              addi                    t1,zero,10
0x00019b16:  bad368e3          bgtu                    a3,t1,-1104             # 0x196c6

----------------
IN: _dl_non_dynamic_init
0x00019b1a:  700006b7          lui                     a3,458752
0x00019b1e:  f4468693          addi                    a3,a3,-188
0x00019b22:  40f687b3          sub                     a5,a3,a5
0x00019b26:  be69              j                       -1126                   # 0x196c0

----------------
IN: _dl_non_dynamic_init
0x000196bc:  40f887b3          sub                     a5,a7,a5
0x000196c0:  078e              slli                    a5,a5,3
0x000196c2:  97ae              add                     a5,a5,a1
0x000196c4:  e398              sd                      a4,0(a5)
0x000196c6:  6b1c              ld                      a5,16(a4)
0x000196c8:  0741              addi                    a4,a4,16
0x000196ca:  f3fd              bnez                    a5,-26                  # 0x196b0

----------------
IN: _dl_non_dynamic_init
0x000196cc:  70fc              ld                      a5,224(s1)
0x000196ce:  c789              beqz                    a5,10                   # 0x196d8

----------------
IN: _dl_non_dynamic_init
0x000196d8:  7cbc              ld                      a5,120(s1)
0x000196da:  c791              beqz                    a5,12                   # 0x196e6

----------------
IN: _dl_non_dynamic_init
0x000196dc:  64d8              ld                      a4,136(s1)
0x000196de:  47e1              addi                    a5,zero,24
0x000196e0:  6718              ld                      a4,8(a4)
0x000196e2:  54f71763          bne                     a4,a5,1358              # 0x19c30

----------------
IN: _dl_non_dynamic_init
0x000196e6:  1604b783          ld                      a5,352(s1)
0x000196ea:  c799              beqz                    a5,14                   # 0x196f8

----------------
IN: _dl_non_dynamic_init
0x000196f8:  1304b703          ld                      a4,304(s1)
0x000196fc:  f062              sd                      s8,32(sp)
0x000196fe:  c305              beqz                    a4,32                   # 0x1971e

----------------
IN: _dl_non_dynamic_init
0x0001971e:  1904b783          ld                      a5,400(s1)
0x00019722:  c785              beqz                    a5,40                   # 0x1974a

----------------
IN: _dl_non_dynamic_init
0x0001974a:  1284b783          ld                      a5,296(s1)
0x0001974e:  c399              beqz                    a5,6                    # 0x19754

----------------
IN: _dl_non_dynamic_init
0x00019754:  8526              mv                      a0,s1
0x00019756:  526130ef          jal                     ra,79142                # 0x2cc7c

----------------
IN: _dl_setup_hash
0x0002cc7c:  2b853783          ld                      a5,696(a0)
0x0002cc80:  cba9              beqz                    a5,82                   # 0x2ccd2

----------------
IN: _dl_setup_hash
0x0002cc82:  6798              ld                      a4,8(a5)
0x0002cc84:  611c              ld                      a5,0(a0)
0x0002cc86:  973e              add                     a4,a4,a5
0x0002cc88:  4314              lw                      a3,0(a4)
0x0002cc8a:  30d52623          sw                      a3,780(a0)
0x0002cc8e:  471c              lw                      a5,8(a4)
0x0002cc90:  434c              lw                      a1,4(a4)
0x0002cc92:  fff7881b          addiw                   a6,a5,-1
0x0002cc96:  0107f633          and                     a2,a5,a6
0x0002cc9a:  2601              sext.w                  a2,a2
0x0002cc9c:  ee31              bnez                    a2,92                   # 0x2ccf8

----------------
IN: _dl_setup_hash
0x0002cc9e:  0017979b          slliw                   a5,a5,1
0x0002cca2:  1782              slli                    a5,a5,32
0x0002cca4:  1682              slli                    a3,a3,32
0x0002cca6:  1582              slli                    a1,a1,32
0x0002cca8:  31052823          sw                      a6,784(a0)
0x0002ccac:  9381              srli                    a5,a5,32
0x0002ccae:  9281              srli                    a3,a3,32
0x0002ccb0:  9181              srli                    a1,a1,32
0x0002ccb2:  4750              lw                      a2,12(a4)
0x0002ccb4:  078a              slli                    a5,a5,2
0x0002ccb6:  0741              addi                    a4,a4,16
0x0002ccb8:  8e8d              sub                     a3,a3,a1
0x0002ccba:  97ba              add                     a5,a5,a4
0x0002ccbc:  068a              slli                    a3,a3,2
0x0002ccbe:  96be              add                     a3,a3,a5
0x0002ccc0:  30c52a23          sw                      a2,788(a0)
0x0002ccc4:  30e53c23          sd                      a4,792(a0)
0x0002ccc8:  32f53023          sd                      a5,800(a0)
0x0002cccc:  32d53423          sd                      a3,808(a0)
0x0002ccd0:  8082              ret                     

----------------
IN: _dl_non_dynamic_init
0x0001975a:  3344d783          lhu                     a5,820(s1)
0x0001975e:  3a84b703          ld                      a4,936(s1)
0x00019762:  78d0              ld                      a2,176(s1)
0x00019764:  4685              addi                    a3,zero,1
0x00019766:  0087e793          ori                     a5,a5,8
0x0001976a:  32f49a23          sh                      a5,820(s1)
0x0001976e:  3ed4a623          sw                      a3,1004(s1)
0x00019772:  02848793          addi                    a5,s1,40
0x00019776:  c714              sw                      a3,8(a4)
0x00019778:  e31c              sd                      a5,0(a4)
0x0001977a:  ca11              beqz                    a2,20                   # 0x1978e

----------------
IN: _dl_non_dynamic_init
0x0001977c:  74bc              ld                      a5,104(s1)
0x0001977e:  6610              ld                      a2,8(a2)
0x00019780:  6094              ld                      a3,0(s1)
0x00019782:  679c              ld                      a5,8(a5)
0x00019784:  7c98              ld                      a4,56(s1)
0x00019786:  97b2              add                     a5,a5,a2
0x00019788:  97b6              add                     a5,a5,a3
0x0001978a:  e31c              sd                      a5,0(a4)
0x0001978c:  e49c              sd                      a5,8(s1)
0x0001978e:  4581              mv                      a1,zero
0x00019790:  8526              mv                      a0,s1
0x00019792:  409110ef          jal                     ra,72712                # 0x2b39a

----------------
IN: _dl_add_to_namespace_list
0x0002b39a:  1101              addi                    sp,sp,-32
0x0002b39c:  e822              sd                      s0,16(sp)
0x0002b39e:  e426              sd                      s1,8(sp)
0x0002b3a0:  e04a              sd                      s2,0(sp)
0x0002b3a2:  ec06              sd                      ra,24(sp)
0x0002b3a4:  1000              addi                    s0,sp,32
0x0002b3a6:  892a              mv                      s2,a0
0x0002b3a8:  00058517          auipc                   a0,88                   # 0x833a8
0x0002b3ac:  be053503          ld                      a0,-1056(a0)
0x0002b3b0:  84ae              mv                      s1,a1
0x0002b3b2:  8d6f80ef          jal                     ra,-32554               # 0x23488

----------------
IN: ___pthread_mutex_lock
0x00023488:  01050793          addi                    a5,a0,16
0x0002348c:  439c              lw                      a5,0(a5)
0x0002348e:  07c7f713          andi                    a4,a5,124
0x00023492:  e325              bnez                    a4,96                   # 0x234f2

----------------
IN: ___pthread_mutex_lock
0x00023494:  1101              addi                    sp,sp,-32
0x00023496:  e822              sd                      s0,16(sp)
0x00023498:  e426              sd                      s1,8(sp)
0x0002349a:  ec06              sd                      ra,24(sp)
0x0002349c:  1000              addi                    s0,sp,32
0x0002349e:  17f7f793          andi                    a5,a5,383
0x000234a2:  84aa              mv                      s1,a0
0x000234a4:  eba1              bnez                    a5,80                   # 0x234f4

----------------
IN: ___pthread_mutex_lock
0x000234f4:  01050793          addi                    a5,a0,16
0x000234f8:  439c              lw                      a5,0(a5)
0x000234fa:  4705              addi                    a4,zero,1
0x000234fc:  07f7f793          andi                    a5,a5,127
0x00023500:  06e79363          bne                     a5,a4,102               # 0x23566

----------------
IN: ___pthread_mutex_lock
0x00023504:  4518              lw                      a4,8(a0)
0x00023506:  97022683          lw                      a3,-1680(tp)
0x0002350a:  00d71d63          bne                     a4,a3,26                # 0x23524

----------------
IN: ___pthread_mutex_lock
0x00023524:  01050693          addi                    a3,a0,16
0x00023528:  428c              lw                      a1,0(a3)
0x0002352a:  0805f593          andi                    a1,a1,128
0x0002352e:  ed81              bnez                    a1,24                   # 0x23546

----------------
IN: ___pthread_mutex_lock
0x00023530:  8a022683          lw                      a3,-1888(tp)
0x00023534:  ea89              bnez                    a3,18                   # 0x23546

----------------
IN: ___pthread_mutex_lock
0x00023536:  4114              lw                      a3,0(a0)
0x00023538:  e699              bnez                    a3,14                   # 0x23546

----------------
IN: ___pthread_mutex_lock
0x0002353a:  c11c              sw                      a5,0(a0)
0x0002353c:  12071b63          bnez                    a4,310                  # 0x23672

----------------
IN: ___pthread_mutex_lock
0x00023540:  4785              addi                    a5,zero,1
0x00023542:  c0dc              sw                      a5,4(s1)
0x00023544:  b759              j                       -122                    # 0x234ca

----------------
IN: ___pthread_mutex_lock
0x000234ca:  44dc              lw                      a5,12(s1)
0x000234cc:  97022703          lw                      a4,-1680(tp)
0x000234d0:  2785              addiw                   a5,a5,1
0x000234d2:  c498              sw                      a4,8(s1)
0x000234d4:  c4dc              sw                      a5,12(s1)
0x000234d6:  4501              mv                      a0,zero
0x000234d8:  60e2              ld                      ra,24(sp)
0x000234da:  6442              ld                      s0,16(sp)
0x000234dc:  64a2              ld                      s1,8(sp)
0x000234de:  6105              addi                    sp,sp,32
0x000234e0:  8082              ret                     

----------------
IN: _dl_add_to_namespace_list
0x0002b3b6:  00249693          slli                    a3,s1,2
0x0002b3ba:  00968733          add                     a4,a3,s1
0x0002b3be:  00058617          auipc                   a2,88                   # 0x833be
0x0002b3c2:  c2a63603          ld                      a2,-982(a2)
0x0002b3c6:  0716              slli                    a4,a4,5
0x0002b3c8:  9732              add                     a4,a4,a2
0x0002b3ca:  631c              ld                      a5,0(a4)
0x0002b3cc:  c7a1              beqz                    a5,72                   # 0x2b414

----------------
IN: _dl_add_to_namespace_list
0x0002b3ce:  873e              mv                      a4,a5
0x0002b3d0:  6f9c              ld                      a5,24(a5)
0x0002b3d2:  fff5              bnez                    a5,-4                   # 0x2b3ce

----------------
IN: _dl_add_to_namespace_list
0x0002b3d4:  02e93023          sd                      a4,32(s2)
0x0002b3d8:  01273c23          sd                      s2,24(a4)
0x0002b3dc:  96a6              add                     a3,a3,s1
0x0002b3de:  0696              slli                    a3,a3,5
0x0002b3e0:  00d607b3          add                     a5,a2,a3
0x0002b3e4:  4798              lw                      a4,8(a5)
0x0002b3e6:  00058697          auipc                   a3,88                   # 0x833e6
0x0002b3ea:  8ca6b683          ld                      a3,-1846(a3)
0x0002b3ee:  6290              ld                      a2,0(a3)
0x0002b3f0:  2705              addiw                   a4,a4,1
0x0002b3f2:  c798              sw                      a4,8(a5)
0x0002b3f4:  6442              ld                      s0,16(sp)
0x0002b3f6:  60e2              ld                      ra,24(sp)
0x0002b3f8:  64a2              ld                      s1,8(sp)
0x0002b3fa:  46c93c23          sd                      a2,1144(s2)
0x0002b3fe:  00160793          addi                    a5,a2,1
0x0002b402:  6902              ld                      s2,0(sp)
0x0002b404:  e29c              sd                      a5,0(a3)
0x0002b406:  00058517          auipc                   a0,88                   # 0x83406
0x0002b40a:  b8253503          ld                      a0,-1150(a0)
0x0002b40e:  6105              addi                    sp,sp,32
0x0002b410:  ef8f806f          j                       -30984                  # 0x23b08

----------------
IN: ___pthread_mutex_unlock
0x00023b08:  1141              addi                    sp,sp,-16
0x00023b0a:  e422              sd                      s0,8(sp)
0x00023b0c:  0800              addi                    s0,sp,16
0x00023b0e:  6422              ld                      s0,8(sp)
0x00023b10:  4585              addi                    a1,zero,1
0x00023b12:  0141              addi                    sp,sp,16
0x00023b14:  bddd              j                       -266                    # 0x23a0a

----------------
IN: __pthread_mutex_unlock_usercnt
0x00023a0a:  01050713          addi                    a4,a0,16
0x00023a0e:  4318              lw                      a4,0(a4)
0x00023a10:  07c77813          andi                    a6,a4,124
0x00023a14:  04081d63          bnez                    a6,90                   # 0x23a6e

----------------
IN: __pthread_mutex_unlock_usercnt
0x00023a18:  1141              addi                    sp,sp,-16
0x00023a1a:  e022              sd                      s0,0(sp)
0x00023a1c:  e406              sd                      ra,8(sp)
0x00023a1e:  0800              addi                    s0,sp,16
0x00023a20:  17f77713          andi                    a4,a4,383
0x00023a24:  87aa              mv                      a5,a0
0x00023a26:  86ae              mv                      a3,a1
0x00023a28:  e721              bnez                    a4,72                   # 0x23a70

----------------
IN: __pthread_mutex_unlock_usercnt
0x00023a70:  10000593          addi                    a1,zero,256
0x00023a74:  02b71163          bne                     a4,a1,34                # 0x23a96

----------------
IN: __pthread_mutex_unlock_usercnt
0x00023a96:  01050613          addi                    a2,a0,16
0x00023a9a:  4210              lw                      a2,0(a2)
0x00023a9c:  4585              addi                    a1,zero,1
0x00023a9e:  07f67613          andi                    a2,a2,127
0x00023aa2:  00b61f63          bne                     a2,a1,30                # 0x23ac0

----------------
IN: __pthread_mutex_unlock_usercnt
0x00023aa6:  4510              lw                      a2,8(a0)
0x00023aa8:  97022703          lw                      a4,-1680(tp)
0x00023aac:  00e60463          beq                     a2,a4,8                 # 0x23ab4

----------------
IN: __pthread_mutex_unlock_usercnt
0x00023ab4:  4158              lw                      a4,4(a0)
0x00023ab6:  fff7061b          addiw                   a2,a4,-1
0x00023aba:  c3d0              sw                      a2,4(a5)
0x00023abc:  f649              bnez                    a2,-118                 # 0x23a46

----------------
IN: __pthread_mutex_unlock_usercnt
0x00023abe:  b7b5              j                       -148                    # 0x23a2a

----------------
IN: __pthread_mutex_unlock_usercnt
0x00023a2a:  0007a423          sw                      zero,8(a5)
0x00023a2e:  ee85              bnez                    a3,56                   # 0x23a66

----------------
IN: __pthread_mutex_unlock_usercnt
0x00023a66:  47d8              lw                      a4,12(a5)
0x00023a68:  377d              addiw                   a4,a4,-1
0x00023a6a:  c7d8              sw                      a4,12(a5)
0x00023a6c:  b7d1              j                       -60                     # 0x23a30

----------------
IN: __pthread_mutex_unlock_usercnt
0x00023a30:  01078713          addi                    a4,a5,16
0x00023a34:  430c              lw                      a1,0(a4)
0x00023a36:  0805f593          andi                    a1,a1,128
0x00023a3a:  e999              bnez                    a1,22                   # 0x23a50

----------------
IN: __pthread_mutex_unlock_usercnt
0x00023a3c:  8a022703          lw                      a4,-1888(tp)
0x00023a40:  eb01              bnez                    a4,16                   # 0x23a50

----------------
IN: __pthread_mutex_unlock_usercnt
0x00023a42:  0007a023          sw                      zero,0(a5)
0x00023a46:  4501              mv                      a0,zero
0x00023a48:  60a2              ld                      ra,8(sp)
0x00023a4a:  6402              ld                      s0,0(sp)
0x00023a4c:  0141              addi                    sp,sp,16
0x00023a4e:  8082              ret                     

----------------
IN: _dl_non_dynamic_init
0x00019796:  4785              addi                    a5,zero,1
0x00019798:  0006a717          auipc                   a4,106                  # 0x83798
0x0001979c:  26f73823          sd                      a5,624(a4)
0x000197a0:  049b3c23          sd                      s1,88(s6)
0x000197a4:  f9040c13          addi                    s8,s0,-112
0x000197a8:  f8043c23          sd                      zero,-104(s0)
0x000197ac:  00066717          auipc                   a4,102                  # 0x7f7ac
0x000197b0:  c0c70713          addi                    a4,a4,-1012
0x000197b4:  02000313          addi                    t1,zero,32
0x000197b8:  f9840b93          addi                    s7,s0,-104
0x000197bc:  4881              mv                      a7,zero
0x000197be:  4801              mv                      a6,zero
0x000197c0:  4781              mv                      a5,zero
0x000197c2:  3a848693          addi                    a3,s1,936
0x000197c6:  8662              mv                      a2,s8
0x000197c8:  85a6              mv                      a1,s1
0x000197ca:  0003c517          auipc                   a0,60                   # 0x557ca
0x000197ce:  87650513          addi                    a0,a0,-1930
0x000197d2:  fa043023          sd                      zero,-96(s0)
0x000197d6:  fa043423          sd                      zero,-88(s0)
0x000197da:  f8640e23          sb                      t1,-100(s0)
0x000197de:  f9743823          sd                      s7,-112(s0)
0x000197e2:  16a110ef          jal                     ra,69994                # 0x2a94c

----------------
IN: _dl_lookup_symbol_x
0x0002a94c:  7151              addi                    sp,sp,-240
0x0002a94e:  f1a2              sd                      s0,224(sp)
0x0002a950:  eda6              sd                      s1,216(sp)
0x0002a952:  1980              addi                    s0,sp,240
0x0002a954:  e9ca              sd                      s2,208(sp)
0x0002a956:  e5ce              sd                      s3,200(sp)
0x0002a958:  e1d2              sd                      s4,192(sp)
0x0002a95a:  fd56              sd                      s5,184(sp)
0x0002a95c:  f95a              sd                      s6,176(sp)
0x0002a95e:  f55e              sd                      s7,168(sp)
0x0002a960:  f586              sd                      ra,232(sp)
0x0002a962:  e96a              sd                      s10,144(sp)
0x0002a964:  e56e              sd                      s11,136(sp)
0x0002a966:  8bbe              mv                      s7,a5
0x0002a968:  57fd              addi                    a5,zero,-1
0x0002a96a:  9381              srli                    a5,a5,32
0x0002a96c:  84aa              mv                      s1,a0
0x0002a96e:  8b2e              mv                      s6,a1
0x0002a970:  8932              mv                      s2,a2
0x0002a972:  f4d43823          sd                      a3,-176(s0)
0x0002a976:  8a3a              mv                      s4,a4
0x0002a978:  8ac2              mv                      s5,a6
0x0002a97a:  89c6              mv                      s3,a7
0x0002a97c:  f4f43423          sd                      a5,-184(s0)
0x0002a980:  0004c703          lbu                     a4,0(s1)
0x0002a984:  6d05              lui                     s10,1
0x0002a986:  22070463          beqz                    a4,552                  # 0x2abae

----------------
IN: _dl_lookup_symbol_x
0x0002a98a:  86a6              mv                      a3,s1
0x0002a98c:  505d0d13          addi                    s10,s10,1285
0x0002a990:  0016c783          lbu                     a5,1(a3)
0x0002a994:  863e              mv                      a2,a5
0x0002a996:  16078863          beqz                    a5,368                  # 0x2ab06

----------------
IN: _dl_lookup_symbol_x
0x0002a99a:  004d179b          slliw                   a5,s10,4
0x0002a99e:  01a787bb          addw                    a5,a5,s10
0x0002a9a2:  0067979b          slliw                   a5,a5,6
0x0002a9a6:  01a787bb          addw                    a5,a5,s10
0x0002a9aa:  0057159b          slliw                   a1,a4,5
0x0002a9ae:  9fad              addw                    a5,a5,a1
0x0002a9b0:  0689              addi                    a3,a3,2
0x0002a9b2:  9fb9              addw                    a5,a5,a4
0x0002a9b4:  0006c703          lbu                     a4,0(a3)
0x0002a9b8:  00c78d3b          addw                    s10,a5,a2
0x0002a9bc:  fb71              bnez                    a4,-44                  # 0x2a990

----------------
IN: _dl_lookup_symbol_x
0x0002a990:  0016c783          lbu                     a5,1(a3)
0x0002a994:  863e              mv                      a2,a5
0x0002a996:  16078863          beqz                    a5,368                  # 0x2ab06

----------------
IN: _dl_lookup_symbol_x
0x0002a9be:  f4843783          ld                      a5,-184(s0)
0x0002a9c2:  f6043423          sd                      zero,-152(s0)
0x0002a9c6:  f6043823          sd                      zero,-144(s0)
0x0002a9ca:  f6f43023          sd                      a5,-160(s0)
0x0002a9ce:  000a0663          beqz                    s4,12                   # 0x2a9da

----------------
IN: _dl_lookup_symbol_x
0x0002a9d2:  002af793          andi                    a5,s5,2
0x0002a9d6:  60079a63          bnez                    a5,1556                 # 0x2afea

----------------
IN: _dl_lookup_symbol_x
0x0002a9da:  f5043783          ld                      a5,-176(s0)
0x0002a9de:  639c              ld                      a5,0(a5)
0x0002a9e0:  1a099463          bnez                    s3,424                  # 0x2ab88

----------------
IN: _dl_lookup_symbol_x
0x0002a9e4:  24078863          beqz                    a5,592                  # 0x2ac34

----------------
IN: _dl_lookup_symbol_x
0x0002a9e8:  f162              sd                      s8,160(sp)
0x0002a9ea:  ed66              sd                      s9,152(sp)
0x0002a9ec:  f4043c23          sd                      zero,-168(s0)
0x0002a9f0:  f5843803          ld                      a6,-168(s0)
0x0002a9f4:  f5043d83          ld                      s11,-176(s0)
0x0002a9f8:  f6840c93          addi                    s9,s0,-152
0x0002a9fc:  f6040c13          addi                    s8,s0,-160
0x0002aa00:  a031              j                       12                      # 0x2aa0c

----------------
IN: _dl_lookup_symbol_x
0x0002aa0c:  00093683          ld                      a3,0(s2)
0x0002aa10:  88d2              mv                      a7,s4
0x0002aa12:  ec5a              sd                      s6,24(sp)
0x0002aa14:  e85e              sd                      s7,16(sp)
0x0002aa16:  e44e              sd                      s3,8(sp)
0x0002aa18:  e056              sd                      s5,0(sp)
0x0002aa1a:  8766              mv                      a4,s9
0x0002aa1c:  8662              mv                      a2,s8
0x0002aa1e:  85ea              mv                      a1,s10
0x0002aa20:  8526              mv                      a0,s1
0x0002aa22:  deaff0ef          jal                     ra,-2582                # 0x2a00c

----------------
IN: do_lookup_x
0x0002a00c:  716d              addi                    sp,sp,-272
0x0002a00e:  e222              sd                      s0,256(sp)
0x0002a010:  f9ca              sd                      s2,240(sp)
0x0002a012:  0a00              addi                    s0,sp,272
0x0002a014:  e9da              sd                      s6,208(sp)
0x0002a016:  e606              sd                      ra,264(sp)
0x0002a018:  fda6              sd                      s1,248(sp)
0x0002a01a:  f1d2              sd                      s4,224(sp)
0x0002a01c:  e5de              sd                      s7,200(sp)
0x0002a01e:  e1e2              sd                      s8,192(sp)
0x0002a020:  fd66              sd                      s9,184(sp)
0x0002a022:  f56e              sd                      s11,168(sp)
0x0002a024:  0087e303          lwu                     t1,8(a5)
0x0002a028:  f6d43c23          sd                      a3,-136(s0)
0x0002a02c:  4014              lw                      a3,0(s0)
0x0002a02e:  f4e43c23          sd                      a4,-168(s0)
0x0002a032:  00843e03          ld                      t3,8(s0)
0x0002a036:  8742              mv                      a4,a6
0x0002a038:  01042b03          lw                      s6,16(s0)
0x0002a03c:  01843f03          ld                      t5,24(s0)
0x0002a040:  892a              mv                      s2,a0
0x0002a042:  82ae              mv                      t0,a1
0x0002a044:  f4c43823          sd                      a2,-176(s0)
0x0002a048:  f7143023          sd                      a7,-160(s0)
0x0002a04c:  f6d43423          sd                      a3,-152(s0)
0x0002a050:  881a              mv                      a6,t1
0x0002a052:  0007b303          ld                      t1,0(a5)
0x0002a056:  03f5fd93          andi                    s11,a1,63
0x0002a05a:  00371793          slli                    a5,a4,3
0x0002a05e:  933e              add                     t1,t1,a5
0x0002a060:  0065d39b          srliw                   t2,a1,6
0x0002a064:  87ee              mv                      a5,s11
0x0002a066:  8bba              mv                      s7,a4
0x0002a068:  8df2              mv                      s11,t3
0x0002a06a:  002b7e93          andi                    t4,s6,2
0x0002a06e:  00059a17          auipc                   s4,89                   # 0x8306e
0x0002a072:  c2aa3a03          ld                      s4,-982(s4)
0x0002a076:  4c05              addi                    s8,zero,1
0x0002a078:  8c9e              mv                      s9,t2
0x0002a07a:  8f9a              mv                      t6,t1
0x0002a07c:  f7643823          sd                      s6,-144(s0)
0x0002a080:  8742              mv                      a4,a6
0x0002a082:  8e3e              mv                      t3,a5
0x0002a084:  a899              j                       86                      # 0x2a0da

----------------
IN: do_lookup_x
0x0002a0da:  000fb783          ld                      a5,0(t6)
0x0002a0de:  7784              ld                      s1,40(a5)
0x0002a0e0:  ffb489e3          beq                     s1,s11,-14              # 0x2a0d2

----------------
IN: do_lookup_x
0x0002a0e4:  000e8663          beqz                    t4,12                   # 0x2a0f0

----------------
IN: do_lookup_x
0x0002a0f0:  3364c783          lbu                     a5,822(s1)
0x0002a0f4:  8b91              andi                    a5,a5,4
0x0002a0f6:  c799              beqz                    a5,14                   # 0x2a104

----------------
IN: do_lookup_x
0x0002a104:  000a2783          lw                      a5,0(s4)
0x0002a108:  8ba1              andi                    a5,a5,8
0x0002a10a:  dfb5              beqz                    a5,-132                 # 0x2a086

----------------
IN: do_lookup_x
0x0002a086:  30c4a583          lw                      a1,780(s1)
0x0002a08a:  c5a1              beqz                    a1,72                   # 0x2a0d2

----------------
IN: do_lookup_x
0x0002a08c:  78b4              ld                      a3,112(s1)
0x0002a08e:  74bc              ld                      a5,104(s1)
0x0002a090:  0004b883          ld                      a7,0(s1)
0x0002a094:  6694              ld                      a3,8(a3)
0x0002a096:  679c              ld                      a5,8(a5)
0x0002a098:  3184b503          ld                      a0,792(s1)
0x0002a09c:  f8042223          sw                      zero,-124(s0)
0x0002a0a0:  f8043423          sd                      zero,-120(s0)
0x0002a0a4:  00d88b33          add                     s6,a7,a3
0x0002a0a8:  98be              add                     a7,a7,a5
0x0002a0aa:  c171              beqz                    a0,196                  # 0x2a16e

----------------
IN: do_lookup_x
0x0002a0ac:  3104a603          lw                      a2,784(s1)
0x0002a0b0:  3144a783          lw                      a5,788(s1)
0x0002a0b4:  01967633          and                     a2,a2,s9
0x0002a0b8:  060e              slli                    a2,a2,3
0x0002a0ba:  9532              add                     a0,a0,a2
0x0002a0bc:  6110              ld                      a2,0(a0)
0x0002a0be:  00f2d7bb          srlw                    a5,t0,a5
0x0002a0c2:  00f657b3          srl                     a5,a2,a5
0x0002a0c6:  01c65633          srl                     a2,a2,t3
0x0002a0ca:  8ff1              and                     a5,a5,a2
0x0002a0cc:  8b85              andi                    a5,a5,1
0x0002a0ce:  20079363          bnez                    a5,518                  # 0x2a2d4

----------------
IN: do_lookup_x
0x0002a2d4:  02b2f5bb          remuw                   a1,t0,a1
0x0002a2d8:  3204b783          ld                      a5,800(s1)
0x0002a2dc:  02059613          slli                    a2,a1,32
0x0002a2e0:  01e65593          srli                    a1,a2,30
0x0002a2e4:  97ae              add                     a5,a5,a1
0x0002a2e6:  439c              lw                      a5,0(a5)
0x0002a2e8:  de0785e3          beqz                    a5,-534                 # 0x2a0d2

----------------
IN: do_lookup_x
0x0002a2ec:  3284b303          ld                      t1,808(s1)
0x0002a2f0:  02079613          slli                    a2,a5,32
0x0002a2f4:  01e65793          srli                    a5,a2,30
0x0002a2f8:  f5ce              sd                      s3,232(sp)
0x0002a2fa:  00f309b3          add                     s3,t1,a5
0x0002a2fe:  57fd              addi                    a5,zero,-1
0x0002a300:  9381              srli                    a5,a5,32
0x0002a302:  edd6              sd                      s5,216(sp)
0x0002a304:  f96a              sd                      s10,176(sp)
0x0002a306:  f5943023          sd                      s9,-192(s0)
0x0002a30a:  f3743823          sd                      s7,-208(s0)
0x0002a30e:  f4f43423          sd                      a5,-184(s0)
0x0002a312:  8bce              mv                      s7,s3
0x0002a314:  f8440a93          addi                    s5,s0,-124
0x0002a318:  f8840d13          addi                    s10,s0,-120
0x0002a31c:  f3f43c23          sd                      t6,-200(s0)
0x0002a320:  8c96              mv                      s9,t0
0x0002a322:  89c6              mv                      s3,a7
0x0002a324:  01e43c23          sd                      t5,24(s0)
0x0002a328:  f2e43423          sd                      a4,-216(s0)
0x0002a32c:  f3d43023          sd                      t4,-224(s0)
0x0002a330:  f1c43c23          sd                      t3,-232(s0)
0x0002a334:  a029              j                       10                      # 0x2a33e

----------------
IN: do_lookup_x
0x0002a33e:  000ba783          lw                      a5,0(s7)
0x0002a342:  0197c733          xor                     a4,a5,s9
0x0002a346:  0017571b          srliw                   a4,a4,1
0x0002a34a:  f775              bnez                    a4,-20                  # 0x2a336

----------------
IN: do_lookup_x
0x0002a336:  8b85              andi                    a5,a5,1
0x0002a338:  0b91              addi                    s7,s7,4
0x0002a33a:  34079c63          bnez                    a5,856                  # 0x2a692

----------------
IN: do_lookup_x
0x0002a34c:  3284b803          ld                      a6,808(s1)
0x0002a350:  f4843783          ld                      a5,-184(s0)
0x0002a354:  f6843683          ld                      a3,-152(s0)
0x0002a358:  410b8833          sub                     a6,s7,a6
0x0002a35c:  40285813          srai                    a6,a6,2
0x0002a360:  00f87733          and                     a4,a6,a5
0x0002a364:  00171793          slli                    a5,a4,1
0x0002a368:  97ba              add                     a5,a5,a4
0x0002a36a:  f6043603          ld                      a2,-160(s0)
0x0002a36e:  f7043703          ld                      a4,-144(s0)
0x0002a372:  f7843583          ld                      a1,-136(s0)
0x0002a376:  078e              slli                    a5,a5,3
0x0002a378:  88ce              mv                      a7,s3
0x0002a37a:  e856              sd                      s5,16(sp)
0x0002a37c:  e46a              sd                      s10,8(sp)
0x0002a37e:  e026              sd                      s1,0(sp)
0x0002a380:  2801              sext.w                  a6,a6
0x0002a382:  97da              add                     a5,a5,s6
0x0002a384:  854a              mv                      a0,s2
0x0002a386:  b1fff0ef          jal                     ra,-1250                # 0x29ea4

----------------
IN: check_match
0x00029ea4:  7139              addi                    sp,sp,-64
0x00029ea6:  f822              sd                      s0,48(sp)
0x00029ea8:  f426              sd                      s1,40(sp)
0x00029eaa:  f04a              sd                      s2,32(sp)
0x00029eac:  ec4e              sd                      s3,24(sp)
0x00029eae:  e852              sd                      s4,16(sp)
0x00029eb0:  e456              sd                      s5,8(sp)
0x00029eb2:  fc06              sd                      ra,56(sp)
0x00029eb4:  0080              addi                    s0,sp,64
0x00029eb6:  0047c303          lbu                     t1,4(a5)
0x00029eba:  0087be83          ld                      t4,8(a5)
0x00029ebe:  8ab6              mv                      s5,a3
0x00029ec0:  00f37693          andi                    a3,t1,15
0x00029ec4:  84be              mv                      s1,a5
0x00029ec6:  00043903          ld                      s2,0(s0)
0x00029eca:  0067d783          lhu                     a5,6(a5)
0x00029ece:  8e2e              mv                      t3,a1
0x00029ed0:  8a32              mv                      s4,a2
0x00029ed2:  89c2              mv                      s3,a6
0x00029ed4:  8336              mv                      t1,a3
0x00029ed6:  0e0e8563          beqz                    t4,234                  # 0x29fc0

----------------
IN: check_match
0x00029eda:  0017b793          seqz                    a5,a5
0x00029ede:  8f7d              and                     a4,a4,a5
0x00029ee0:  e779              bnez                    a4,206                  # 0x29fae

----------------
IN: check_match
0x00029ee2:  b9800793          addi                    a5,zero,-1128
0x00029ee6:  4067d7bb          sraw                    a5,a5,t1
0x00029eea:  8b85              andi                    a5,a5,1
0x00029eec:  e3e9              bnez                    a5,194                  # 0x29fae

----------------
IN: check_match
0x00029eee:  01c48a63          beq                     s1,t3,20                # 0x29f02

----------------
IN: check_match
0x00029ef2:  0004e783          lwu                     a5,0(s1)
0x00029ef6:  85aa              mv                      a1,a0
0x00029ef8:  00f88533          add                     a0,a7,a5
0x00029efc:  8bffa0ef          jal                     ra,-22338               # 0x247ba

----------------
IN: strcmp
0x000247ba:  1141              addi                    sp,sp,-16
0x000247bc:  e422              sd                      s0,8(sp)
0x000247be:  40a006b3          neg                     a3,a0
0x000247c2:  0800              addi                    s0,sp,16
0x000247c4:  8a9d              andi                    a3,a3,7
0x000247c6:  87aa              mv                      a5,a0
0x000247c8:  c295              beqz                    a3,36                   # 0x247ec

----------------
IN: strcmp
0x000247ca:  96aa              add                     a3,a3,a0
0x000247cc:  a021              j                       8                       # 0x247d4

----------------
IN: strcmp
0x000247d4:  0007c703          lbu                     a4,0(a5)
0x000247d8:  0005c503          lbu                     a0,0(a1)
0x000247dc:  0785              addi                    a5,a5,1
0x000247de:  0585              addi                    a1,a1,1
0x000247e0:  40a7053b          subw                    a0,a4,a0
0x000247e4:  f76d              bnez                    a4,-22                  # 0x247ce

----------------
IN: strcmp
0x000247ce:  ed01              bnez                    a0,24                   # 0x247e6

----------------
IN: strcmp
0x000247d0:  00d78f63          beq                     a5,a3,30                # 0x247ee

----------------
IN: strcmp
0x000247ee:  0075f613          andi                    a2,a1,7
0x000247f2:  629c              ld                      a5,0(a3)
0x000247f4:  06a1              addi                    a3,a3,8
0x000247f6:  ee79              bnez                    a2,222                  # 0x248d4

----------------
IN: strcmp
0x000248d4:  99e1              andi                    a1,a1,-8
0x000248d6:  feff0e37          lui                     t3,-4112
0x000248da:  6188              ld                      a0,0(a1)
0x000248dc:  effe0e13          addi                    t3,t3,-257
0x000248e0:  f0101337          lui                     t1,-65279
0x000248e4:  00361713          slli                    a4,a2,3
0x000248e8:  0e42              slli                    t3,t3,16
0x000248ea:  0312              slli                    t1,t1,4
0x000248ec:  04000e93          addi                    t4,zero,64
0x000248f0:  40ee8eb3          sub                     t4,t4,a4
0x000248f4:  effe0e13          addi                    t3,t3,-257
0x000248f8:  10130313          addi                    t1,t1,257
0x000248fc:  587d              addi                    a6,zero,-1
0x000248fe:  00e55533          srl                     a0,a0,a4
0x00024902:  01d81833          sll                     a6,a6,t4
0x00024906:  0e42              slli                    t3,t3,16
0x00024908:  0342              slli                    t1,t1,16
0x0002490a:  00a86833          or                      a6,a6,a0
0x0002490e:  effe0e13          addi                    t3,t3,-257
0x00024912:  10130313          addi                    t1,t1,257
0x00024916:  88ba              mv                      a7,a4
0x00024918:  01c80633          add                     a2,a6,t3
0x0002491c:  fff84713          not                     a4,a6
0x00024920:  033e              slli                    t1,t1,15
0x00024922:  8e79              and                     a2,a2,a4
0x00024924:  08030313          addi                    t1,t1,128
0x00024928:  00667633          and                     a2,a2,t1
0x0002492c:  ee21              bnez                    a2,88                   # 0x24984

----------------
IN: strcmp
0x0002492e:  0085b803          ld                      a6,8(a1)
0x00024932:  01058713          addi                    a4,a1,16
0x00024936:  01d81633          sll                     a2,a6,t4
0x0002493a:  8e49              or                      a2,a2,a0
0x0002493c:  00c78c63          beq                     a5,a2,24                # 0x24954

----------------
IN: strcmp
0x00024954:  fff84593          not                     a1,a6
0x00024958:  01c80633          add                     a2,a6,t3
0x0002495c:  8e6d              and                     a2,a2,a1
0x0002495e:  00667633          and                     a2,a2,t1
0x00024962:  0721              addi                    a4,a4,8
0x00024964:  011855b3          srl                     a1,a6,a7
0x00024968:  de69              beqz                    a2,-38                  # 0x24942

----------------
IN: strcmp
0x00024942:  ff873803          ld                      a6,-8(a4)
0x00024946:  629c              ld                      a5,0(a3)
0x00024948:  06a1              addi                    a3,a3,8
0x0002494a:  01d81633          sll                     a2,a6,t4
0x0002494e:  8e4d              or                      a2,a2,a1
0x00024950:  f0f613e3          bne                     a2,a5,-250              # 0x24856

----------------
IN: strcmp
0x0002496a:  01c78733          add                     a4,a5,t3
0x0002496e:  fff7c793          not                     a5,a5
0x00024972:  8ff9              and                     a5,a5,a4
0x00024974:  0067f7b3          and                     a5,a5,t1
0x00024978:  4501              mv                      a0,zero
0x0002497a:  e60796e3          bnez                    a5,-404                 # 0x247e6

----------------
IN: strcmp
0x0002497e:  629c              ld                      a5,0(a3)
0x00024980:  01185833          srl                     a6,a6,a7
0x00024984:  0feff737          lui                     a4,65279
0x00024988:  0712              slli                    a4,a4,4
0x0002498a:  eff70713          addi                    a4,a4,-257
0x0002498e:  0742              slli                    a4,a4,16
0x00024990:  eff70713          addi                    a4,a4,-257
0x00024994:  073e              slli                    a4,a4,15
0x00024996:  f7f70713          addi                    a4,a4,-129
0x0002499a:  0107c5b3          xor                     a1,a5,a6
0x0002499e:  00e7f6b3          and                     a3,a5,a4
0x000249a2:  96ba              add                     a3,a3,a4
0x000249a4:  00e5f633          and                     a2,a1,a4
0x000249a8:  8edd              or                      a3,a3,a5
0x000249aa:  963a              add                     a2,a2,a4
0x000249ac:  fff6c713          not                     a4,a3
0x000249b0:  00b666b3          or                      a3,a2,a1
0x000249b4:  8f55              or                      a4,a4,a3
0x000249b6:  08077693          andi                    a3,a4,128
0x000249ba:  ee85              bnez                    a3,56                   # 0x249f2

----------------
IN: strcmp
0x000249bc:  03071693          slli                    a3,a4,48
0x000249c0:  0406c463          bltz                    a3,72                   # 0x24a08

----------------
IN: strcmp
0x00024a08:  83a1              srli                    a5,a5,8
0x00024a0a:  00885813          srli                    a6,a6,8
0x00024a0e:  b7d5              j                       -28                     # 0x249f2

----------------
IN: strcmp
0x000249f2:  6422              ld                      s0,8(sp)
0x000249f4:  0ff7f793          andi                    a5,a5,255
0x000249f8:  0ff87813          andi                    a6,a6,255
0x000249fc:  4107853b          subw                    a0,a5,a6
0x00024a00:  0141              addi                    sp,sp,16
0x00024a02:  8082              ret                     

----------------
IN: check_match
0x00029f00:  e55d              bnez                    a0,174                  # 0x29fae

----------------
IN: check_match
0x00029f02:  35893783          ld                      a5,856(s2)
0x00029f06:  060a0163          beqz                    s4,98                   # 0x29f68

----------------
IN: check_match
0x00029f0a:  cbf1              beqz                    a5,212                  # 0x29fde

----------------
IN: check_match
0x00029fde:  010a3503          ld                      a0,16(s4)
0x00029fe2:  d92d              beqz                    a0,-142                 # 0x29f54

----------------
IN: check_match
0x00029f54:  8526              mv                      a0,s1
0x00029f56:  70e2              ld                      ra,56(sp)
0x00029f58:  7442              ld                      s0,48(sp)
0x00029f5a:  74a2              ld                      s1,40(sp)
0x00029f5c:  7902              ld                      s2,32(sp)
0x00029f5e:  69e2              ld                      s3,24(sp)
0x00029f60:  6a42              ld                      s4,16(sp)
0x00029f62:  6aa2              ld                      s5,8(sp)
0x00029f64:  6121              addi                    sp,sp,64
0x00029f66:  8082              ret                     

----------------
IN: do_lookup_x
0x0002a38a:  50051a63          bnez                    a0,1300                 # 0x2a89e

----------------
IN: do_lookup_x
0x0002a89e:  82e6              mv                      t0,s9
0x0002a8a0:  f3843f83          ld                      t6,-200(s0)
0x0002a8a4:  f4043c83          ld                      s9,-192(s0)
0x0002a8a8:  f3043b83          ld                      s7,-208(s0)
0x0002a8ac:  01843f03          ld                      t5,24(s0)
0x0002a8b0:  f2843703          ld                      a4,-216(s0)
0x0002a8b4:  f2043e83          ld                      t4,-224(s0)
0x0002a8b8:  f1843e03          ld                      t3,-232(s0)
0x0002a8bc:  87aa              mv                      a5,a0
0x0002a8be:  88ce              mv                      a7,s3
0x0002a8c0:  baad              j                       -1670                   # 0x2a23a

----------------
IN: do_lookup_x
0x0002a23a:  0057c683          lbu                     a3,5(a5)
0x0002a23e:  8a8d              andi                    a3,a3,3
0x0002a240:  fff6861b          addiw                   a2,a3,-1
0x0002a244:  06cc7f63          bleu                    a2,s8,126               # 0x2a2c2

----------------
IN: do_lookup_x
0x0002a248:  460d              addi                    a2,zero,3
0x0002a24a:  14c68563          beq                     a3,a2,330               # 0x2a394

----------------
IN: do_lookup_x
0x0002a24e:  0047c683          lbu                     a3,4(a5)
0x0002a252:  4609              addi                    a2,zero,2
0x0002a254:  8291              srli                    a3,a3,4
0x0002a256:  1ac68f63          beq                     a3,a2,446               # 0x2a414

----------------
IN: do_lookup_x
0x0002a25a:  4629              addi                    a2,zero,10
0x0002a25c:  1ec68063          beq                     a3,a2,480               # 0x2a43c

----------------
IN: do_lookup_x
0x0002a260:  4605              addi                    a2,zero,1
0x0002a262:  06c69063          bne                     a3,a2,96                # 0x2a2c2

----------------
IN: do_lookup_x
0x0002a266:  f5843703          ld                      a4,-168(s0)
0x0002a26a:  e31c              sd                      a5,0(a4)
0x0002a26c:  e704              sd                      s1,8(a4)
0x0002a26e:  79ae              ld                      s3,232(sp)
0x0002a270:  6aee              ld                      s5,216(sp)
0x0002a272:  7d4a              ld                      s10,176(sp)
0x0002a274:  4505              addi                    a0,zero,1
0x0002a276:  60b2              ld                      ra,264(sp)
0x0002a278:  6412              ld                      s0,256(sp)
0x0002a27a:  74ee              ld                      s1,248(sp)
0x0002a27c:  794e              ld                      s2,240(sp)
0x0002a27e:  7a0e              ld                      s4,224(sp)
0x0002a280:  6b4e              ld                      s6,208(sp)
0x0002a282:  6bae              ld                      s7,200(sp)
0x0002a284:  6c0e              ld                      s8,192(sp)
0x0002a286:  7cea              ld                      s9,184(sp)
0x0002a288:  7daa              ld                      s11,168(sp)
0x0002a28a:  6151              addi                    sp,sp,272
0x0002a28c:  8082              ret                     

----------------
IN: _dl_lookup_symbol_x
0x0002aa26:  dd71              beqz                    a0,-36                  # 0x2aa02

----------------
IN: _dl_lookup_symbol_x
0x0002aa28:  00093683          ld                      a3,0(s2)
0x0002aa2c:  f6843783          ld                      a5,-152(s0)
0x0002aa30:  8736              mv                      a4,a3
0x0002aa32:  28078f63          beqz                    a5,670                  # 0x2acd0

----------------
IN: _dl_lookup_symbol_x
0x0002aa36:  c699              beqz                    a3,14                   # 0x2aa44

----------------
IN: _dl_lookup_symbol_x
0x0002aa38:  0056c783          lbu                     a5,5(a3)
0x0002aa3c:  470d              addi                    a4,zero,3
0x0002aa3e:  8b8d              andi                    a5,a5,3
0x0002aa40:  04e78c63          beq                     a5,a4,88                # 0x2aa98

----------------
IN: _dl_lookup_symbol_x
0x0002aa44:  f7043d83          ld                      s11,-144(s0)
0x0002aa48:  4c01              mv                      s8,zero
0x0002aa4a:  334dd783          lhu                     a5,820(s11)
0x0002aa4e:  4709              addi                    a4,zero,2
0x0002aa50:  8b8d              andi                    a5,a5,3
0x0002aa52:  0ce78163          beq                     a5,a4,194               # 0x2ab14

----------------
IN: _dl_lookup_symbol_x
0x0002aa56:  00058997          auipc                   s3,88                   # 0x82a56
0x0002aa5a:  2429b983          ld                      s3,578(s3)
0x0002aa5e:  3ecda783          lw                      a5,1004(s11)
0x0002aa62:  1c078563          beqz                    a5,458                  # 0x2ac2c

----------------
IN: _dl_lookup_symbol_x
0x0002aa66:  0009a783          lw                      a5,0(s3)
0x0002aa6a:  8b91              andi                    a5,a5,4
0x0002aa6c:  14079463          bnez                    a5,328                  # 0x2abb4

----------------
IN: _dl_lookup_symbol_x
0x0002aa70:  f6843783          ld                      a5,-152(s0)
0x0002aa74:  7c0a              ld                      s8,160(sp)
0x0002aa76:  6cea              ld                      s9,152(sp)
0x0002aa78:  70ae              ld                      ra,232(sp)
0x0002aa7a:  740e              ld                      s0,224(sp)
0x0002aa7c:  00f93023          sd                      a5,0(s2)
0x0002aa80:  64ee              ld                      s1,216(sp)
0x0002aa82:  694e              ld                      s2,208(sp)
0x0002aa84:  69ae              ld                      s3,200(sp)
0x0002aa86:  6a0e              ld                      s4,192(sp)
0x0002aa88:  7aea              ld                      s5,184(sp)
0x0002aa8a:  7b4a              ld                      s6,176(sp)
0x0002aa8c:  7baa              ld                      s7,168(sp)
0x0002aa8e:  6d4a              ld                      s10,144(sp)
0x0002aa90:  856e              mv                      a0,s11
0x0002aa92:  6daa              ld                      s11,136(sp)
0x0002aa94:  616d              addi                    sp,sp,240
0x0002aa96:  8082              ret                     

----------------
IN: _dl_non_dynamic_init
0x000197e6:  f9043703          ld                      a4,-112(s0)
0x000197ea:  36070b63          beqz                    a4,886                  # 0x19b60

----------------
IN: _dl_non_dynamic_init
0x000197ee:  00675683          lhu                     a3,6(a4)
0x000197f2:  67c1              lui                     a5,16
0x000197f4:  17c5              addi                    a5,a5,-15
0x000197f6:  38f68563          beq                     a3,a5,906               # 0x19b80

----------------
IN: _dl_non_dynamic_init
0x000197fa:  4781              mv                      a5,zero
0x000197fc:  c111              beqz                    a0,4                    # 0x19800

----------------
IN: _dl_non_dynamic_init
0x000197fe:  611c              ld                      a5,0(a0)
0x00019800:  6718              ld                      a4,8(a4)
0x00019802:  058b3583          ld                      a1,88(s6)
0x00019806:  97ba              add                     a5,a5,a4
0x00019808:  00068497          auipc                   s1,104                  # 0x81808
0x0001980c:  50848493          addi                    s1,s1,1288
0x00019810:  e49c              sd                      a5,8(s1)
0x00019812:  36058d63          beqz                    a1,890                  # 0x19b8c

----------------
IN: _dl_non_dynamic_init
0x00019816:  f8043c23          sd                      zero,-104(s0)
0x0001981a:  00066717          auipc                   a4,102                  # 0x7f81a
0x0001981e:  b9e70713          addi                    a4,a4,-1122
0x00019822:  02000313          addi                    t1,zero,32
0x00019826:  4881              mv                      a7,zero
0x00019828:  4801              mv                      a6,zero
0x0001982a:  4781              mv                      a5,zero
0x0001982c:  3a858693          addi                    a3,a1,936
0x00019830:  8662              mv                      a2,s8
0x00019832:  0003c517          auipc                   a0,60                   # 0x55832
0x00019836:  82650513          addi                    a0,a0,-2010
0x0001983a:  fa043023          sd                      zero,-96(s0)
0x0001983e:  fa043423          sd                      zero,-88(s0)
0x00019842:  f8640e23          sb                      t1,-100(s0)
0x00019846:  f9743823          sd                      s7,-112(s0)
0x0001984a:  102110ef          jal                     ra,69890                # 0x2a94c

----------------
IN: _dl_lookup_symbol_x
0x0002ab06:  01a7073b          addw                    a4,a4,s10
0x0002ab0a:  005d159b          slliw                   a1,s10,5
0x0002ab0e:  00b70d3b          addw                    s10,a4,a1
0x0002ab12:  b575              j                       -340                    # 0x2a9be

----------------
IN: strcmp
0x00024856:  0feff737          lui                     a4,65279
0x0002485a:  0712              slli                    a4,a4,4
0x0002485c:  eff70713          addi                    a4,a4,-257
0x00024860:  0742              slli                    a4,a4,16
0x00024862:  eff70713          addi                    a4,a4,-257
0x00024866:  073e              slli                    a4,a4,15
0x00024868:  f7f70713          addi                    a4,a4,-129
0x0002486c:  00f64533          xor                     a0,a2,a5
0x00024870:  00e7f6b3          and                     a3,a5,a4
0x00024874:  96ba              add                     a3,a3,a4
0x00024876:  00e575b3          and                     a1,a0,a4
0x0002487a:  8edd              or                      a3,a3,a5
0x0002487c:  95ba              add                     a1,a1,a4
0x0002487e:  fff6c713          not                     a4,a3
0x00024882:  00a5e6b3          or                      a3,a1,a0
0x00024886:  8f55              or                      a4,a4,a3
0x00024888:  08077693          andi                    a3,a4,128
0x0002488c:  ea9d              bnez                    a3,54                   # 0x248c2

----------------
IN: strcmp
0x0002488e:  03071693          slli                    a3,a4,48
0x00024892:  1806c263          bltz                    a3,388                  # 0x24a16

----------------
IN: strcmp
0x00024896:  02871693          slli                    a3,a4,40
0x0002489a:  1606cb63          bltz                    a3,374                  # 0x24a10

----------------
IN: strcmp
0x0002489e:  02071693          slli                    a3,a4,32
0x000248a2:  1806c163          bltz                    a3,386                  # 0x24a24

----------------
IN: strcmp
0x000248a6:  01871693          slli                    a3,a4,24
0x000248aa:  1806c763          bltz                    a3,398                  # 0x24a38

----------------
IN: strcmp
0x00024a38:  9381              srli                    a5,a5,32
0x00024a3a:  9201              srli                    a2,a2,32
0x00024a3c:  b559              j                       -378                    # 0x248c2

----------------
IN: strcmp
0x000248c2:  6422              ld                      s0,8(sp)
0x000248c4:  0ff7f793          andi                    a5,a5,255
0x000248c8:  0ff67613          andi                    a2,a2,255
0x000248cc:  40c7853b          subw                    a0,a5,a2
0x000248d0:  0141              addi                    sp,sp,16
0x000248d2:  8082              ret                     

----------------
IN: _dl_non_dynamic_init
0x0001984e:  f9043703          ld                      a4,-112(s0)
0x00019852:  30070b63          beqz                    a4,790                  # 0x19b68

----------------
IN: _dl_non_dynamic_init
0x00019856:  00675683          lhu                     a3,6(a4)
0x0001985a:  67c1              lui                     a5,16
0x0001985c:  17c5              addi                    a5,a5,-15
0x0001985e:  32f68363          beq                     a3,a5,806               # 0x19b84

----------------
IN: _dl_non_dynamic_init
0x00019862:  4781              mv                      a5,zero
0x00019864:  c111              beqz                    a0,4                    # 0x19868

----------------
IN: _dl_non_dynamic_init
0x00019866:  611c              ld                      a5,0(a0)
0x00019868:  6718              ld                      a4,8(a4)
0x0001986a:  058b3583          ld                      a1,88(s6)
0x0001986e:  97ba              add                     a5,a5,a4
0x00019870:  e89c              sd                      a5,16(s1)
0x00019872:  3a058d63          beqz                    a1,954                  # 0x19c2c

----------------
IN: _dl_non_dynamic_init
0x00019876:  f8043c23          sd                      zero,-104(s0)
0x0001987a:  00066717          auipc                   a4,102                  # 0x7f87a
0x0001987e:  b3e70713          addi                    a4,a4,-1218
0x00019882:  02000313          addi                    t1,zero,32
0x00019886:  4881              mv                      a7,zero
0x00019888:  4801              mv                      a6,zero
0x0001988a:  4781              mv                      a5,zero
0x0001988c:  3a858693          addi                    a3,a1,936
0x00019890:  8662              mv                      a2,s8
0x00019892:  0003b517          auipc                   a0,59                   # 0x54892
0x00019896:  7de50513          addi                    a0,a0,2014
0x0001989a:  fa043023          sd                      zero,-96(s0)
0x0001989e:  fa043423          sd                      zero,-88(s0)
0x000198a2:  f8640e23          sb                      t1,-100(s0)
0x000198a6:  f9743823          sd                      s7,-112(s0)
0x000198aa:  0a2110ef          jal                     ra,69794                # 0x2a94c

----------------
IN: strcmp
0x000249c4:  02871693          slli                    a3,a4,40
0x000249c8:  0406ca63          bltz                    a3,84                   # 0x24a1c

----------------
IN: strcmp
0x000249cc:  02071693          slli                    a3,a4,32
0x000249d0:  0406cd63          bltz                    a3,90                   # 0x24a2a

----------------
IN: strcmp
0x00024a2a:  83e1              srli                    a5,a5,24
0x00024a2c:  01885813          srli                    a6,a6,24
0x00024a30:  b7c9              j                       -62                     # 0x249f2

----------------
IN: _dl_non_dynamic_init
0x000198ae:  f9043703          ld                      a4,-112(s0)
0x000198b2:  2a070f63          beqz                    a4,702                  # 0x19b70

----------------
IN: _dl_non_dynamic_init
0x000198b6:  00675683          lhu                     a3,6(a4)
0x000198ba:  67c1              lui                     a5,16
0x000198bc:  17c5              addi                    a5,a5,-15
0x000198be:  2cf68563          beq                     a3,a5,714               # 0x19b88

----------------
IN: _dl_non_dynamic_init
0x000198c2:  4781              mv                      a5,zero
0x000198c4:  c111              beqz                    a0,4                    # 0x198c8

----------------
IN: _dl_non_dynamic_init
0x000198c6:  611c              ld                      a5,0(a0)
0x000198c8:  6718              ld                      a4,8(a4)
0x000198ca:  058b3583          ld                      a1,88(s6)
0x000198ce:  97ba              add                     a5,a5,a4
0x000198d0:  ec9c              sd                      a5,24(s1)
0x000198d2:  24058f63          beqz                    a1,606                  # 0x19b30

----------------
IN: _dl_non_dynamic_init
0x000198d6:  f8043c23          sd                      zero,-104(s0)
0x000198da:  00066717          auipc                   a4,102                  # 0x7f8da
0x000198de:  ade70713          addi                    a4,a4,-1314
0x000198e2:  02000313          addi                    t1,zero,32
0x000198e6:  4881              mv                      a7,zero
0x000198e8:  4801              mv                      a6,zero
0x000198ea:  4781              mv                      a5,zero
0x000198ec:  3a858693          addi                    a3,a1,936
0x000198f0:  8662              mv                      a2,s8
0x000198f2:  0003b517          auipc                   a0,59                   # 0x548f2
0x000198f6:  78e50513          addi                    a0,a0,1934
0x000198fa:  fa043023          sd                      zero,-96(s0)
0x000198fe:  fa043423          sd                      zero,-88(s0)
0x00019902:  f8640e23          sb                      t1,-100(s0)
0x00019906:  f9743823          sd                      s7,-112(s0)
0x0001990a:  042110ef          jal                     ra,69698                # 0x2a94c

----------------
IN: strcmp
0x000248ae:  01071693          slli                    a3,a4,16
0x000248b2:  1806ce63          bltz                    a3,412                  # 0x24a4e

----------------
IN: strcmp
0x00024a4e:  93a1              srli                    a5,a5,40
0x00024a50:  9221              srli                    a2,a2,40
0x00024a52:  bd85              j                       -400                    # 0x248c2

----------------
IN: _dl_non_dynamic_init
0x0001990e:  f9043703          ld                      a4,-112(s0)
0x00019912:  20070f63          beqz                    a4,542                  # 0x19b30

----------------
IN: _dl_non_dynamic_init
0x00019916:  00675683          lhu                     a3,6(a4)
0x0001991a:  67c1              lui                     a5,16
0x0001991c:  17c5              addi                    a5,a5,-15
0x0001991e:  24f68f63          beq                     a3,a5,606               # 0x19b7c

----------------
IN: _dl_non_dynamic_init
0x00019922:  4781              mv                      a5,zero
0x00019924:  c111              beqz                    a0,4                    # 0x19928

----------------
IN: _dl_non_dynamic_init
0x00019926:  611c              ld                      a5,0(a0)
0x00019928:  6718              ld                      a4,8(a4)
0x0001992a:  7c02              ld                      s8,32(sp)
0x0001992c:  97ba              add                     a5,a5,a4
0x0001992e:  f09c              sd                      a5,32(s1)
0x00019930:  0006a797          auipc                   a5,106                  # 0x83930
0x00019934:  6c87a783          lw                      a5,1736(a5)
0x00019938:  14079c63          bnez                    a5,344                  # 0x19a90

----------------
IN: _dl_non_dynamic_init
0x0001993c:  0003b517          auipc                   a0,59                   # 0x5493c
0x00019940:  75c50513          addi                    a0,a0,1884
0x00019944:  524000ef          jal                     ra,1316                 # 0x19e68

----------------
IN: getenv
0x00019e68:  7139              addi                    sp,sp,-64
0x00019e6a:  f822              sd                      s0,48(sp)
0x00019e6c:  f04a              sd                      s2,32(sp)
0x00019e6e:  fc06              sd                      ra,56(sp)
0x00019e70:  f426              sd                      s1,40(sp)
0x00019e72:  0080              addi                    s0,sp,64
0x00019e74:  00069797          auipc                   a5,105                  # 0x82e74
0x00019e78:  eac7b783          ld                      a5,-340(a5)
0x00019e7c:  0007b903          ld                      s2,0(a5)
0x00019e80:  08090a63          beqz                    s2,148                  # 0x19f14

----------------
IN: getenv
0x00019e84:  e456              sd                      s5,8(sp)
0x00019e86:  ec4e              sd                      s3,24(sp)
0x00019e88:  00054983          lbu                     s3,0(a0)
0x00019e8c:  8aaa              mv                      s5,a0
0x00019e8e:  06098963          beqz                    s3,114                  # 0x19f00

----------------
IN: getenv
0x00019e92:  e852              sd                      s4,16(sp)
0x00019e94:  84efd0ef          jal                     ra,-12210               # 0x16ee2

----------------
IN: strlen
0x00016fae:  03071793          slli                    a5,a4,48
0x00016fb2:  4505              addi                    a0,zero,1
0x00016fb4:  fe07c6e3          bltz                    a5,-20                  # 0x16fa0

----------------
IN: strlen
0x00016fb8:  02871793          slli                    a5,a4,40
0x00016fbc:  4509              addi                    a0,zero,2
0x00016fbe:  fe07c1e3          bltz                    a5,-30                  # 0x16fa0

----------------
IN: strlen
0x00016fc2:  02071793          slli                    a5,a4,32
0x00016fc6:  450d              addi                    a0,zero,3
0x00016fc8:  fc07cce3          bltz                    a5,-40                  # 0x16fa0

----------------
IN: strlen
0x00016fcc:  01871793          slli                    a5,a4,24
0x00016fd0:  4511              addi                    a0,zero,4
0x00016fd2:  fc07c7e3          bltz                    a5,-50                  # 0x16fa0

----------------
IN: strlen
0x00016fd6:  01071793          slli                    a5,a4,16
0x00016fda:  4515              addi                    a0,zero,5
0x00016fdc:  fc07c2e3          bltz                    a5,-60                  # 0x16fa0

----------------
IN: strlen
0x00016fe0:  4785              addi                    a5,zero,1
0x00016fe2:  17de              slli                    a5,a5,55
0x00016fe4:  8f7d              and                     a4,a4,a5
0x00016fe6:  00173513          seqz                    a0,a4
0x00016fea:  0519              addi                    a0,a0,6
0x00016fec:  bf55              j                       -76                     # 0x16fa0

----------------
IN: getenv
0x00019e98:  00093483          ld                      s1,0(s2)
0x00019e9c:  8a2a              mv                      s4,a0
0x00019e9e:  ccad              beqz                    s1,122                  # 0x19f18

----------------
IN: getenv
0x00019ea0:  e05a              sd                      s6,0(sp)
0x00019ea2:  03d00b13          addi                    s6,zero,61
0x00019ea6:  a029              j                       10                      # 0x19eb0

----------------
IN: getenv
0x00019eb0:  0004c783          lbu                     a5,0(s1)
0x00019eb4:  ff379ae3          bne                     a5,s3,-12               # 0x19ea8

----------------
IN: getenv
0x00019ea8:  00893483          ld                      s1,8(s2)
0x00019eac:  0921              addi                    s2,s2,8
0x00019eae:  cc95              beqz                    s1,60                   # 0x19eea

----------------
IN: getenv
0x00019eb8:  8652              mv                      a2,s4
0x00019eba:  85a6              mv                      a1,s1
0x00019ebc:  8556              mv                      a0,s5
0x00019ebe:  39f0a0ef          jal                     ra,43934                # 0x24a5c

----------------
IN: strncmp
0x00024a5c:  1141              addi                    sp,sp,-16
0x00024a5e:  e422              sd                      s0,8(sp)
0x00024a60:  40a00833          neg                     a6,a0
0x00024a64:  0800              addi                    s0,sp,16
0x00024a66:  00787813          andi                    a6,a6,7
0x00024a6a:  87aa              mv                      a5,a0
0x00024a6c:  88b2              mv                      a7,a2
0x00024a6e:  01066363          bgtu                    a6,a2,6                 # 0x24a74

----------------
IN: strncmp
0x00024a72:  88c2              mv                      a7,a6
0x00024a74:  02088463          beqz                    a7,40                   # 0x24a9c

----------------
IN: strncmp
0x00024a9c:  86ae              mv                      a3,a1
0x00024a9e:  4501              mv                      a0,zero
0x00024aa0:  fec87be3          bleu                    a2,a6,-10               # 0x24a96

----------------
IN: strncmp
0x00024aa4:  0076fe93          andi                    t4,a3,7
0x00024aa8:  638c              ld                      a1,0(a5)
0x00024aaa:  41160633          sub                     a2,a2,a7
0x00024aae:  07a1              addi                    a5,a5,8
0x00024ab0:  120e8c63          beqz                    t4,312                  # 0x24be8

----------------
IN: strncmp
0x00024ab4:  9ae1              andi                    a3,a3,-8
0x00024ab6:  feff0337          lui                     t1,-4112
0x00024aba:  0006be03          ld                      t3,0(a3)
0x00024abe:  eff30313          addi                    t1,t1,-257
0x00024ac2:  f0101537          lui                     a0,-65279
0x00024ac6:  003e9713          slli                    a4,t4,3
0x00024aca:  0342              slli                    t1,t1,16
0x00024acc:  0512              slli                    a0,a0,4
0x00024ace:  04000f13          addi                    t5,zero,64
0x00024ad2:  40ef0f33          sub                     t5,t5,a4
0x00024ad6:  eff30313          addi                    t1,t1,-257
0x00024ada:  10150513          addi                    a0,a0,257
0x00024ade:  587d              addi                    a6,zero,-1
0x00024ae0:  00ee5e33          srl                     t3,t3,a4
0x00024ae4:  01e81833          sll                     a6,a6,t5
0x00024ae8:  0342              slli                    t1,t1,16
0x00024aea:  0542              slli                    a0,a0,16
0x00024aec:  01c86833          or                      a6,a6,t3
0x00024af0:  eff30313          addi                    t1,t1,-257
0x00024af4:  10150513          addi                    a0,a0,257
0x00024af8:  8fba              mv                      t6,a4
0x00024afa:  fff84893          not                     a7,a6
0x00024afe:  00680733          add                     a4,a6,t1
0x00024b02:  053e              slli                    a0,a0,15
0x00024b04:  01177733          and                     a4,a4,a7
0x00024b08:  08050513          addi                    a0,a0,128
0x00024b0c:  8f69              and                     a4,a4,a0
0x00024b0e:  1c071e63          bnez                    a4,476                  # 0x24cea

----------------
IN: strncmp
0x00024b12:  42a1              addi                    t0,zero,8
0x00024b14:  41d288b3          sub                     a7,t0,t4
0x00024b18:  1cc8f963          bleu                    a2,a7,466               # 0x24cea

----------------
IN: strncmp
0x00024b1c:  0086b803          ld                      a6,8(a3)
0x00024b20:  01068713          addi                    a4,a3,16
0x00024b24:  01e816b3          sll                     a3,a6,t5
0x00024b28:  01c6e6b3          or                      a3,a3,t3
0x00024b2c:  24c2fd63          bleu                    a2,t0,602               # 0x24d86

----------------
IN: strncmp
0x00024d86:  0feff7b7          lui                     a5,65279
0x00024d8a:  0792              slli                    a5,a5,4
0x00024d8c:  eff78793          addi                    a5,a5,-257
0x00024d90:  07c2              slli                    a5,a5,16
0x00024d92:  eff78793          addi                    a5,a5,-257
0x00024d96:  07be              slli                    a5,a5,15
0x00024d98:  f7f78793          addi                    a5,a5,-129
0x00024d9c:  00b6c833          xor                     a6,a3,a1
0x00024da0:  00f5f733          and                     a4,a1,a5
0x00024da4:  973e              add                     a4,a4,a5
0x00024da6:  00f87533          and                     a0,a6,a5
0x00024daa:  8f4d              or                      a4,a4,a1
0x00024dac:  953e              add                     a0,a0,a5
0x00024dae:  fff74793          not                     a5,a4
0x00024db2:  01056733          or                      a4,a0,a6
0x00024db6:  8fd9              or                      a5,a5,a4
0x00024db8:  0807f713          andi                    a4,a5,128
0x00024dbc:  e339              bnez                    a4,70                   # 0x24e02

----------------
IN: strncmp
0x00024dbe:  03079713          slli                    a4,a5,48
0x00024dc2:  0a074563          bltz                    a4,170                  # 0x24e6c

----------------
IN: strncmp
0x00024e6c:  81a1              srli                    a1,a1,8
0x00024e6e:  82a1              srli                    a3,a3,8
0x00024e70:  bf49              j                       -110                    # 0x24e02

----------------
IN: strncmp
0x00024e02:  0ff5f513          andi                    a0,a1,255
0x00024e06:  0ff6f693          andi                    a3,a3,255
0x00024e0a:  9d15              subw                    a0,a0,a3
0x00024e0c:  b169              j                       -886                    # 0x24a96

----------------
IN: strncmp
0x00024a96:  6422              ld                      s0,8(sp)
0x00024a98:  0141              addi                    sp,sp,16
0x00024a9a:  8082              ret                     

----------------
IN: getenv
0x00019ec2:  014487b3          add                     a5,s1,s4
0x00019ec6:  f16d              bnez                    a0,-30                  # 0x19ea8

----------------
IN: getenv
0x00019eea:  69e2              ld                      s3,24(sp)
0x00019eec:  6a42              ld                      s4,16(sp)
0x00019eee:  6aa2              ld                      s5,8(sp)
0x00019ef0:  6b02              ld                      s6,0(sp)
0x00019ef2:  70e2              ld                      ra,56(sp)
0x00019ef4:  7442              ld                      s0,48(sp)
0x00019ef6:  7902              ld                      s2,32(sp)
0x00019ef8:  8526              mv                      a0,s1
0x00019efa:  74a2              ld                      s1,40(sp)
0x00019efc:  6121              addi                    sp,sp,64
0x00019efe:  8082              ret                     

----------------
IN: _dl_non_dynamic_init
0x00019948:  4781              mv                      a5,zero
0x0001994a:  c509              beqz                    a0,10                   # 0x19954

----------------
IN: _dl_non_dynamic_init
0x00019954:  0003b517          auipc                   a0,59                   # 0x54954
0x00019958:  74c50513          addi                    a0,a0,1868
0x0001995c:  06fb2023          sw                      a5,96(s6)
0x00019960:  508000ef          jal                     ra,1288                 # 0x19e68

----------------
IN: strlen
0x00016f20:  f0101637          lui                     a2,-65279
0x00016f24:  feff05b7          lui                     a1,-4112
0x00016f28:  0612              slli                    a2,a2,4
0x00016f2a:  eff58593          addi                    a1,a1,-257
0x00016f2e:  10160613          addi                    a2,a2,257
0x00016f32:  05c2              slli                    a1,a1,16
0x00016f34:  0642              slli                    a2,a2,16
0x00016f36:  eff58593          addi                    a1,a1,-257
0x00016f3a:  10160613          addi                    a2,a2,257
0x00016f3e:  05c2              slli                    a1,a1,16
0x00016f40:  063e              slli                    a2,a2,15
0x00016f42:  eff58593          addi                    a1,a1,-257
0x00016f46:  08060613          addi                    a2,a2,128
0x00016f4a:  6798              ld                      a4,8(a5)
0x00016f4c:  883e              mv                      a6,a5
0x00016f4e:  07a1              addi                    a5,a5,8
0x00016f50:  00b706b3          add                     a3,a4,a1
0x00016f54:  fff74713          not                     a4,a4
0x00016f58:  8f75              and                     a4,a4,a3
0x00016f5a:  00c776b3          and                     a3,a4,a2
0x00016f5e:  d6f5              beqz                    a3,-20                  # 0x16f4a

----------------
IN: strlen
0x00016f60:  08077693          andi                    a3,a4,128
0x00016f64:  ee85              bnez                    a3,56                   # 0x16f9c

----------------
IN: strlen
0x00016f66:  03071793          slli                    a5,a4,48
0x00016f6a:  0807c263          bltz                    a5,132                  # 0x16fee

----------------
IN: strlen
0x00016f6e:  02871793          slli                    a5,a4,40
0x00016f72:  0807c163          bltz                    a5,130                  # 0x16ff4

----------------
IN: strlen
0x00016f76:  02071793          slli                    a5,a4,32
0x00016f7a:  0807c063          bltz                    a5,128                  # 0x16ffa

----------------
IN: strlen
0x00016f7e:  01871793          slli                    a5,a4,24
0x00016f82:  0607cf63          bltz                    a5,126                  # 0x17000

----------------
IN: strlen
0x00016f86:  01071793          slli                    a5,a4,16
0x00016f8a:  0607ce63          bltz                    a5,124                  # 0x17006

----------------
IN: strlen
0x00016f8e:  4785              addi                    a5,zero,1
0x00016f90:  17de              slli                    a5,a5,55
0x00016f92:  8f7d              and                     a4,a4,a5
0x00016f94:  00173793          seqz                    a5,a4
0x00016f98:  97c2              add                     a5,a5,a6
0x00016f9a:  07b9              addi                    a5,a5,14
0x00016f9c:  40a78533          sub                     a0,a5,a0
0x00016fa0:  6422              ld                      s0,8(sp)
0x00016fa2:  0141              addi                    sp,sp,16
0x00016fa4:  8082              ret                     

----------------
IN: strncmp
0x00024b30:  24d59b63          bne                     a1,a3,598               # 0x24d86

----------------
IN: _dl_non_dynamic_init
0x00019964:  4681              mv                      a3,zero
0x00019966:  4601              mv                      a2,zero
0x00019968:  0003b597          auipc                   a1,59                   # 0x54968
0x0001996c:  73858593          addi                    a1,a1,1848
0x00019970:  08d0e0ef          jal                     ra,59532                # 0x281fc

----------------
IN: _dl_init_paths
0x000281fc:  7179              addi                    sp,sp,-48
0x000281fe:  f022              sd                      s0,32(sp)
0x00028200:  e84a              sd                      s2,16(sp)
0x00028202:  e44e              sd                      s3,8(sp)
0x00028204:  e052              sd                      s4,0(sp)
0x00028206:  f406              sd                      ra,40(sp)
0x00028208:  ec26              sd                      s1,24(sp)
0x0002820a:  1800              addi                    s0,sp,48
0x0002820c:  8a2a              mv                      s4,a0
0x0002820e:  02800513          addi                    a0,zero,40
0x00028212:  892e              mv                      s2,a1
0x00028214:  0005a997          auipc                   s3,90                   # 0x82214
0x00028218:  53498993          addi                    s3,s3,1332
0x0002821c:  a76ed0ef          jal                     ra,-77194               # 0x15492

----------------
IN: __malloc
0x000154aa:  0c09c363          bltz                    s3,198                  # 0x15570

----------------
IN: __malloc
0x000154cc:  0006e717          auipc                   a4,110                  # 0x834cc
0x000154d0:  c5c73703          ld                      a4,-932(a4)
0x000154d4:  0ce96a63          bgtu                    a4,s2,212               # 0x155a8

----------------
IN: _dl_init_paths
0x00028220:  00a9b023          sd                      a0,0(s3)
0x00028224:  20050463          beqz                    a0,520                  # 0x2842c

----------------
IN: _dl_init_paths
0x00028228:  84aa              mv                      s1,a0
0x0002822a:  14000513          addi                    a0,zero,320
0x0002822e:  a64ed0ef          jal                     ra,-77212               # 0x15492

----------------
IN: _dl_init_paths
0x00028232:  e088              sd                      a0,0(s1)
0x00028234:  87aa              mv                      a5,a0
0x00028236:  1e050263          beqz                    a0,484                  # 0x2841a

----------------
IN: _dl_init_paths
0x0002823a:  00033697          auipc                   a3,51                   # 0x5b23a
0x0002823e:  8ee68693          addi                    a3,a3,-1810
0x00028242:  0005a717          auipc                   a4,90                   # 0x82242
0x00028246:  50072723          sw                      zero,1294(a4)
0x0002824a:  0005b717          auipc                   a4,91                   # 0x8324a
0x0002824e:  d4673703          ld                      a4,-698(a4)
0x00028252:  ed14              sd                      a3,24(a0)
0x00028254:  0002e897          auipc                   a7,46                   # 0x56254
0x00028258:  9fc88893          addi                    a7,a7,-1540
0x0002825c:  46dd              addi                    a3,zero,23
0x0002825e:  e308              sd                      a0,0(a4)
0x00028260:  f114              sd                      a3,32(a0)
0x00028262:  01153423          sd                      a7,8(a0)
0x00028266:  00053823          sd                      zero,16(a0)
0x0002826a:  02052423          sw                      zero,40(a0)
0x0002826e:  0f050813          addi                    a6,a0,240
0x00028272:  00848713          addi                    a4,s1,8
0x00028276:  00033597          auipc                   a1,51                   # 0x5b276
0x0002827a:  8fa58593          addi                    a1,a1,-1798
0x0002827e:  02f00513          addi                    a0,zero,47
0x00028282:  00033697          auipc                   a3,51                   # 0x5b282
0x00028286:  8be68693          addi                    a3,a3,-1858
0x0002828a:  02f00313          addi                    t1,zero,47
0x0002828e:  6590              ld                      a2,8(a1)
0x00028290:  05078793          addi                    a5,a5,80
0x00028294:  e31c              sd                      a5,0(a4)
0x00028296:  faf7b823          sd                      a5,-80(a5)
0x0002829a:  0117b423          sd                      a7,8(a5)
0x0002829e:  0007b823          sd                      zero,16(a5)
0x000282a2:  ef94              sd                      a3,24(a5)
0x000282a4:  f390              sd                      a2,32(a5)
0x000282a6:  0721              addi                    a4,a4,8
0x000282a8:  14651963          bne                     a0,t1,338               # 0x283fa

----------------
IN: _dl_init_paths
0x000282ac:  0207a423          sw                      zero,40(a5)
0x000282b0:  00f80863          beq                     a6,a5,16                # 0x282c0

----------------
IN: _dl_init_paths
0x000282b4:  0605              addi                    a2,a2,1
0x000282b6:  96b2              add                     a3,a3,a2
0x000282b8:  0006c503          lbu                     a0,0(a3)
0x000282bc:  05a1              addi                    a1,a1,8
0x000282be:  bfc1              j                       -48                     # 0x2828e

----------------
IN: _dl_init_paths
0x0002828e:  6590              ld                      a2,8(a1)
0x00028290:  05078793          addi                    a5,a5,80
0x00028294:  e31c              sd                      a5,0(a4)
0x00028296:  faf7b823          sd                      a5,-80(a5)
0x0002829a:  0117b423          sd                      a7,8(a5)
0x0002829e:  0007b823          sd                      zero,16(a5)
0x000282a2:  ef94              sd                      a3,24(a5)
0x000282a4:  f390              sd                      a2,32(a5)
0x000282a6:  0721              addi                    a4,a4,8
0x000282a8:  14651963          bne                     a0,t1,338               # 0x283fa

----------------
IN: _dl_init_paths
0x000282c0:  0005b797          auipc                   a5,91                   # 0x832c0
0x000282c4:  d287b783          ld                      a5,-728(a5)
0x000282c8:  6384              ld                      s1,0(a5)
0x000282ca:  00073023          sd                      zero,0(a4)
0x000282ce:  476d              addi                    a4,zero,27
0x000282d0:  3344d783          lhu                     a5,820(s1)
0x000282d4:  00061697          auipc                   a3,97                   # 0x892d4
0x000282d8:  5ce6ba23          sd                      a4,1492(a3)
0x000282dc:  00083023          sd                      zero,0(a6)
0x000282e0:  8b8d              andi                    a5,a5,3
0x000282e2:  4709              addi                    a4,zero,2
0x000282e4:  14e78963          beq                     a5,a4,338               # 0x28436

----------------
IN: _dl_init_paths
0x000282e8:  1284b783          ld                      a5,296(s1)
0x000282ec:  c7e9              beqz                    a5,202                  # 0x283b6

----------------
IN: _dl_init_paths
0x000283b6:  7cdc              ld                      a5,184(s1)
0x000283b8:  577d              addi                    a4,zero,-1
0x000283ba:  3ce4b423          sd                      a4,968(s1)
0x000283be:  c39d              beqz                    a5,38                   # 0x283e4

----------------
IN: _dl_init_paths
0x000283e4:  34e4b023          sd                      a4,832(s1)
0x000283e8:  b73d              j                       -210                    # 0x28316

----------------
IN: _dl_init_paths
0x00028316:  000a0563          beqz                    s4,10                   # 0x28320

----------------
IN: _dl_init_paths
0x00028320:  57fd              addi                    a5,zero,-1
0x00028322:  00f9b823          sd                      a5,16(s3)
0x00028326:  fd040113          addi                    sp,s0,-48
0x0002832a:  70a2              ld                      ra,40(sp)
0x0002832c:  7402              ld                      s0,32(sp)
0x0002832e:  64e2              ld                      s1,24(sp)
0x00028330:  6942              ld                      s2,16(sp)
0x00028332:  69a2              ld                      s3,8(sp)
0x00028334:  6a02              ld                      s4,0(sp)
0x00028336:  6145              addi                    sp,sp,48
0x00028338:  8082              ret                     

----------------
IN: _dl_non_dynamic_init
0x00019974:  070b3783          ld                      a5,112(s6)
0x00019978:  0003b517          auipc                   a0,59                   # 0x54978
0x0001997c:  73850513          addi                    a0,a0,1848
0x00019980:  06fb3423          sd                      a5,104(s6)
0x00019984:  4e4000ef          jal                     ra,1252                 # 0x19e68

----------------
IN: strlen
0x00016ffa:  00b80793          addi                    a5,a6,11
0x00016ffe:  bf79              j                       -98                     # 0x16f9c

----------------
IN: strlen
0x00016f9c:  40a78533          sub                     a0,a5,a0
0x00016fa0:  6422              ld                      s0,8(sp)
0x00016fa2:  0141              addi                    sp,sp,16
0x00016fa4:  8082              ret                     

----------------
IN: _dl_non_dynamic_init
0x00019988:  4785              addi                    a5,zero,1
0x0001998a:  c509              beqz                    a0,10                   # 0x19994

----------------
IN: _dl_non_dynamic_init
0x00019994:  0003b517          auipc                   a0,59                   # 0x54994
0x00019998:  72c50513          addi                    a0,a0,1836
0x0001999c:  06fb2c23          sw                      a5,120(s6)
0x000199a0:  4c8000ef          jal                     ra,1224                 # 0x19e68

----------------
IN: _dl_non_dynamic_init
0x000199a4:  4781              mv                      a5,zero
0x000199a6:  c509              beqz                    a0,10                   # 0x199b0

----------------
IN: _dl_non_dynamic_init
0x000199b0:  0003b517          auipc                   a0,59                   # 0x549b0
0x000199b4:  72050513          addi                    a0,a0,1824
0x000199b8:  06fb2e23          sw                      a5,124(s6)
0x000199bc:  4ac000ef          jal                     ra,1196                 # 0x19e68

----------------
IN: _dl_non_dynamic_init
0x000199c0:  4785              addi                    a5,zero,1
0x000199c2:  c509              beqz                    a0,10                   # 0x199cc

----------------
IN: _dl_non_dynamic_init
0x000199cc:  008b3503          ld                      a0,8(s6)
0x000199d0:  08fb2023          sw                      a5,128(s6)
0x000199d4:  c509              beqz                    a0,10                   # 0x199de

----------------
IN: _dl_non_dynamic_init
0x000199de:  048b3703          ld                      a4,72(s6)
0x000199e2:  040b3783          ld                      a5,64(s6)
0x000199e6:  6474e637          lui                     a2,411470
0x000199ea:  00371693          slli                    a3,a4,3
0x000199ee:  8e99              sub                     a3,a3,a4
0x000199f0:  068e              slli                    a3,a3,3
0x000199f2:  6474e5b7          lui                     a1,411470
0x000199f6:  96be              add                     a3,a3,a5
0x000199f8:  4501              mv                      a0,zero
0x000199fa:  4801              mv                      a6,zero
0x000199fc:  55160613          addi                    a2,a2,1361
0x00019a00:  55258593          addi                    a1,a1,1362
0x00019a04:  04d7f763          bleu                    a3,a5,78                # 0x19a52

----------------
IN: _dl_non_dynamic_init
0x00019a08:  e0d2              sd                      s4,64(sp)
0x00019a0a:  fc56              sd                      s5,56(sp)
0x00019a0c:  a821              j                       24                      # 0x19a24

----------------
IN: _dl_non_dynamic_init
0x00019a24:  4398              lw                      a4,0(a5)
0x00019a26:  fec714e3          bne                     a4,a2,-24               # 0x19a0e

----------------
IN: _dl_non_dynamic_init
0x00019a0e:  00b71763          bne                     a4,a1,14                # 0x19a1c

----------------
IN: _dl_non_dynamic_init
0x00019a1c:  03878793          addi                    a5,a5,56
0x00019a20:  00d7fc63          bleu                    a3,a5,24                # 0x19a38

----------------
IN: _dl_non_dynamic_init
0x00019a2a:  0047a983          lw                      s3,4(a5)
0x00019a2e:  03878793          addi                    a5,a5,56
0x00019a32:  4805              addi                    a6,zero,1
0x00019a34:  fed7e8e3          bgtu                    a3,a5,-16               # 0x19a24

----------------
IN: _dl_non_dynamic_init
0x00019a12:  0107ba03          ld                      s4,16(a5)
0x00019a16:  0287ba83          ld                      s5,40(a5)
0x00019a1a:  4505              addi                    a0,zero,1
0x00019a1c:  03878793          addi                    a5,a5,56
0x00019a20:  00d7fc63          bleu                    a3,a5,24                # 0x19a38

----------------
IN: _dl_non_dynamic_init
0x00019a38:  c509              beqz                    a0,10                   # 0x19a42

----------------
IN: _dl_non_dynamic_init
0x00019a3a:  47593823          sd                      s5,1136(s2)
0x00019a3e:  47493423          sd                      s4,1128(s2)
0x00019a42:  10080c63          beqz                    a6,280                  # 0x19b5a

----------------
IN: _dl_non_dynamic_init
0x00019a46:  6a06              ld                      s4,64(sp)
0x00019a48:  7ae2              ld                      s5,56(sp)
0x00019a4a:  0006a797          auipc                   a5,106                  # 0x83a4a
0x00019a4e:  fd37a323          sw                      s3,-58(a5)
0x00019a52:  00069797          auipc                   a5,105                  # 0x82a52
0x00019a56:  39e7b783          ld                      a5,926(a5)
0x00019a5a:  c391              beqz                    a5,4                    # 0x19a5e

----------------
IN: _dl_non_dynamic_init
0x00019a5c:  9782              jalr                    ra,a5,0

----------------
IN: _dl_find_object_init
0x0004874e:  7179              addi                    sp,sp,-48
0x00048750:  f022              sd                      s0,32(sp)
0x00048752:  f406              sd                      ra,40(sp)
0x00048754:  ec26              sd                      s1,24(sp)
0x00048756:  e84a              sd                      s2,16(sp)
0x00048758:  e44e              sd                      s3,8(sp)
0x0004875a:  1800              addi                    s0,sp,48
0x0004875c:  0003b797          auipc                   a5,59                   # 0x8375c
0x00048760:  88c7b783          ld                      a5,-1908(a5)
0x00048764:  6388              ld                      a0,0(a5)
0x00048766:  33654783          lbu                     a5,822(a0)
0x0004876a:  8ba1              andi                    a5,a5,8
0x0004876c:  0e079963          bnez                    a5,242                  # 0x4885e

----------------
IN: _dl_find_object_init
0x00048770:  0003a997          auipc                   s3,58                   # 0x82770
0x00048774:  3a098993          addi                    s3,s3,928
0x00048778:  57fd              addi                    a5,zero,-1
0x0004877a:  00f9b823          sd                      a5,16(s3)
0x0004877e:  00f9bc23          sd                      a5,24(s3)
0x00048782:  b47ff0ef          jal                     ra,-1210                # 0x482c8

----------------
IN: _dlfo_process_initial
0x000482c8:  711d              addi                    sp,sp,-96
0x000482ca:  e8a2              sd                      s0,80(sp)
0x000482cc:  e4a6              sd                      s1,72(sp)
0x000482ce:  e0ca              sd                      s2,64(sp)
0x000482d0:  ec86              sd                      ra,88(sp)
0x000482d2:  fc4e              sd                      s3,56(sp)
0x000482d4:  f852              sd                      s4,48(sp)
0x000482d6:  f456              sd                      s5,40(sp)
0x000482d8:  1080              addi                    s0,sp,96
0x000482da:  0003b497          auipc                   s1,59                   # 0x832da
0x000482de:  d0e4b483          ld                      s1,-754(s1)
0x000482e2:  0004b903          ld                      s2,0(s1)
0x000482e6:  33694783          lbu                     a5,822(s2)
0x000482ea:  8ba1              andi                    a5,a5,8
0x000482ec:  cfd9              beqz                    a5,158                  # 0x4838a

----------------
IN: _dlfo_process_initial
0x0004838a:  fa040593          addi                    a1,s0,-96
0x0004838e:  854a              mv                      a0,s2
0x00048390:  ecfff0ef          jal                     ra,-306                 # 0x4825e

----------------
IN: _dl_find_object_from_map
0x0004825e:  1141              addi                    sp,sp,-16
0x00048260:  e422              sd                      s0,8(sp)
0x00048262:  0800              addi                    s0,sp,16
0x00048264:  36853783          ld                      a5,872(a0)
0x00048268:  e19c              sd                      a5,0(a1)
0x0004826a:  37053783          ld                      a5,880(a0)
0x0004826e:  00858713          addi                    a4,a1,8
0x00048272:  e31c              sd                      a5,0(a4)
0x00048274:  01058793          addi                    a5,a1,16
0x00048278:  e388              sd                      a0,0(a5)
0x0004827a:  2d055703          lhu                     a4,720(a0)
0x0004827e:  2c053783          ld                      a5,704(a0)
0x00048282:  00371693          slli                    a3,a4,3
0x00048286:  8e99              sub                     a3,a3,a4
0x00048288:  068e              slli                    a3,a3,3
0x0004828a:  96be              add                     a3,a3,a5
0x0004828c:  02d7f763          bleu                    a3,a5,46                # 0x482ba

----------------
IN: _dl_find_object_from_map
0x00048290:  6474e637          lui                     a2,411470
0x00048294:  55060613          addi                    a2,a2,1360
0x00048298:  a029              j                       10                      # 0x482a2

----------------
IN: _dl_find_object_from_map
0x000482a2:  4398              lw                      a4,0(a5)
0x000482a4:  fec71be3          bne                     a4,a2,-10               # 0x4829a

----------------
IN: _dl_find_object_from_map
0x0004829a:  03878793          addi                    a5,a5,56
0x0004829e:  00d7fe63          bleu                    a3,a5,28                # 0x482ba

----------------
IN: _dl_find_object_from_map
0x000482ba:  01858793          addi                    a5,a1,24
0x000482be:  0007b023          sd                      zero,0(a5)
0x000482c2:  6422              ld                      s0,8(sp)
0x000482c4:  0141              addi                    sp,sp,16
0x000482c6:  8082              ret                     

----------------
IN: _dlfo_process_initial
0x00048394:  2d095703          lhu                     a4,720(s2)
0x00048398:  2c093783          ld                      a5,704(s2)
0x0004839c:  00371693          slli                    a3,a4,3
0x000483a0:  8e99              sub                     a3,a3,a4
0x000483a2:  068e              slli                    a3,a3,3
0x000483a4:  96be              add                     a3,a3,a5
0x000483a6:  08d7f063          bleu                    a3,a5,128               # 0x48426

----------------
IN: _dlfo_process_initial
0x000483aa:  0003aa97          auipc                   s5,58                   # 0x823aa
0x000483ae:  766a8a93          addi                    s5,s5,1894
0x000483b2:  000ab803          ld                      a6,0(s5)
0x000483b6:  4981              mv                      s3,zero
0x000483b8:  4585              addi                    a1,zero,1
0x000483ba:  a029              j                       10                      # 0x483c4

----------------
IN: _dlfo_process_initial
0x000483c4:  4398              lw                      a4,0(a5)
0x000483c6:  feb71be3          bne                     a4,a1,-10               # 0x483bc

----------------
IN: _dlfo_process_initial
0x000483bc:  03878793          addi                    a5,a5,56
0x000483c0:  04d7f563          bleu                    a3,a5,74                # 0x4840a

----------------
IN: _dlfo_process_initial
0x000483ca:  00599713          slli                    a4,s3,5
0x000483ce:  9742              add                     a4,a4,a6
0x000483d0:  02080863          beqz                    a6,48                   # 0x48400

----------------
IN: _dlfo_process_initial
0x00048400:  03878793          addi                    a5,a5,56
0x00048404:  0985              addi                    s3,s3,1
0x00048406:  fad7efe3          bgtu                    a3,a5,-66               # 0x483c4

----------------
IN: _dlfo_process_initial
0x0004840a:  0003b797          auipc                   a5,59                   # 0x8340a
0x0004840e:  a3e7b783          ld                      a5,-1474(a5)
0x00048412:  0007ba03          ld                      s4,0(a5)
0x00048416:  f00a0be3          beqz                    s4,-234                 # 0x4832c

----------------
IN: _dlfo_process_initial
0x0004841a:  6084              ld                      s1,0(s1)
0x0004841c:  c099              beqz                    s1,6                    # 0x48422

----------------
IN: _dlfo_process_initial
0x0004841e:  f05a              sd                      s6,32(sp)
0x00048420:  b5f5              j                       -276                    # 0x4830c

----------------
IN: _dlfo_process_initial
0x0004830c:  4a01              mv                      s4,zero
0x0004830e:  4b05              addi                    s6,zero,1
0x00048310:  00990563          beq                     s2,s1,10                # 0x4831a

----------------
IN: _dlfo_process_initial
0x0004831a:  6c84              ld                      s1,24(s1)
0x0004831c:  f8f5              bnez                    s1,-12                  # 0x48310

----------------
IN: _dlfo_process_initial
0x00048310:  00990563          beq                     s2,s1,10                # 0x4831a

----------------
IN: _dlfo_process_initial
0x00048314:  749c              ld                      a5,40(s1)
0x00048316:  02978763          beq                     a5,s1,46                # 0x48344

----------------
IN: _dlfo_process_initial
0x00048344:  3344d783          lhu                     a5,820(s1)
0x00048348:  8b8d              andi                    a5,a5,3
0x0004834a:  03678563          beq                     a5,s6,42                # 0x48374

----------------
IN: _dlfo_process_initial
0x00048374:  000ab783          ld                      a5,0(s5)
0x00048378:  c799              beqz                    a5,14                   # 0x48386

----------------
IN: _dlfo_process_initial
0x00048386:  0985              addi                    s3,s3,1
0x00048388:  bf49              j                       -110                    # 0x4831a

----------------
IN: _dlfo_process_initial
0x0004831e:  7b02              ld                      s6,32(sp)
0x00048320:  a031              j                       12                      # 0x4832c

----------------
IN: _dlfo_process_initial
0x0004832c:  60e6              ld                      ra,88(sp)
0x0004832e:  6446              ld                      s0,80(sp)
0x00048330:  013ab423          sd                      s3,8(s5)
0x00048334:  64a6              ld                      s1,72(sp)
0x00048336:  6906              ld                      s2,64(sp)
0x00048338:  79e2              ld                      s3,56(sp)
0x0004833a:  7aa2              ld                      s5,40(sp)
0x0004833c:  8552              mv                      a0,s4
0x0004833e:  7a42              ld                      s4,48(sp)
0x00048340:  6125              addi                    sp,sp,96
0x00048342:  8082              ret                     

----------------
IN: _dl_find_object_init
0x00048786:  0089b783          ld                      a5,8(s3)
0x0004878a:  84aa              mv                      s1,a0
0x0004878c:  00579513          slli                    a0,a5,5
0x00048790:  d03cc0ef          jal                     ra,-209662              # 0x15492

----------------
IN: _dl_find_object_init
0x00048794:  00a9b023          sd                      a0,0(s3)
0x00048798:  892a              mv                      s2,a0
0x0004879a:  e0a9              bnez                    s1,66                   # 0x487dc

----------------
IN: _dl_find_object_init
0x0004879c:  0e050763          beqz                    a0,238                  # 0x4888a

----------------
IN: _dl_find_object_init
0x000487a0:  0003a797          auipc                   a5,58                   # 0x827a0
0x000487a4:  3607bc23          sd                      zero,888(a5)
0x000487a8:  b21ff0ef          jal                     ra,-1248                # 0x482c8

----------------
IN: _dlfo_process_initial
0x000483d4:  fb043503          ld                      a0,-80(s0)
0x000483d8:  fb843603          ld                      a2,-72(s0)
0x000483dc:  fa843883          ld                      a7,-88(s0)
0x000483e0:  fa043303          ld                      t1,-96(s0)
0x000483e4:  eb08              sd                      a0,16(a4)
0x000483e6:  01173423          sd                      a7,8(a4)
0x000483ea:  00673023          sd                      t1,0(a4)
0x000483ee:  ef10              sd                      a2,24(a4)
0x000483f0:  00093503          ld                      a0,0(s2)
0x000483f4:  6b90              ld                      a2,16(a5)
0x000483f6:  962a              add                     a2,a2,a0
0x000483f8:  e310              sd                      a2,0(a4)
0x000483fa:  7788              ld                      a0,40(a5)
0x000483fc:  962a              add                     a2,a2,a0
0x000483fe:  e710              sd                      a2,8(a4)
0x00048400:  03878793          addi                    a5,a5,56
0x00048404:  0985              addi                    s3,s3,1
0x00048406:  fad7efe3          bgtu                    a3,a5,-66               # 0x483c4

----------------
IN: _dlfo_process_initial
0x0004837a:  00599593          slli                    a1,s3,5
0x0004837e:  95be              add                     a1,a1,a5
0x00048380:  8526              mv                      a0,s1
0x00048382:  eddff0ef          jal                     ra,-292                 # 0x4825e

----------------
IN: _dl_find_object_from_map
0x000482a8:  6118              ld                      a4,0(a0)
0x000482aa:  6b9c              ld                      a5,16(a5)
0x000482ac:  97ba              add                     a5,a5,a4
0x000482ae:  01858713          addi                    a4,a1,24
0x000482b2:  e31c              sd                      a5,0(a4)
0x000482b4:  6422              ld                      s0,8(sp)
0x000482b6:  0141              addi                    sp,sp,16
0x000482b8:  8082              ret                     

----------------
IN: _dl_find_object_init
0x000487ac:  0089b483          ld                      s1,8(s3)
0x000487b0:  cc99              beqz                    s1,30                   # 0x487ce

----------------
IN: _dl_find_object_init
0x000487b2:  4785              addi                    a5,zero,1
0x000487b4:  00f48963          beq                     s1,a5,18                # 0x487c6

----------------
IN: _dl_find_object_init
0x000487b8:  85a6              mv                      a1,s1
0x000487ba:  14fd              addi                    s1,s1,-1
0x000487bc:  854a              mv                      a0,s2
0x000487be:  0496              slli                    s1,s1,5
0x000487c0:  c73ff0ef          jal                     ra,-910                 # 0x48432

----------------
IN: _dlfo_sort_mappings.part.0
0x00048432:  1141              addi                    sp,sp,-16
0x00048434:  e422              sd                      s0,8(sp)
0x00048436:  0800              addi                    s0,sp,16
0x00048438:  4785              addi                    a5,zero,1
0x0004843a:  06f58c63          beq                     a1,a5,120               # 0x484b2

----------------
IN: _dlfo_sort_mappings.part.0
0x0004843e:  fff58293          addi                    t0,a1,-1
0x00048442:  88aa              mv                      a7,a0
0x00048444:  4301              mv                      t1,zero
0x00048446:  861a              mv                      a2,t1
0x00048448:  0305              addi                    t1,t1,1
0x0004844a:  0008b803          ld                      a6,0(a7)
0x0004844e:  06b37563          bleu                    a1,t1,106               # 0x484b8

----------------
IN: _dlfo_sort_mappings.part.0
0x00048452:  8746              mv                      a4,a7
0x00048454:  879a              mv                      a5,t1
0x00048456:  7314              ld                      a3,32(a4)
0x00048458:  02070713          addi                    a4,a4,32
0x0004845c:  0106f463          bleu                    a6,a3,8                 # 0x48464

----------------
IN: _dlfo_sort_mappings.part.0
0x00048464:  0785              addi                    a5,a5,1
0x00048466:  fef598e3          bne                     a1,a5,-16               # 0x48456

----------------
IN: _dlfo_sort_mappings.part.0
0x00048456:  7314              ld                      a3,32(a4)
0x00048458:  02070713          addi                    a4,a4,32
0x0004845c:  0106f463          bleu                    a6,a3,8                 # 0x48464

----------------
IN: _dlfo_sort_mappings.part.0
0x0004846a:  00561793          slli                    a5,a2,5
0x0004846e:  97aa              add                     a5,a5,a0
0x00048470:  0007b803          ld                      a6,0(a5)
0x00048474:  0008bf83          ld                      t6,0(a7)
0x00048478:  0088bf03          ld                      t5,8(a7)
0x0004847c:  0108be83          ld                      t4,16(a7)
0x00048480:  0188be03          ld                      t3,24(a7)
0x00048484:  6790              ld                      a2,8(a5)
0x00048486:  6b94              ld                      a3,16(a5)
0x00048488:  6f98              ld                      a4,24(a5)
0x0004848a:  01f7b023          sd                      t6,0(a5)
0x0004848e:  01e7b423          sd                      t5,8(a5)
0x00048492:  01d7b823          sd                      t4,16(a5)
0x00048496:  01c7bc23          sd                      t3,24(a5)
0x0004849a:  0108b023          sd                      a6,0(a7)
0x0004849e:  00c8b423          sd                      a2,8(a7)
0x000484a2:  00d8b823          sd                      a3,16(a7)
0x000484a6:  00e8bc23          sd                      a4,24(a7)
0x000484aa:  02088893          addi                    a7,a7,32
0x000484ae:  f8531ce3          bne                     t1,t0,-104              # 0x48446

----------------
IN: _dlfo_sort_mappings.part.0
0x00048446:  861a              mv                      a2,t1
0x00048448:  0305              addi                    t1,t1,1
0x0004844a:  0008b803          ld                      a6,0(a7)
0x0004844e:  06b37563          bleu                    a1,t1,106               # 0x484b8

----------------
IN: _dlfo_sort_mappings.part.0
0x000484b2:  6422              ld                      s0,8(sp)
0x000484b4:  0141              addi                    sp,sp,16
0x000484b6:  8082              ret                     

----------------
IN: _dl_find_object_init
0x000487c4:  9926              add                     s2,s2,s1
0x000487c6:  00893783          ld                      a5,8(s2)
0x000487ca:  02f9b823          sd                      a5,48(s3)
0x000487ce:  70a2              ld                      ra,40(sp)
0x000487d0:  7402              ld                      s0,32(sp)
0x000487d2:  64e2              ld                      s1,24(sp)
0x000487d4:  6942              ld                      s2,16(sp)
0x000487d6:  69a2              ld                      s3,8(sp)
0x000487d8:  6145              addi                    sp,sp,48
0x000487da:  8082              ret                     

----------------
IN: _dl_non_dynamic_init
0x00019a5e:  47093783          ld                      a5,1136(s2)
0x00019a62:  e7d1              bnez                    a5,140                  # 0x19aee

----------------
IN: _dl_non_dynamic_init
0x00019aee:  7406              ld                      s0,96(sp)
0x00019af0:  70a6              ld                      ra,104(sp)
0x00019af2:  64e6              ld                      s1,88(sp)
0x00019af4:  6946              ld                      s2,80(sp)
0x00019af6:  69a6              ld                      s3,72(sp)
0x00019af8:  7b42              ld                      s6,48(sp)
0x00019afa:  7ba2              ld                      s7,40(sp)
0x00019afc:  0006a517          auipc                   a0,106                  # 0x83afc
0x00019b00:  fa450513          addi                    a0,a0,-92
0x00019b04:  6165              addi                    sp,sp,112
0x00019b06:  3e61206f          j                       74726                   # 0x2beec

----------------
IN: _dl_protect_relro
0x0002beec:  1101              addi                    sp,sp,-32
0x0002beee:  e822              sd                      s0,16(sp)
0x0002bef0:  e426              sd                      s1,8(sp)
0x0002bef2:  ec06              sd                      ra,24(sp)
0x0002bef4:  1000              addi                    s0,sp,32
0x0002bef6:  611c              ld                      a5,0(a0)
0x0002bef8:  46853683          ld                      a3,1128(a0)
0x0002befc:  00057717          auipc                   a4,87                   # 0x82efc
0x0002bf00:  0c473703          ld                      a4,196(a4)
0x0002bf04:  47053583          ld                      a1,1136(a0)
0x0002bf08:  6318              ld                      a4,0(a4)
0x0002bf0a:  97b6              add                     a5,a5,a3
0x0002bf0c:  95be              add                     a1,a1,a5
0x0002bf0e:  40e00733          neg                     a4,a4
0x0002bf12:  84aa              mv                      s1,a0
0x0002bf14:  8df9              and                     a1,a1,a4
0x0002bf16:  00e7f533          and                     a0,a5,a4
0x0002bf1a:  00b51763          bne                     a0,a1,14                # 0x2bf28

----------------
IN: _dl_protect_relro
0x0002bf28:  4605              addi                    a2,zero,1
0x0002bf2a:  8d89              sub                     a1,a1,a0
0x0002bf2c:  dc5eb0ef          jal                     ra,-82492               # 0x17cf0

----------------
IN: __mprotect
0x00017cf0:  0e200893          addi                    a7,zero,226
0x00017cf4:  00000073          ecall                   

----------------
IN: __mprotect
0x00017cf8:  78fd              lui                     a7,-1
0x00017cfa:  00a8e363          bgtu                    a0,a7,6                 # 0x17d00

----------------
IN: __mprotect
0x00017cfe:  8082              ret                     

----------------
IN: _dl_protect_relro
0x0002bf30:  fe0557e3          bgez                    a0,-18                  # 0x2bf1e

----------------
IN: _dl_protect_relro
0x0002bf1e:  60e2              ld                      ra,24(sp)
0x0002bf20:  6442              ld                      s0,16(sp)
0x0002bf22:  64a2              ld                      s1,8(sp)
0x0002bf24:  6105              addi                    sp,sp,32
0x0002bf26:  8082              ret                     

----------------
IN: __libc_init_first
0x00019d68:  7402              ld                      s0,32(sp)
0x00019d6a:  70a2              ld                      ra,40(sp)
0x00019d6c:  864e              mv                      a2,s3
0x00019d6e:  85ca              mv                      a1,s2
0x00019d70:  69a2              ld                      s3,8(sp)
0x00019d72:  6942              ld                      s2,16(sp)
0x00019d74:  8526              mv                      a0,s1
0x00019d76:  64e2              ld                      s1,24(sp)
0x00019d78:  6145              addi                    sp,sp,48
0x00019d7a:  4910c06f          j                       52368                   # 0x26a0a

----------------
IN: __init_misc
0x00026a0a:  c1b1              beqz                    a1,68                   # 0x26a4e

----------------
IN: __init_misc
0x00026a0c:  1101              addi                    sp,sp,-32
0x00026a0e:  e822              sd                      s0,16(sp)
0x00026a10:  e426              sd                      s1,8(sp)
0x00026a12:  e04a              sd                      s2,0(sp)
0x00026a14:  ec06              sd                      ra,24(sp)
0x00026a16:  1000              addi                    s0,sp,32
0x00026a18:  0005b903          ld                      s2,0(a1)
0x00026a1c:  84ae              mv                      s1,a1
0x00026a1e:  02090263          beqz                    s2,36                   # 0x26a42

----------------
IN: __init_misc
0x00026a22:  02f00593          addi                    a1,zero,47
0x00026a26:  854a              mv                      a0,s2
0x00026a28:  cbefe0ef          jal                     ra,-6978                # 0x24ee6

----------------
IN: rindex
0x00024ee6:  1101              addi                    sp,sp,-32
0x00024ee8:  e822              sd                      s0,16(sp)
0x00024eea:  e426              sd                      s1,8(sp)
0x00024eec:  e04a              sd                      s2,0(sp)
0x00024eee:  ec06              sd                      ra,24(sp)
0x00024ef0:  1000              addi                    s0,sp,32
0x00024ef2:  84aa              mv                      s1,a0
0x00024ef4:  892e              mv                      s2,a1
0x00024ef6:  fedf10ef          jal                     ra,-57364               # 0x16ee2

----------------
IN: strlen
0x00016f4a:  6798              ld                      a4,8(a5)
0x00016f4c:  883e              mv                      a6,a5
0x00016f4e:  07a1              addi                    a5,a5,8
0x00016f50:  00b706b3          add                     a3,a4,a1
0x00016f54:  fff74713          not                     a4,a4
0x00016f58:  8f75              and                     a4,a4,a3
0x00016f5a:  00c776b3          and                     a3,a4,a2
0x00016f5e:  d6f5              beqz                    a3,-20                  # 0x16f4a

----------------
IN: rindex
0x00024efa:  6442              ld                      s0,16(sp)
0x00024efc:  60e2              ld                      ra,24(sp)
0x00024efe:  00150613          addi                    a2,a0,1
0x00024f02:  85ca              mv                      a1,s2
0x00024f04:  8526              mv                      a0,s1
0x00024f06:  6902              ld                      s2,0(sp)
0x00024f08:  64a2              ld                      s1,8(sp)
0x00024f0a:  6105              addi                    sp,sp,32
0x00024f0c:  4041c06f          j                       115716                  # 0x41310

----------------
IN: memrchr
0x00041310:  1141              addi                    sp,sp,-16
0x00041312:  e422              sd                      s0,8(sp)
0x00041314:  0800              addi                    s0,sp,16
0x00041316:  1c060963          beqz                    a2,466                  # 0x414e8

----------------
IN: memrchr
0x0004131a:  010107b7          lui                     a5,4112
0x0004131e:  10178793          addi                    a5,a5,257
0x00041322:  07c2              slli                    a5,a5,16
0x00041324:  10178793          addi                    a5,a5,257
0x00041328:  07c2              slli                    a5,a5,16
0x0004132a:  10178793          addi                    a5,a5,257
0x0004132e:  0ff5f593          andi                    a1,a1,255
0x00041332:  02f58e33          mul                     t3,a1,a5
0x00041336:  962a              add                     a2,a2,a0
0x00041338:  0feff7b7          lui                     a5,65279
0x0004133c:  832a              mv                      t1,a0
0x0004133e:  0792              slli                    a5,a5,4
0x00041340:  00760513          addi                    a0,a2,7
0x00041344:  9961              andi                    a0,a0,-8
0x00041346:  eff78793          addi                    a5,a5,-257
0x0004134a:  ff853683          ld                      a3,-8(a0)
0x0004134e:  07c2              slli                    a5,a5,16
0x00041350:  eff78793          addi                    a5,a5,-257
0x00041354:  07be              slli                    a5,a5,15
0x00041356:  f7f78793          addi                    a5,a5,-129
0x0004135a:  00de46b3          xor                     a3,t3,a3
0x0004135e:  00f6f733          and                     a4,a3,a5
0x00041362:  973e              add                     a4,a4,a5
0x00041364:  8f55              or                      a4,a4,a3
0x00041366:  8a1d              andi                    a2,a2,7
0x00041368:  ff850693          addi                    a3,a0,-8
0x0004136c:  8fd9              or                      a5,a5,a4
0x0004136e:  12060663          beqz                    a2,300                  # 0x4149a

----------------
IN: memrchr
0x00041372:  0036161b          slliw                   a2,a2,3
0x00041376:  577d              addi                    a4,zero,-1
0x00041378:  00c71733          sll                     a4,a4,a2
0x0004137c:  8fd9              or                      a5,a5,a4
0x0004137e:  fff7c793          not                     a5,a5
0x00041382:  12079363          bnez                    a5,294                  # 0x414a8

----------------
IN: memrchr
0x00041386:  ff837893          andi                    a7,t1,-8
0x0004138a:  15168f63          beq                     a3,a7,350               # 0x414e8

----------------
IN: memrchr
0x0004138e:  feff0637          lui                     a2,-4112
0x00041392:  eff60613          addi                    a2,a2,-257
0x00041396:  f01016b7          lui                     a3,-65279
0x0004139a:  ff053703          ld                      a4,-16(a0)
0x0004139e:  0642              slli                    a2,a2,16
0x000413a0:  0692              slli                    a3,a3,4
0x000413a2:  eff60613          addi                    a2,a2,-257
0x000413a6:  10168693          addi                    a3,a3,257
0x000413aa:  0642              slli                    a2,a2,16
0x000413ac:  06c2              slli                    a3,a3,16
0x000413ae:  01c74733          xor                     a4,a4,t3
0x000413b2:  eff60613          addi                    a2,a2,-257
0x000413b6:  10168693          addi                    a3,a3,257
0x000413ba:  fff74593          not                     a1,a4
0x000413be:  00c707b3          add                     a5,a4,a2
0x000413c2:  06be              slli                    a3,a3,15
0x000413c4:  8fed              and                     a5,a5,a1
0x000413c6:  08068693          addi                    a3,a3,128
0x000413ca:  ff050593          addi                    a1,a0,-16
0x000413ce:  8ff5              and                     a5,a5,a3
0x000413d0:  02b88263          beq                     a7,a1,36                # 0x413f4

----------------
IN: memrchr
0x000413d4:  10079e63          bnez                    a5,284                  # 0x414f0

----------------
IN: memrchr
0x000413d8:  ff85b703          ld                      a4,-8(a1)
0x000413dc:  15e1              addi                    a1,a1,-8
0x000413de:  01c74733          xor                     a4,a4,t3
0x000413e2:  00c707b3          add                     a5,a4,a2
0x000413e6:  fff74813          not                     a6,a4
0x000413ea:  0107f7b3          and                     a5,a5,a6
0x000413ee:  8ff5              and                     a5,a5,a3
0x000413f0:  feb892e3          bne                     a7,a1,-28               # 0x413d4

----------------
IN: memrchr
0x000413f4:  feff07b7          lui                     a5,-4112
0x000413f8:  eff78793          addi                    a5,a5,-257
0x000413fc:  f01016b7          lui                     a3,-65279
0x00041400:  07c2              slli                    a5,a5,16
0x00041402:  0692              slli                    a3,a3,4
0x00041404:  eff78793          addi                    a5,a5,-257
0x00041408:  10168693          addi                    a3,a3,257
0x0004140c:  07c2              slli                    a5,a5,16
0x0004140e:  06c2              slli                    a3,a3,16
0x00041410:  eff78793          addi                    a5,a5,-257
0x00041414:  10168693          addi                    a3,a3,257
0x00041418:  97ba              add                     a5,a5,a4
0x0004141a:  fff74613          not                     a2,a4
0x0004141e:  06be              slli                    a3,a3,15
0x00041420:  8ff1              and                     a5,a5,a2
0x00041422:  08068693          addi                    a3,a3,128
0x00041426:  8ff5              and                     a5,a5,a3
0x00041428:  4501              mv                      a0,zero
0x0004142a:  c7ad              beqz                    a5,106                  # 0x41494

----------------
IN: memrchr
0x0004142c:  0feff7b7          lui                     a5,65279
0x00041430:  0792              slli                    a5,a5,4
0x00041432:  eff78793          addi                    a5,a5,-257
0x00041436:  07c2              slli                    a5,a5,16
0x00041438:  eff78793          addi                    a5,a5,-257
0x0004143c:  07be              slli                    a5,a5,15
0x0004143e:  f7f78793          addi                    a5,a5,-129
0x00041442:  00f776b3          and                     a3,a4,a5
0x00041446:  96be              add                     a3,a3,a5
0x00041448:  8f55              or                      a4,a4,a3
0x0004144a:  8fd9              or                      a5,a5,a4
0x0004144c:  fff7c713          not                     a4,a5
0x00041450:  1007d763          bgez                    a5,270                  # 0x4155e

----------------
IN: memrchr
0x0004155e:  479d              addi                    a5,zero,7
0x00041560:  b735              j                       -212                    # 0x4148c

----------------
IN: memrchr
0x0004148c:  00f58533          add                     a0,a1,a5
0x00041490:  04656c63          bgtu                    t1,a0,88                # 0x414e8

----------------
IN: memrchr
0x00041494:  6422              ld                      s0,8(sp)
0x00041496:  0141              addi                    sp,sp,16
0x00041498:  8082              ret                     

----------------
IN: __init_misc
0x00026a2c:  c119              beqz                    a0,6                    # 0x26a32

----------------
IN: __init_misc
0x00026a2e:  00150913          addi                    s2,a0,1
0x00026a32:  0005e797          auipc                   a5,94                   # 0x84a32
0x00026a36:  b5e78793          addi                    a5,a5,-1186
0x00026a3a:  0127b023          sd                      s2,0(a5)
0x00026a3e:  6098              ld                      a4,0(s1)
0x00026a40:  e798              sd                      a4,8(a5)
0x00026a42:  60e2              ld                      ra,24(sp)
0x00026a44:  6442              ld                      s0,16(sp)
0x00026a46:  64a2              ld                      s1,8(sp)
0x00026a48:  6902              ld                      s2,0(sp)
0x00026a4a:  6105              addi                    sp,sp,32
0x00026a4c:  8082              ret                     

----------------
IN: __libc_start_main
0x00010a1c:  4601              mv                      a2,zero
0x00010a1e:  4581              mv                      a1,zero
0x00010a20:  00000517          auipc                   a0,0                    # 0x10a20
0x00010a24:  db650513          addi                    a0,a0,-586
0x00010a28:  5ca000ef          jal                     ra,1482                 # 0x10ff2

----------------
IN: __cxa_atexit
0x00010ff2:  1141              addi                    sp,sp,-16
0x00010ff4:  e422              sd                      s0,8(sp)
0x00010ff6:  0800              addi                    s0,sp,16
0x00010ff8:  6422              ld                      s0,8(sp)
0x00010ffa:  00072697          auipc                   a3,114                  # 0x82ffa

----------------
IN: __cxa_atexit
0x00010ffe:  00668693          addi                    a3,a3,6

----------------
IN: __cxa_atexit
0x00011002:  0141              addi                    sp,sp,16
0x00011004:  b715              j                       -220                    # 0x10f28

----------------
IN: __internal_atexit
0x00010f28:  7139              addi                    sp,sp,-64
0x00010f2a:  f822              sd                      s0,48(sp)
0x00010f2c:  fc06              sd                      ra,56(sp)
0x00010f2e:  f426              sd                      s1,40(sp)
0x00010f30:  f04a              sd                      s2,32(sp)
0x00010f32:  ec4e              sd                      s3,24(sp)
0x00010f34:  e852              sd                      s4,16(sp)
0x00010f36:  0080              addi                    s0,sp,64
0x00010f38:  cd49              beqz                    a0,154                  # 0x10fd2

----------------
IN: __internal_atexit
0x00010f3a:  0a018493          addi                    s1,gp,160
0x00010f3e:  8a2e              mv                      s4,a1
0x00010f40:  892a              mv                      s2,a0
0x00010f42:  89b2              mv                      s3,a2
0x00010f44:  4705              addi                    a4,zero,1
0x00010f46:  00848593          addi                    a1,s1,8
0x00010f4a:  1405a7af          lr.w.aq                 a5,(a1)
0x00010f4e:  e781              bnez                    a5,8                    # 0x10f56

----------------
IN: __internal_atexit
0x00010f50:  18e5a62f          sc.w                    a2,a4,(a1)
0x00010f54:  fa7d              bnez                    a2,-10                  # 0x10f4a

----------------
IN: __internal_atexit
0x00010f56:  2781              sext.w                  a5,a5
0x00010f58:  e7a1              bnez                    a5,72                   # 0x10fa0

----------------
IN: __internal_atexit
0x00010f5a:  8536              mv                      a0,a3
0x00010f5c:  f01ff0ef          jal                     ra,-256                 # 0x10e5c

----------------
IN: __new_exitfn
0x00010e5c:  4c01c783          lbu                     a5,1216(gp)
0x00010e60:  e3f1              bnez                    a5,196                  # 0x10f24

----------------
IN: __new_exitfn
0x00010e62:  1101              addi                    sp,sp,-32
0x00010e64:  e822              sd                      s0,16(sp)
0x00010e66:  e426              sd                      s1,8(sp)
0x00010e68:  e04a              sd                      s2,0(sp)
0x00010e6a:  ec06              sd                      ra,24(sp)
0x00010e6c:  1000              addi                    s0,sp,32
0x00010e6e:  00053903          ld                      s2,0(a0)
0x00010e72:  84aa              mv                      s1,a0
0x00010e74:  08090863          beqz                    s2,144                  # 0x10f04

----------------
IN: __new_exitfn
0x00010e78:  85ca              mv                      a1,s2
0x00010e7a:  4801              mv                      a6,zero
0x00010e7c:  6598              ld                      a4,8(a1)
0x00010e7e:  00571793          slli                    a5,a4,5
0x00010e82:  97ae              add                     a5,a5,a1
0x00010e84:  cb09              beqz                    a4,18                   # 0x10e96

----------------
IN: __new_exitfn
0x00010e96:  619c              ld                      a5,0(a1)
0x00010e98:  0005b423          sd                      zero,8(a1)
0x00010e9c:  882e              mv                      a6,a1
0x00010e9e:  c7b9              beqz                    a5,78                   # 0x10eec

----------------
IN: __new_exitfn
0x00010eec:  4785              addi                    a5,zero,1
0x00010eee:  01058513          addi                    a0,a1,16
0x00010ef2:  e59c              sd                      a5,8(a1)
0x00010ef4:  b7d1              j                       -60                     # 0x10eb8

----------------
IN: __new_exitfn
0x00010eb8:  0a018713          addi                    a4,gp,160
0x00010ebc:  631c              ld                      a5,0(a4)
0x00010ebe:  60e2              ld                      ra,24(sp)
0x00010ec0:  6442              ld                      s0,16(sp)
0x00010ec2:  4685              addi                    a3,zero,1
0x00010ec4:  e114              sd                      a3,0(a0)
0x00010ec6:  0785              addi                    a5,a5,1
0x00010ec8:  e31c              sd                      a5,0(a4)
0x00010eca:  64a2              ld                      s1,8(sp)
0x00010ecc:  6902              ld                      s2,0(sp)
0x00010ece:  6105              addi                    sp,sp,32
0x00010ed0:  8082              ret                     

----------------
IN: __internal_atexit
0x00010f60:  c921              beqz                    a0,80                   # 0x10fb0

----------------
IN: __internal_atexit
0x00010f62:  4791              addi                    a5,zero,4
0x00010f64:  e11c              sd                      a5,0(a0)
0x00010f66:  01253423          sd                      s2,8(a0)
0x00010f6a:  01453823          sd                      s4,16(a0)
0x00010f6e:  01353c23          sd                      s3,24(a0)
0x00010f72:  4781              mv                      a5,zero
0x00010f74:  00848713          addi                    a4,s1,8
0x00010f78:  0af727af          amoswap.w.rl            a5,a5,(a4)
0x00010f7c:  4705              addi                    a4,zero,1
0x00010f7e:  2781              sext.w                  a5,a5
0x00010f80:  00f74b63          bgt                     a5,a4,22                # 0x10f96

----------------
IN: __internal_atexit
0x00010f84:  4501              mv                      a0,zero
0x00010f86:  70e2              ld                      ra,56(sp)
0x00010f88:  7442              ld                      s0,48(sp)
0x00010f8a:  74a2              ld                      s1,40(sp)
0x00010f8c:  7902              ld                      s2,32(sp)
0x00010f8e:  69e2              ld                      s3,24(sp)
0x00010f90:  6a42              ld                      s4,16(sp)
0x00010f92:  6121              addi                    sp,sp,64
0x00010f94:  8082              ret                     

----------------
IN: __libc_start_main
0x00010a2c:  00073797          auipc                   a5,115                  # 0x83a2c
0x00010a30:  5cc7a783          lw                      a5,1484(a5)
0x00010a34:  efa5              bnez                    a5,120                  # 0x10aac

----------------
IN: __libc_start_main
0x00010a36:  0006f717          auipc                   a4,111                  # 0x7fa36
0x00010a3a:  96a70713          addi                    a4,a4,-1686
0x00010a3e:  0006f497          auipc                   s1,111                  # 0x7fa3e
0x00010a42:  95a48493          addi                    s1,s1,-1702
0x00010a46:  409707b3          sub                     a5,a4,s1
0x00010a4a:  000b3a83          ld                      s5,0(s6)
0x00010a4e:  4037db13          srai                    s6,a5,3
0x00010a52:  00970c63          beq                     a4,s1,24                # 0x10a6a

----------------
IN: __libc_start_main
0x00010a56:  4a01              mv                      s4,zero
0x00010a58:  609c              ld                      a5,0(s1)
0x00010a5a:  8656              mv                      a2,s5
0x00010a5c:  85ce              mv                      a1,s3
0x00010a5e:  854a              mv                      a0,s2
0x00010a60:  0a05              addi                    s4,s4,1
0x00010a62:  9782              jalr                    ra,a5,0

----------------
IN: __libc_start_main
0x00010a64:  04a1              addi                    s1,s1,8
0x00010a66:  ff6a69e3          bgtu                    s6,s4,-14               # 0x10a58

----------------
IN: __libc_start_main
0x00010a6a:  0006f797          auipc                   a5,111                  # 0x7fa6a
0x00010a6e:  93e78793          addi                    a5,a5,-1730
0x00010a72:  0006f497          auipc                   s1,111                  # 0x7fa72
0x00010a76:  92e48493          addi                    s1,s1,-1746
0x00010a7a:  40978b33          sub                     s6,a5,s1
0x00010a7e:  403b5b13          srai                    s6,s6,3
0x00010a82:  00978c63          beq                     a5,s1,24                # 0x10a9a

----------------
IN: __libc_start_main
0x00010a86:  4a01              mv                      s4,zero
0x00010a88:  609c              ld                      a5,0(s1)
0x00010a8a:  8656              mv                      a2,s5
0x00010a8c:  85ce              mv                      a1,s3
0x00010a8e:  854a              mv                      a0,s2
0x00010a90:  0a05              addi                    s4,s4,1
0x00010a92:  9782              jalr                    ra,a5,0

----------------
IN: 
0x000106ec:  000527b7          lui                     a5,82
0x000106f0:  42078793          addi                    a5,a5,1056
0x000106f4:  c39d              beqz                    a5,38                   # 0x1071a

----------------
IN: 
0x000106f6:  1141              addi                    sp,sp,-16
0x000106f8:  e022              sd                      s0,0(sp)
0x000106fa:  e406              sd                      ra,8(sp)
0x000106fc:  0800              addi                    s0,sp,16
0x000106fe:  000855b7          lui                     a1,133
0x00010702:  0006e537          lui                     a0,110
0x00010706:  95858593          addi                    a1,a1,-1704
0x0001070a:  56850513          addi                    a0,a0,1384
0x0001070e:  513410ef          jal                     ra,269586               # 0x52420

----------------
IN: __register_frame_info
0x00052420:  c119              beqz                    a0,6                    # 0x52426

----------------
IN: __register_frame_info
0x00052422:  411c              lw                      a5,0(a0)
0x00052424:  e391              bnez                    a5,4                    # 0x52428

----------------
IN: __register_frame_info
0x00052428:  7179              addi                    sp,sp,-48
0x0005242a:  f406              sd                      ra,40(sp)
0x0005242c:  f022              sd                      s0,32(sp)
0x0005242e:  ec26              sd                      s1,24(sp)
0x00052430:  1800              addi                    s0,sp,48
0x00052432:  57fd              addi                    a5,zero,-1
0x00052434:  e19c              sd                      a5,0(a1)
0x00052436:  7f800793          addi                    a5,zero,2040
0x0005243a:  84ae              mv                      s1,a1
0x0005243c:  86ae              mv                      a3,a1
0x0005243e:  ed88              sd                      a0,24(a1)
0x00052440:  f19c              sd                      a5,32(a1)
0x00052442:  4605              addi                    a2,zero,1
0x00052444:  0005b423          sd                      zero,8(a1)
0x00052448:  0005b823          sd                      zero,16(a1)
0x0005244c:  85aa              mv                      a1,a0
0x0005244e:  00038517          auipc                   a0,56                   # 0x8a44e
0x00052452:  8aa50513          addi                    a0,a0,-1878
0x00052456:  9effe0ef          jal                     ra,-5650                # 0x50e44

----------------
IN: btree_insert.isra.0
0x00050e44:  e211              bnez                    a2,4                    # 0x50e48

----------------
IN: btree_insert.isra.0
0x00050e48:  7159              addi                    sp,sp,-112
0x00050e4a:  f0a2              sd                      s0,96(sp)
0x00050e4c:  eca6              sd                      s1,88(sp)
0x00050e4e:  1880              addi                    s0,sp,112
0x00050e50:  e8ca              sd                      s2,80(sp)
0x00050e52:  e4ce              sd                      s3,72(sp)
0x00050e54:  fc56              sd                      s5,56(sp)
0x00050e56:  f85a              sd                      s6,48(sp)
0x00050e58:  f45e              sd                      s7,40(sp)
0x00050e5a:  f486              sd                      ra,104(sp)
0x00050e5c:  e0d2              sd                      s4,64(sp)
0x00050e5e:  f062              sd                      s8,32(sp)
0x00050e60:  01050493          addi                    s1,a0,16
0x00050e64:  892a              mv                      s2,a0
0x00050e66:  8526              mv                      a0,s1
0x00050e68:  89b2              mv                      s3,a2
0x00050e6a:  8b2e              mv                      s6,a1
0x00050e6c:  8ab6              mv                      s5,a3
0x00050e6e:  f8043c23          sd                      zero,-104(s0)
0x00050e72:  feeff0ef          jal                     ra,-2066                # 0x50660

----------------
IN: version_lock_lock_exclusive
0x00050660:  7139              addi                    sp,sp,-64
0x00050662:  f822              sd                      s0,48(sp)
0x00050664:  f426              sd                      s1,40(sp)
0x00050666:  fc06              sd                      ra,56(sp)
0x00050668:  0080              addi                    s0,sp,64
0x0005066a:  84aa              mv                      s1,a0
0x0005066c:  0330000f          fence                   rw,rw
0x00050670:  611c              ld                      a5,0(a0)
0x00050672:  0230000f          fence                   r,rw
0x00050676:  0017f713          andi                    a4,a5,1
0x0005067a:  e30d              bnez                    a4,34                   # 0x5069c

----------------
IN: version_lock_lock_exclusive
0x0005067c:  0017e693          ori                     a3,a5,1
0x00050680:  1605372f          lr.d.aq.rl              a4,(a0)
0x00050684:  00f71563          bne                     a4,a5,10                # 0x5068e

----------------
IN: version_lock_lock_exclusive
0x00050688:  1ad5362f          sc.d.rl                 a2,a3,(a0)
0x0005068c:  fa75              bnez                    a2,-12                  # 0x50680

----------------
IN: version_lock_lock_exclusive
0x0005068e:  00f71763          bne                     a4,a5,14                # 0x5069c

----------------
IN: version_lock_lock_exclusive
0x00050692:  70e2              ld                      ra,56(sp)
0x00050694:  7442              ld                      s0,48(sp)
0x00050696:  74a2              ld                      s1,40(sp)
0x00050698:  6121              addi                    sp,sp,64
0x0005069a:  8082              ret                     

----------------
IN: btree_insert.isra.0
0x00050e76:  00093b83          ld                      s7,0(s2)
0x00050e7a:  f9743823          sd                      s7,-112(s0)
0x00050e7e:  1e0b8a63          beqz                    s7,500                  # 0x51072

----------------
IN: btree_insert.isra.0
0x00051072:  4581              mv                      a1,zero
0x00051074:  854a              mv                      a0,s2
0x00051076:  c9dff0ef          jal                     ra,-868                 # 0x50d12

----------------
IN: btree_allocate_node
0x00050d12:  7179              addi                    sp,sp,-48
0x00050d14:  f022              sd                      s0,32(sp)
0x00050d16:  ec26              sd                      s1,24(sp)
0x00050d18:  e84a              sd                      s2,16(sp)
0x00050d1a:  e44e              sd                      s3,8(sp)
0x00050d1c:  f406              sd                      ra,40(sp)
0x00050d1e:  1800              addi                    s0,sp,48
0x00050d20:  892e              mv                      s2,a1
0x00050d22:  00850493          addi                    s1,a0,8
0x00050d26:  4989              addi                    s3,zero,2
0x00050d28:  0330000f          fence                   rw,rw
0x00050d2c:  609c              ld                      a5,0(s1)
0x00050d2e:  0230000f          fence                   r,rw
0x00050d32:  853e              mv                      a0,a5
0x00050d34:  cba5              beqz                    a5,112                  # 0x50da4

----------------
IN: btree_allocate_node
0x00050da4:  10000513          addi                    a0,zero,256
0x00050da8:  eeac40ef          jal                     ra,-243990              # 0x15492

----------------
IN: btree_allocate_node
0x00050dac:  70a2              ld                      ra,40(sp)
0x00050dae:  7402              ld                      s0,32(sp)
0x00050db0:  00194913          xori                    s2,s2,1
0x00050db4:  4785              addi                    a5,zero,1
0x00050db6:  01252623          sw                      s2,12(a0)
0x00050dba:  e11c              sd                      a5,0(a0)
0x00050dbc:  00052423          sw                      zero,8(a0)
0x00050dc0:  64e2              ld                      s1,24(sp)
0x00050dc2:  6942              ld                      s2,16(sp)
0x00050dc4:  69a2              ld                      s3,8(sp)
0x00050dc6:  6145              addi                    sp,sp,48
0x00050dc8:  8082              ret                     

----------------
IN: btree_insert.isra.0
0x0005107a:  8baa              mv                      s7,a0
0x0005107c:  f8a43823          sd                      a0,-112(s0)
0x00051080:  00a93023          sd                      a0,0(s2)
0x00051084:  b511              j                       -508                    # 0x50e88

----------------
IN: btree_insert.isra.0
0x00050e88:  8526              mv                      a0,s1
0x00050e8a:  e13ff0ef          jal                     ra,-494                 # 0x50c9c

----------------
IN: version_lock_unlock_exclusive
0x00050c9c:  0330000f          fence                   rw,rw
0x00050ca0:  611c              ld                      a5,0(a0)
0x00050ca2:  0230000f          fence                   r,rw
0x00050ca6:  0791              addi                    a5,a5,4
0x00050ca8:  9bf1              andi                    a5,a5,-4
0x00050caa:  0ef537af          amoswap.d.aq.rl         a5,a5,(a0)
0x00050cae:  8b89              andi                    a5,a5,2
0x00050cb0:  e391              bnez                    a5,4                    # 0x50cb4

----------------
IN: version_lock_unlock_exclusive
0x00050cb2:  8082              ret                     

----------------
IN: btree_insert.isra.0
0x00050e8e:  00cba783          lw                      a5,12(s7)
0x00050e92:  20079463          bnez                    a5,520                  # 0x5109a

----------------
IN: btree_insert.isra.0
0x0005109a:  008ba703          lw                      a4,8(s7)
0x0005109e:  47a9              addi                    a5,zero,10
0x000510a0:  e6f715e3          bne                     a4,a5,-406              # 0x50f0a

----------------
IN: btree_insert.isra.0
0x00050f0a:  008ba483          lw                      s1,8(s7)
0x00050f0e:  22048963          beqz                    s1,562                  # 0x51140

----------------
IN: btree_insert.isra.0
0x00051140:  4901              mv                      s2,zero
0x00051142:  bd99              j                       -426                    # 0x50f98

----------------
IN: btree_insert.isra.0
0x00050f98:  00191793          slli                    a5,s2,1
0x00050f9c:  97ca              add                     a5,a5,s2
0x00050f9e:  078e              slli                    a5,a5,3
0x00050fa0:  97de              add                     a5,a5,s7
0x00050fa2:  0167b823          sd                      s6,16(a5)
0x00050fa6:  0137bc23          sd                      s3,24(a5)
0x00050faa:  0357b023          sd                      s5,32(a5)
0x00050fae:  2485              addiw                   s1,s1,1
0x00050fb0:  009ba423          sw                      s1,8(s7)
0x00050fb4:  7406              ld                      s0,96(sp)
0x00050fb6:  70a6              ld                      ra,104(sp)
0x00050fb8:  64e6              ld                      s1,88(sp)
0x00050fba:  6946              ld                      s2,80(sp)
0x00050fbc:  69a6              ld                      s3,72(sp)
0x00050fbe:  6a06              ld                      s4,64(sp)
0x00050fc0:  7ae2              ld                      s5,56(sp)
0x00050fc2:  7b42              ld                      s6,48(sp)
0x00050fc4:  7c02              ld                      s8,32(sp)
0x00050fc6:  855e              mv                      a0,s7
0x00050fc8:  7ba2              ld                      s7,40(sp)
0x00050fca:  6165              addi                    sp,sp,112
0x00050fcc:  b9c1              j                       -816                    # 0x50c9c

----------------
IN: __register_frame_info
0x0005245a:  fd040593          addi                    a1,s0,-48
0x0005245e:  8526              mv                      a0,s1
0x00052460:  80bff0ef          jal                     ra,-2038                # 0x51c6a

----------------
IN: get_pc_range
0x00051c6a:  7179              addi                    sp,sp,-48
0x00051c6c:  f022              sd                      s0,32(sp)
0x00051c6e:  ec26              sd                      s1,24(sp)
0x00051c70:  e84a              sd                      s2,16(sp)
0x00051c72:  f406              sd                      ra,40(sp)
0x00051c74:  1800              addi                    s0,sp,48
0x00051c76:  0005b423          sd                      zero,8(a1)
0x00051c7a:  0005b023          sd                      zero,0(a1)
0x00051c7e:  511c              lw                      a5,32(a0)
0x00051c80:  6d04              ld                      s1,24(a0)
0x00051c82:  892e              mv                      s2,a1
0x00051c84:  0017f713          andi                    a4,a5,1
0x00051c88:  ef0d              bnez                    a4,58                   # 0x51cc2

----------------
IN: get_pc_range
0x00051c8a:  8b89              andi                    a5,a5,2
0x00051c8c:  c39d              beqz                    a5,38                   # 0x51cb2

----------------
IN: get_pc_range
0x00051cb2:  7402              ld                      s0,32(sp)
0x00051cb4:  70a2              ld                      ra,40(sp)
0x00051cb6:  6942              ld                      s2,16(sp)
0x00051cb8:  862e              mv                      a2,a1
0x00051cba:  85a6              mv                      a1,s1
0x00051cbc:  64e2              ld                      s1,24(sp)
0x00051cbe:  6145              addi                    sp,sp,48
0x00051cc0:  b3bd              j                       -658                    # 0x51a2e

----------------
IN: classify_object_over_fdes
0x00051a2e:  7135              addi                    sp,sp,-160
0x00051a30:  e922              sd                      s0,144(sp)
0x00051a32:  e0ea              sd                      s10,64(sp)
0x00051a34:  ed06              sd                      ra,152(sp)
0x00051a36:  f4d6              sd                      s5,104(sp)
0x00051a38:  1100              addi                    s0,sp,160
0x00051a3a:  0005ad03          lw                      s10,0(a1)
0x00051a3e:  220d0463          beqz                    s10,552                 # 0x51c66

----------------
IN: classify_object_over_fdes
0x00051a42:  f8840793          addi                    a5,s0,-120
0x00051a46:  66c1              lui                     a3,16
0x00051a48:  f6f43423          sd                      a5,-152(s0)
0x00051a4c:  fff68793          addi                    a5,a3,-1
0x00051a50:  f6f43023          sd                      a5,-160(s0)
0x00051a54:  57fd              addi                    a5,zero,-1
0x00051a56:  9381              srli                    a5,a5,32
0x00051a58:  e14a              sd                      s2,128(sp)
0x00051a5a:  fcce              sd                      s3,120(sp)
0x00051a5c:  f8d2              sd                      s4,112(sp)
0x00051a5e:  f0da              sd                      s6,96(sp)
0x00051a60:  ecde              sd                      s7,88(sp)
0x00051a62:  e8e2              sd                      s8,80(sp)
0x00051a64:  e4e6              sd                      s9,72(sp)
0x00051a66:  89b2              mv                      s3,a2
0x00051a68:  e526              sd                      s1,136(sp)
0x00051a6a:  fc6e              sd                      s11,56(sp)
0x00051a6c:  8cae              mv                      s9,a1
0x00051a6e:  8a2a              mv                      s4,a0
0x00051a70:  4b01              mv                      s6,zero
0x00051a72:  4901              mv                      s2,zero
0x00051a74:  4a81              mv                      s5,zero
0x00051a76:  4601              mv                      a2,zero
0x00051a78:  4b89              addi                    s7,zero,2
0x00051a7a:  f6f43823          sd                      a5,-144(s0)
0x00051a7e:  f8040c13          addi                    s8,s0,-128
0x00051a82:  004ca683          lw                      a3,4(s9)
0x00051a86:  cac5              beqz                    a3,176                  # 0x51b36

----------------
IN: classify_object_over_fdes
0x00051a88:  004c8493          addi                    s1,s9,4
0x00051a8c:  8c95              sub                     s1,s1,a3
0x00051a8e:  0ff97d93          andi                    s11,s2,255
0x00051a92:  10c48163          beq                     s1,a2,258               # 0x51b94

----------------
IN: classify_object_over_fdes
0x00051a96:  8526              mv                      a0,s1
0x00051a98:  eacff0ef          jal                     ra,-2388                # 0x51144

----------------
IN: get_cie_encoding
0x00051144:  715d              addi                    sp,sp,-80
0x00051146:  e0a2              sd                      s0,64(sp)
0x00051148:  fc26              sd                      s1,56(sp)
0x0005114a:  f84a              sd                      s2,48(sp)
0x0005114c:  e486              sd                      ra,72(sp)
0x0005114e:  0880              addi                    s0,sp,80
0x00051150:  00950493          addi                    s1,a0,9
0x00051154:  892a              mv                      s2,a0
0x00051156:  8526              mv                      a0,s1
0x00051158:  d8bc50ef          jal                     ra,-238198              # 0x16ee2

----------------
IN: get_cie_encoding
0x0005115c:  00894683          lbu                     a3,8(s2)
0x00051160:  0505              addi                    a0,a0,1
0x00051162:  478d              addi                    a5,zero,3
0x00051164:  00a48633          add                     a2,s1,a0
0x00051168:  0cd7e863          bgtu                    a3,a5,208               # 0x51238

----------------
IN: get_cie_encoding
0x0005116c:  00994703          lbu                     a4,9(s2)
0x00051170:  07a00793          addi                    a5,zero,122
0x00051174:  00f70963          beq                     a4,a5,18                # 0x51186

----------------
IN: get_cie_encoding
0x00051186:  00060783          lb                      a5,0(a2)
0x0005118a:  0605              addi                    a2,a2,1
0x0005118c:  fe07cde3          bltz                    a5,-6                   # 0x51186

----------------
IN: get_cie_encoding
0x00051190:  00060783          lb                      a5,0(a2)
0x00051194:  8732              mv                      a4,a2
0x00051196:  0605              addi                    a2,a2,1
0x00051198:  fe07cce3          bltz                    a5,-8                   # 0x51190

----------------
IN: get_cie_encoding
0x0005119c:  4785              addi                    a5,zero,1
0x0005119e:  08f68a63          beq                     a3,a5,148               # 0x51232

----------------
IN: get_cie_encoding
0x000511a2:  00060783          lb                      a5,0(a2)
0x000511a6:  0605              addi                    a2,a2,1
0x000511a8:  fe07cde3          bltz                    a5,-6                   # 0x511a2

----------------
IN: get_cie_encoding
0x000511ac:  00a90493          addi                    s1,s2,10
0x000511b0:  00060783          lb                      a5,0(a2)
0x000511b4:  0605              addi                    a2,a2,1
0x000511b6:  fe07cde3          bltz                    a5,-6                   # 0x511b0

----------------
IN: get_cie_encoding
0x000511ba:  00a94783          lbu                     a5,10(s2)
0x000511be:  05200713          addi                    a4,zero,82
0x000511c2:  04e78063          beq                     a5,a4,64                # 0x51202

----------------
IN: get_cie_encoding
0x00051202:  60a6              ld                      ra,72(sp)
0x00051204:  6406              ld                      s0,64(sp)
0x00051206:  00064503          lbu                     a0,0(a2)
0x0005120a:  74e2              ld                      s1,56(sp)
0x0005120c:  7942              ld                      s2,48(sp)
0x0005120e:  6161              addi                    sp,sp,80
0x00051210:  8082              ret                     

----------------
IN: classify_object_over_fdes
0x00051a9c:  0ff00693          addi                    a3,zero,255
0x00051aa0:  892a              mv                      s2,a0
0x00051aa2:  1cd50063          beq                     a0,a3,448               # 0x51c62

----------------
IN: classify_object_over_fdes
0x00051aa6:  0ff57d93          andi                    s11,a0,255
0x00051aaa:  14dd8963          beq                     s11,a3,338              # 0x51bfc

----------------
IN: classify_object_over_fdes
0x00051aae:  070df693          andi                    a3,s11,112
0x00051ab2:  02000613          addi                    a2,zero,32
0x00051ab6:  14c68063          beq                     a3,a2,320               # 0x51bf6

----------------
IN: classify_object_over_fdes
0x00051aba:  12d67363          bleu                    a3,a2,294               # 0x51be0

----------------
IN: classify_object_over_fdes
0x00051be0:  f80984e3          beqz                    s3,-120                 # 0x51b68

----------------
IN: classify_object_over_fdes
0x00051be4:  86e2              mv                      a3,s8
0x00051be6:  008c8613          addi                    a2,s9,8
0x00051bea:  4581              mv                      a1,zero
0x00051bec:  856e              mv                      a0,s11
0x00051bee:  b81fe0ef          jal                     ra,-5248                # 0x5076e

----------------
IN: read_encoded_value_with_base
0x0005076e:  05000793          addi                    a5,zero,80
0x00050772:  08f50663          beq                     a0,a5,140               # 0x507fe

----------------
IN: read_encoded_value_with_base
0x00050776:  872a              mv                      a4,a0
0x00050778:  00f57793          andi                    a5,a0,15
0x0005077c:  4531              addi                    a0,zero,12
0x0005077e:  16f56e63          bgtu                    a5,a0,380               # 0x508fa

----------------
IN: read_encoded_value_with_base
0x00050782:  0001e517          auipc                   a0,30                   # 0x6e782
0x00050786:  d4650513          addi                    a0,a0,-698
0x0005078a:  078a              slli                    a5,a5,2
0x0005078c:  97aa              add                     a5,a5,a0
0x0005078e:  439c              lw                      a5,0(a5)
0x00050790:  97aa              add                     a5,a5,a0
0x00050792:  8782              jr                      a5

----------------
IN: read_encoded_value_with_base
0x0005084c:  00164803          lbu                     a6,1(a2)
0x00050850:  00064883          lbu                     a7,0(a2)
0x00050854:  00264503          lbu                     a0,2(a2)
0x00050858:  00364783          lbu                     a5,3(a2)
0x0005085c:  0822              slli                    a6,a6,8
0x0005085e:  01186833          or                      a6,a6,a7
0x00050862:  0542              slli                    a0,a0,16
0x00050864:  01056533          or                      a0,a0,a6
0x00050868:  07e2              slli                    a5,a5,24
0x0005086a:  8fc9              or                      a5,a5,a0
0x0005086c:  2781              sext.w                  a5,a5
0x0005086e:  00460513          addi                    a0,a2,4
0x00050872:  b7b5              j                       -148                    # 0x507de

----------------
IN: read_encoded_value_with_base
0x000507de:  cf91              beqz                    a5,28                   # 0x507fa

----------------
IN: read_encoded_value_with_base
0x000507e0:  07077813          andi                    a6,a4,112
0x000507e4:  48c1              addi                    a7,zero,16
0x000507e6:  01181363          bne                     a6,a7,6                 # 0x507ec

----------------
IN: read_encoded_value_with_base
0x000507ea:  85b2              mv                      a1,a2
0x000507ec:  0187171b          slliw                   a4,a4,24
0x000507f0:  4187571b          sraiw                   a4,a4,24
0x000507f4:  97ae              add                     a5,a5,a1
0x000507f6:  00074b63          bltz                    a4,22                   # 0x5080c

----------------
IN: read_encoded_value_with_base
0x000507fa:  e29c              sd                      a5,0(a3)
0x000507fc:  8082              ret                     

----------------
IN: classify_object_over_fdes
0x00051bf2:  4b01              mv                      s6,zero
0x00051bf4:  b5e5              j                       -280                    # 0x51adc

----------------
IN: classify_object_over_fdes
0x00051adc:  007df593          andi                    a1,s11,7
0x00051ae0:  0d758963          beq                     a1,s7,210               # 0x51bb2

----------------
IN: classify_object_over_fdes
0x00051ae4:  12bbfe63          bleu                    a1,s7,316               # 0x51c20

----------------
IN: classify_object_over_fdes
0x00051ae8:  478d              addi                    a5,zero,3
0x00051aea:  f7043683          ld                      a3,-144(s0)
0x00051aee:  12f59463          bne                     a1,a5,296               # 0x51c16

----------------
IN: classify_object_over_fdes
0x00051af2:  f8043883          ld                      a7,-128(s0)
0x00051af6:  00d8f6b3          and                     a3,a7,a3
0x00051afa:  ce8d              beqz                    a3,58                   # 0x51b34

----------------
IN: classify_object_over_fdes
0x00051afc:  0a85              addi                    s5,s5,1
0x00051afe:  0a098d63          beqz                    s3,186                  # 0x51bb8

----------------
IN: classify_object_over_fdes
0x00051b02:  f6843683          ld                      a3,-152(s0)
0x00051b06:  862a              mv                      a2,a0
0x00051b08:  4581              mv                      a1,zero
0x00051b0a:  00fdf513          andi                    a0,s11,15
0x00051b0e:  f7143c23          sd                      a7,-136(s0)
0x00051b12:  c5dfe0ef          jal                     ra,-5028                # 0x5076e

----------------
IN: read_encoded_value_with_base
0x000507ec:  0187171b          slliw                   a4,a4,24
0x000507f0:  4187571b          sraiw                   a4,a4,24
0x000507f4:  97ae              add                     a5,a5,a1
0x000507f6:  00074b63          bltz                    a4,22                   # 0x5080c

----------------
IN: classify_object_over_fdes
0x00051b16:  f8843683          ld                      a3,-120(s0)
0x00051b1a:  f7843883          ld                      a7,-136(s0)
0x00051b1e:  0009b603          ld                      a2,0(s3)
0x00051b22:  0089b583          ld                      a1,8(s3)
0x00051b26:  96c6              add                     a3,a3,a7
0x00051b28:  ee59              bnez                    a2,158                  # 0x51bc6

----------------
IN: classify_object_over_fdes
0x00051b2a:  e1d5              bnez                    a1,164                  # 0x51bce

----------------
IN: classify_object_over_fdes
0x00051b2c:  0119b023          sd                      a7,0(s3)
0x00051b30:  00d9b423          sd                      a3,8(s3)
0x00051b34:  8626              mv                      a2,s1
0x00051b36:  020d1793          slli                    a5,s10,32
0x00051b3a:  9381              srli                    a5,a5,32
0x00051b3c:  0791              addi                    a5,a5,4
0x00051b3e:  9cbe              add                     s9,s9,a5
0x00051b40:  000cad03          lw                      s10,0(s9)
0x00051b44:  f20d1fe3          bnez                    s10,-194                # 0x51a82

----------------
IN: classify_object_over_fdes
0x00051a82:  004ca683          lw                      a3,4(s9)
0x00051a86:  cac5              beqz                    a3,176                  # 0x51b36

----------------
IN: classify_object_over_fdes
0x00051b94:  86e2              mv                      a3,s8
0x00051b96:  008c8613          addi                    a2,s9,8
0x00051b9a:  85da              mv                      a1,s6
0x00051b9c:  856e              mv                      a0,s11
0x00051b9e:  bd1fe0ef          jal                     ra,-5168                # 0x5076e

----------------
IN: classify_object_over_fdes
0x00051ba2:  0ff00693          addi                    a3,zero,255
0x00051ba6:  f8dd87e3          beq                     s11,a3,-114             # 0x51b34

----------------
IN: classify_object_over_fdes
0x00051baa:  007df593          andi                    a1,s11,7
0x00051bae:  f3759be3          bne                     a1,s7,-202              # 0x51ae4

----------------
IN: classify_object_over_fdes
0x00051bc6:  00c8f463          bleu                    a2,a7,8                 # 0x51bce

----------------
IN: classify_object_over_fdes
0x00051bce:  f6d5f3e3          bleu                    a3,a1,-154              # 0x51b34

----------------
IN: classify_object_over_fdes
0x00051bd2:  00d9b423          sd                      a3,8(s3)
0x00051bd6:  bfb9              j                       -162                    # 0x51b34

----------------
IN: classify_object_over_fdes
0x00051b34:  8626              mv                      a2,s1
0x00051b36:  020d1793          slli                    a5,s10,32
0x00051b3a:  9381              srli                    a5,a5,32
0x00051b3c:  0791              addi                    a5,a5,4
0x00051b3e:  9cbe              add                     s9,s9,a5
0x00051b40:  000cad03          lw                      s10,0(s9)
0x00051b44:  f20d1fe3          bnez                    s10,-194                # 0x51a82

----------------
IN: classify_object_over_fdes
0x00051bca:  0119b023          sd                      a7,0(s3)
0x00051bce:  f6d5f3e3          bleu                    a3,a1,-154              # 0x51b34

----------------
IN: classify_object_over_fdes
0x00051b36:  020d1793          slli                    a5,s10,32
0x00051b3a:  9381              srli                    a5,a5,32
0x00051b3c:  0791              addi                    a5,a5,4
0x00051b3e:  9cbe              add                     s9,s9,a5
0x00051b40:  000cad03          lw                      s10,0(s9)
0x00051b44:  f20d1fe3          bnez                    s10,-194                # 0x51a82

----------------
IN: get_cie_encoding
0x000511c6:  f44e              sd                      s3,40(sp)
0x000511c8:  f052              sd                      s4,32(sp)
0x000511ca:  ec56              sd                      s5,24(sp)
0x000511cc:  e85a              sd                      s6,16(sp)
0x000511ce:  05000913          addi                    s2,zero,80
0x000511d2:  04c00a13          addi                    s4,zero,76
0x000511d6:  04200a93          addi                    s5,zero,66
0x000511da:  fb840b13          addi                    s6,s0,-72
0x000511de:  05200993          addi                    s3,zero,82
0x000511e2:  03278863          beq                     a5,s2,48                # 0x51212

----------------
IN: get_cie_encoding
0x00051212:  00064503          lbu                     a0,0(a2)
0x00051216:  86da              mv                      a3,s6
0x00051218:  0605              addi                    a2,a2,1
0x0005121a:  4581              mv                      a1,zero
0x0005121c:  07f57513          andi                    a0,a0,127
0x00051220:  d4eff0ef          jal                     ra,-2738                # 0x5076e

----------------
IN: get_cie_encoding
0x00051224:  862a              mv                      a2,a0
0x00051226:  b7e9              j                       -54                     # 0x511f0

----------------
IN: get_cie_encoding
0x000511f0:  0014c783          lbu                     a5,1(s1)
0x000511f4:  0485              addi                    s1,s1,1
0x000511f6:  ff3796e3          bne                     a5,s3,-20               # 0x511e2

----------------
IN: get_cie_encoding
0x000511e2:  03278863          beq                     a5,s2,48                # 0x51212

----------------
IN: get_cie_encoding
0x000511e6:  01478463          beq                     a5,s4,8                 # 0x511ee

----------------
IN: get_cie_encoding
0x000511ee:  0605              addi                    a2,a2,1
0x000511f0:  0014c783          lbu                     a5,1(s1)
0x000511f4:  0485              addi                    s1,s1,1
0x000511f6:  ff3796e3          bne                     a5,s3,-20               # 0x511e2

----------------
IN: get_cie_encoding
0x000511fa:  79a2              ld                      s3,40(sp)
0x000511fc:  7a02              ld                      s4,32(sp)
0x000511fe:  6ae2              ld                      s5,24(sp)
0x00051200:  6b42              ld                      s6,16(sp)
0x00051202:  60a6              ld                      ra,72(sp)
0x00051204:  6406              ld                      s0,64(sp)
0x00051206:  00064503          lbu                     a0,0(a2)
0x0005120a:  74e2              ld                      s1,56(sp)
0x0005120c:  7942              ld                      s2,48(sp)
0x0005120e:  6161              addi                    sp,sp,80
0x00051210:  8082              ret                     

----------------
IN: classify_object_over_fdes
0x00051b48:  64aa              ld                      s1,136(sp)
0x00051b4a:  690a              ld                      s2,128(sp)
0x00051b4c:  79e6              ld                      s3,120(sp)
0x00051b4e:  7a46              ld                      s4,112(sp)
0x00051b50:  7b06              ld                      s6,96(sp)
0x00051b52:  6be6              ld                      s7,88(sp)
0x00051b54:  6c46              ld                      s8,80(sp)
0x00051b56:  6ca6              ld                      s9,72(sp)
0x00051b58:  7de2              ld                      s11,56(sp)
0x00051b5a:  60ea              ld                      ra,152(sp)
0x00051b5c:  644a              ld                      s0,144(sp)
0x00051b5e:  6d06              ld                      s10,64(sp)
0x00051b60:  8556              mv                      a0,s5
0x00051b62:  7aa6              ld                      s5,104(sp)
0x00051b64:  610d              addi                    sp,sp,160
0x00051b66:  8082              ret                     

----------------
IN: __register_frame_info
0x00052464:  fd043583          ld                      a1,-48(s0)
0x00052468:  fd843603          ld                      a2,-40(s0)
0x0005246c:  7402              ld                      s0,32(sp)
0x0005246e:  70a2              ld                      ra,40(sp)
0x00052470:  86a6              mv                      a3,s1
0x00052472:  64e2              ld                      s1,24(sp)
0x00052474:  8e0d              sub                     a2,a2,a1
0x00052476:  00038517          auipc                   a0,56                   # 0x8a476
0x0005247a:  89a50513          addi                    a0,a0,-1894
0x0005247e:  6145              addi                    sp,sp,48
0x00052480:  9c5fe06f          j                       -5692                   # 0x50e44

----------------
IN: 
0x00010712:  6402              ld                      s0,0(sp)
0x00010714:  60a2              ld                      ra,8(sp)
0x00010716:  0141              addi                    sp,sp,16
0x00010718:  bfb1              j                       -164                    # 0x10674

----------------
IN: 
0x00010674:  00085537          lui                     a0,133
0x00010678:  94850793          addi                    a5,a0,-1720
0x0001067c:  00085737          lui                     a4,133
0x00010680:  94870593          addi                    a1,a4,-1720
0x00010684:  8d9d              sub                     a1,a1,a5
0x00010686:  1141              addi                    sp,sp,-16
0x00010688:  4035d793          srai                    a5,a1,3
0x0001068c:  91fd              srli                    a1,a1,63
0x0001068e:  e422              sd                      s0,8(sp)
0x00010690:  95be              add                     a1,a1,a5
0x00010692:  0800              addi                    s0,sp,16
0x00010694:  8585              srai                    a1,a1,1
0x00010696:  c989              beqz                    a1,18                   # 0x106a8

----------------
IN: 
0x000106a8:  6422              ld                      s0,8(sp)
0x000106aa:  0141              addi                    sp,sp,16
0x000106ac:  8082              ret                     

----------------
IN: __libc_start_main
0x00010a94:  04a1              addi                    s1,s1,8
0x00010a96:  ff6a69e3          bgtu                    s6,s4,-14               # 0x10a88

----------------
IN: __libc_start_main
0x00010a9a:  4581              mv                      a1,zero
0x00010a9c:  4501              mv                      a0,zero
0x00010a9e:  1d7070ef          jal                     ra,31190                # 0x18474

----------------
IN: _dl_debug_initialize
0x00018474:  1141              addi                    sp,sp,-16
0x00018476:  e422              sd                      s0,8(sp)
0x00018478:  0800              addi                    s0,sp,16
0x0001847a:  00071797          auipc                   a5,113                  # 0x8947a
0x0001847e:  1ee78793          addi                    a5,a5,494
0x00018482:  e199              bnez                    a1,6                    # 0x18488

----------------
IN: _dl_debug_initialize
0x00018484:  4398              lw                      a4,0(a5)
0x00018486:  cb0d              beqz                    a4,50                   # 0x184b8

----------------
IN: _dl_debug_initialize
0x000184b8:  4705              addi                    a4,zero,1
0x000184ba:  c398              sw                      a4,0(a5)
0x000184bc:  b7f1              j                       -52                     # 0x18488

----------------
IN: _dl_debug_initialize
0x00018488:  6b98              ld                      a4,16(a5)
0x0001848a:  ef01              bnez                    a4,24                   # 0x184a2

----------------
IN: _dl_debug_initialize
0x0001848c:  c505              beqz                    a0,40                   # 0x184b4

----------------
IN: _dl_debug_initialize
0x000184b4:  7388              ld                      a0,32(a5)
0x000184b6:  bfe1              j                       -40                     # 0x1848e

----------------
IN: _dl_debug_initialize
0x0001848e:  00000717          auipc                   a4,0                    # 0x1848e
0x00018492:  f8270713          addi                    a4,a4,-126
0x00018496:  eb98              sd                      a4,16(a5)
0x00018498:  f388              sd                      a0,32(a5)
0x0001849a:  00071717          auipc                   a4,113                  # 0x8949a
0x0001849e:  1e073b23          sd                      zero,502(a4)
0x000184a2:  679c              ld                      a5,8(a5)
0x000184a4:  cf89              beqz                    a5,26                   # 0x184be

----------------
IN: _dl_debug_initialize
0x000184be:  00259793          slli                    a5,a1,2
0x000184c2:  97ae              add                     a5,a5,a1
0x000184c4:  0006b717          auipc                   a4,107                  # 0x834c4
0x000184c8:  b2473703          ld                      a4,-1244(a4)
0x000184cc:  0796              slli                    a5,a5,5
0x000184ce:  97ba              add                     a5,a5,a4
0x000184d0:  6398              ld                      a4,0(a5)
0x000184d2:  00071797          auipc                   a5,113                  # 0x894d2
0x000184d6:  19e78793          addi                    a5,a5,414
0x000184da:  0310000f          fence                   rw,w
0x000184de:  e398              sd                      a4,0(a5)
0x000184e0:  6422              ld                      s0,8(sp)
0x000184e2:  00071517          auipc                   a0,113                  # 0x894e2
0x000184e6:  18650513          addi                    a0,a0,390
0x000184ea:  0141              addi                    sp,sp,16
0x000184ec:  8082              ret                     

----------------
IN: __libc_start_main
0x00010aa2:  864e              mv                      a2,s3
0x00010aa4:  85ca              mv                      a1,s2
0x00010aa6:  8562              mv                      a0,s8
0x00010aa8:  d71ff0ef          jal                     ra,-656                 # 0x10818

----------------
IN: __libc_start_call_main
0x00010818:  7169              addi                    sp,sp,-304
0x0001081a:  f222              sd                      s0,288(sp)
0x0001081c:  f606              sd                      ra,296(sp)
0x0001081e:  1a00              addi                    s0,sp,304
0x00010820:  87aa              mv                      a5,a0
0x00010822:  ef840513          addi                    a0,s0,-264
0x00010826:  eef43423          sd                      a5,-280(s0)
0x0001082a:  eeb43023          sd                      a1,-288(s0)
0x0001082e:  ecc43c23          sd                      a2,-296(s0)
0x00010832:  55a000ef          jal                     ra,1370                 # 0x10d8c

----------------
IN: __GI__setjmp
0x00010d8c:  4581              mv                      a1,zero
0x00010d8e:  a019              j                       6                       # 0x10d94

----------------
IN: __sigsetjmp
0x00010d94:  00153023          sd                      ra,0(a0)
0x00010d98:  e500              sd                      s0,8(a0)
0x00010d9a:  e904              sd                      s1,16(a0)
0x00010d9c:  01253c23          sd                      s2,24(a0)
0x00010da0:  03353023          sd                      s3,32(a0)
0x00010da4:  03453423          sd                      s4,40(a0)
0x00010da8:  03553823          sd                      s5,48(a0)
0x00010dac:  03653c23          sd                      s6,56(a0)
0x00010db0:  05753023          sd                      s7,64(a0)
0x00010db4:  05853423          sd                      s8,72(a0)
0x00010db8:  05953823          sd                      s9,80(a0)
0x00010dbc:  05a53c23          sd                      s10,88(a0)
0x00010dc0:  07b53023          sd                      s11,96(a0)
0x00010dc4:  06253423          sd                      sp,104(a0)
0x00010dc8:  b920              fsd                     fs0,112(a0)
0x00010dca:  bd24              fsd                     fs1,120(a0)
0x00010dcc:  09253027          fsd                     fs2,128(a0)
0x00010dd0:  09353427          fsd                     fs3,136(a0)
0x00010dd4:  09453827          fsd                     fs4,144(a0)
0x00010dd8:  09553c27          fsd                     fs5,152(a0)
0x00010ddc:  0b653027          fsd                     fs6,160(a0)
0x00010de0:  0b753427          fsd                     fs7,168(a0)
0x00010de4:  0b853827          fsd                     fs8,176(a0)
0x00010de8:  0b953c27          fsd                     fs9,184(a0)
0x00010dec:  0da53027          fsd                     fs10,192(a0)
0x00010df0:  0db53427          fsd                     fs11,200(a0)
0x00010df4:  0040006f          j                       4                       # 0x10df8

----------------
IN: __sigjmp_save
0x00010df8:  1101              addi                    sp,sp,-32
0x00010dfa:  e822              sd                      s0,16(sp)
0x00010dfc:  e426              sd                      s1,8(sp)
0x00010dfe:  ec06              sd                      ra,24(sp)
0x00010e00:  1000              addi                    s0,sp,32
0x00010e02:  84aa              mv                      s1,a0
0x00010e04:  e989              bnez                    a1,18                   # 0x10e16

----------------
IN: __sigjmp_save
0x00010e06:  60e2              ld                      ra,24(sp)
0x00010e08:  6442              ld                      s0,16(sp)
0x00010e0a:  0cb4a823          sw                      a1,208(s1)
0x00010e0e:  4501              mv                      a0,zero
0x00010e10:  64a2              ld                      s1,8(sp)
0x00010e12:  6105              addi                    sp,sp,32
0x00010e14:  8082              ret                     

----------------
IN: __libc_start_call_main
0x00010836:  e915              bnez                    a0,52                   # 0x1086a

----------------
IN: __libc_start_call_main
0x00010838:  9a023683          ld                      a3,-1632(tp)
0x0001083c:  99823703          ld                      a4,-1640(tp)
0x00010840:  ed843583          ld                      a1,-296(s0)
0x00010844:  ee043503          ld                      a0,-288(s0)
0x00010848:  ee843783          ld                      a5,-280(s0)
0x0001084c:  fce43c23          sd                      a4,-40(s0)
0x00010850:  fcd43823          sd                      a3,-48(s0)
0x00010854:  ef840713          addi                    a4,s0,-264
0x00010858:  9ae23023          sd                      a4,-1632(tp)
0x0001085c:  00079617          auipc                   a2,121                  # 0x8985c
0x00010860:  dfc63603          ld                      a2,-516(a2)
0x00010864:  9782              jalr                    ra,a5,0

----------------
IN: 
0x00010636:  bdb9              j                       -418                    # 0x10494

----------------
IN: main
0x00010494:  715d              addi                    sp,sp,-80
0x00010496:  6589              lui                     a1,2
0x00010498:  04000513          addi                    a0,zero,64
0x0001049c:  e486              sd                      ra,72(sp)
0x0001049e:  e0a2              sd                      s0,64(sp)
0x000104a0:  fc26              sd                      s1,56(sp)
0x000104a2:  f84a              sd                      s2,48(sp)
0x000104a4:  f44e              sd                      s3,40(sp)
0x000104a6:  f052              sd                      s4,32(sp)
0x000104a8:  ec56              sd                      s5,24(sp)
0x000104aa:  e85a              sd                      s6,16(sp)
0x000104ac:  e45e              sd                      s7,8(sp)
0x000104ae:  e062              sd                      s8,0(sp)
0x000104b0:  37b050ef          jal                     ra,23418                # 0x1602a

----------------
IN: aligned_alloc
0x0001602a:  00073797          auipc                   a5,115                  # 0x8902a
0x0001602e:  5eb7c783          lbu                     a5,1515(a5)
0x00016032:  c38d              beqz                    a5,34                   # 0x16054

----------------
IN: aligned_alloc
0x00016034:  fff50793          addi                    a5,a0,-1
0x00016038:  8fe9              and                     a5,a5,a0
0x0001603a:  e781              bnez                    a5,8                    # 0x16042

----------------
IN: aligned_alloc
0x0001603c:  c119              beqz                    a0,6                    # 0x16042

----------------
IN: aligned_alloc
0x0001603e:  ea6ff06f          j                       -2394                   # 0x156e4

----------------
IN: _mid_memalign.isra.0
0x000156e4:  7139              addi                    sp,sp,-64
0x000156e6:  f822              sd                      s0,48(sp)
0x000156e8:  ec4e              sd                      s3,24(sp)
0x000156ea:  fc06              sd                      ra,56(sp)
0x000156ec:  0080              addi                    s0,sp,64
0x000156ee:  47c1              addi                    a5,zero,16
0x000156f0:  89ae              mv                      s3,a1
0x000156f2:  10a7f563          bleu                    a0,a5,266               # 0x157fc

----------------
IN: _mid_memalign.isra.0
0x000156f6:  f426              sd                      s1,40(sp)
0x000156f8:  f04a              sd                      s2,32(sp)
0x000156fa:  47fd              addi                    a5,zero,31
0x000156fc:  0ea7fd63          bleu                    a0,a5,250               # 0x157f6

----------------
IN: _mid_memalign.isra.0
0x00015700:  57fd              addi                    a5,zero,-1
0x00015702:  17fe              slli                    a5,a5,63
0x00015704:  22a7e763          bgtu                    a0,a5,558               # 0x15932

----------------
IN: _mid_memalign.isra.0
0x00015708:  fff50793          addi                    a5,a0,-1
0x0001570c:  8fe9              and                     a5,a5,a0
0x0001570e:  24078463          beqz                    a5,584                  # 0x15956

----------------
IN: _mid_memalign.isra.0
0x00015956:  84aa              mv                      s1,a0
0x00015958:  b3f1              j                       -564                    # 0x15724

----------------
IN: _mid_memalign.isra.0
0x00015724:  1e09ce63          bltz                    s3,508                  # 0x15920

----------------
IN: _mid_memalign.isra.0
0x00015728:  e456              sd                      s5,8(sp)
0x0001572a:  01798793          addi                    a5,s3,23
0x0001572e:  46fd              addi                    a3,zero,31
0x00015730:  4701              mv                      a4,zero
0x00015732:  00f6f663          bleu                    a5,a3,12                # 0x1573e

----------------
IN: _mid_memalign.isra.0
0x00015736:  9bc1              andi                    a5,a5,-16
0x00015738:  17bd              addi                    a5,a5,-17
0x0001573a:  0047d713          srli                    a4,a5,4
0x0001573e:  0006ea97          auipc                   s5,110                  # 0x8373e
0x00015742:  982a8a93          addi                    s5,s5,-1662
0x00015746:  068ab783          ld                      a5,104(s5)
0x0001574a:  00f77d63          bleu                    a5,a4,26                # 0x15764

----------------
IN: _mid_memalign.isra.0
0x00015764:  8a022783          lw                      a5,-1888(tp)
0x00015768:  cfe1              beqz                    a5,216                  # 0x15840

----------------
IN: _mid_memalign.isra.0
0x00015840:  864e              mv                      a2,s3
0x00015842:  85a6              mv                      a1,s1
0x00015844:  0006e517          auipc                   a0,110                  # 0x83844
0x00015848:  91450513          addi                    a0,a0,-1772
0x0001584c:  8e1ff0ef          jal                     ra,-1824                # 0x1512c

----------------
IN: _int_memalign
0x0001512c:  7139              addi                    sp,sp,-64
0x0001512e:  f822              sd                      s0,48(sp)
0x00015130:  fc06              sd                      ra,56(sp)
0x00015132:  f426              sd                      s1,40(sp)
0x00015134:  0080              addi                    s0,sp,64
0x00015136:  14064c63          bltz                    a2,344                  # 0x1528e

----------------
IN: _int_memalign
0x0001513a:  f04a              sd                      s2,32(sp)
0x0001513c:  e852              sd                      s4,16(sp)
0x0001513e:  e05a              sd                      s6,0(sp)
0x00015140:  065d              addi                    a2,a2,23
0x00015142:  47fd              addi                    a5,zero,31
0x00015144:  8a2a              mv                      s4,a0
0x00015146:  892e              mv                      s2,a1
0x00015148:  02000b13          addi                    s6,zero,32
0x0001514c:  00c7f463          bleu                    a2,a5,8                 # 0x15154

----------------
IN: _int_memalign
0x00015150:  ff067b13          andi                    s6,a2,-16
0x00015154:  02090593          addi                    a1,s2,32
0x00015158:  95da              add                     a1,a1,s6
0x0001515a:  8552              mv                      a0,s4
0x0001515c:  854ff0ef          jal                     ra,-4012                # 0x141b0

----------------
IN: _int_malloc
0x0001437c:  0094da93          srli                    s5,s1,9
0x00014380:  47d1              addi                    a5,zero,20
0x00014382:  4957e263          bgtu                    s5,a5,1156              # 0x14806

----------------
IN: _int_malloc
0x00014386:  05ba8a9b          addiw                   s5,s5,91
0x0001438a:  00890793          addi                    a5,s2,8
0x0001438e:  439c              lw                      a5,0(a5)
0x00014390:  2781              sext.w                  a5,a5
0x00014392:  28079963          bnez                    a5,658                  # 0x14624

----------------
IN: _int_memalign
0x00015160:  84aa              mv                      s1,a0
0x00015162:  12050f63          beqz                    a0,318                  # 0x152a0

----------------
IN: _int_memalign
0x00015166:  032577b3          remu                    a5,a0,s2
0x0001516a:  ff050593          addi                    a1,a0,-16
0x0001516e:  c7c9              beqz                    a5,138                  # 0x151f8

----------------
IN: _int_memalign
0x00015170:  ec4e              sd                      s3,24(sp)
0x00015172:  fff90993          addi                    s3,s2,-1
0x00015176:  412007b3          neg                     a5,s2
0x0001517a:  99aa              add                     s3,s3,a0
0x0001517c:  00f9f9b3          and                     s3,s3,a5
0x00015180:  19c1              addi                    s3,s3,-16
0x00015182:  e456              sd                      s5,8(sp)
0x00015184:  40b98633          sub                     a2,s3,a1
0x00015188:  47fd              addi                    a5,zero,31
0x0001518a:  00c7e563          bgtu                    a2,a5,10                # 0x15194

----------------
IN: _int_memalign
0x00015194:  ff84b783          ld                      a5,-8(s1)
0x00015198:  ff87fa93          andi                    s5,a5,-8
0x0001519c:  8b89              andi                    a5,a5,2
0x0001519e:  40ca8ab3          sub                     s5,s5,a2
0x000151a2:  e3e1              bnez                    a5,192                  # 0x15262

----------------
IN: _int_memalign
0x000151a4:  0006e797          auipc                   a5,110                  # 0x831a4
0x000151a8:  fb478793          addi                    a5,a5,-76
0x000151ac:  40fa07b3          sub                     a5,s4,a5
0x000151b0:  00f037b3          snez                    a5,a5
0x000151b4:  078a              slli                    a5,a5,2
0x000151b6:  00fae733          or                      a4,s5,a5
0x000151ba:  00176713          ori                     a4,a4,1
0x000151be:  00e9b423          sd                      a4,8(s3)
0x000151c2:  015986b3          add                     a3,s3,s5
0x000151c6:  6698              ld                      a4,8(a3)
0x000151c8:  8552              mv                      a0,s4
0x000151ca:  00176713          ori                     a4,a4,1
0x000151ce:  e698              sd                      a4,8(a3)
0x000151d0:  ff84b703          ld                      a4,-8(s1)
0x000151d4:  8b1d              andi                    a4,a4,7
0x000151d6:  8fd9              or                      a5,a5,a4
0x000151d8:  8fd1              or                      a5,a5,a2
0x000151da:  fef4bc23          sd                      a5,-8(s1)
0x000151de:  d1efe0ef          jal                     ra,-6882                # 0x136fc

----------------
IN: _int_free_merge_chunk
0x000136fc:  7139              addi                    sp,sp,-64
0x000136fe:  f822              sd                      s0,48(sp)
0x00013700:  ec4e              sd                      s3,24(sp)
0x00013702:  fc06              sd                      ra,56(sp)
0x00013704:  f426              sd                      s1,40(sp)
0x00013706:  f04a              sd                      s2,32(sp)
0x00013708:  e852              sd                      s4,16(sp)
0x0001370a:  e456              sd                      s5,8(sp)
0x0001370c:  0080              addi                    s0,sp,64
0x0001370e:  7138              ld                      a4,96(a0)
0x00013710:  00c589b3          add                     s3,a1,a2
0x00013714:  08b70d63          beq                     a4,a1,154               # 0x137ae

----------------
IN: _int_free_merge_chunk
0x00013718:  415c              lw                      a5,4(a0)
0x0001371a:  8aaa              mv                      s5,a0
0x0001371c:  84ae              mv                      s1,a1
0x0001371e:  8b89              andi                    a5,a5,2
0x00013720:  8932              mv                      s2,a2
0x00013722:  cfc1              beqz                    a5,152                  # 0x137ba

----------------
IN: _int_free_merge_chunk
0x000137ba:  671c              ld                      a5,8(a4)
0x000137bc:  9be1              andi                    a5,a5,-8
0x000137be:  973e              add                     a4,a4,a5
0x000137c0:  f6e9e2e3          bgtu                    a4,s3,-156              # 0x13724

----------------
IN: _int_free_merge_chunk
0x00013724:  0089b783          ld                      a5,8(s3)
0x00013728:  0017f713          andi                    a4,a5,1
0x0001372c:  c355              beqz                    a4,164                  # 0x137d0

----------------
IN: _int_free_merge_chunk
0x0001372e:  4741              addi                    a4,zero,16
0x00013730:  ff87fa13          andi                    s4,a5,-8
0x00013734:  06f77763          bleu                    a5,a4,110               # 0x137a2

----------------
IN: _int_free_merge_chunk
0x00013738:  6785              lui                     a5,1
0x0001373a:  97d6              add                     a5,a5,s5
0x0001373c:  8887b783          ld                      a5,-1912(a5)
0x00013740:  06fa7163          bleu                    a5,s4,98                # 0x137a2

----------------
IN: _int_free_merge_chunk
0x00013744:  00076597          auipc                   a1,118                  # 0x89744
0x00013748:  ecc5a583          lw                      a1,-308(a1)
0x0001374c:  e9c1              bnez                    a1,144                  # 0x137dc

----------------
IN: _int_free_merge_chunk
0x0001374e:  649c              ld                      a5,8(s1)
0x00013750:  8b85              andi                    a5,a5,1
0x00013752:  eb99              bnez                    a5,22                   # 0x13768

----------------
IN: _int_free_merge_chunk
0x00013768:  8752              mv                      a4,s4
0x0001376a:  86ce              mv                      a3,s3
0x0001376c:  864a              mv                      a2,s2
0x0001376e:  85a6              mv                      a1,s1
0x00013770:  8556              mv                      a0,s5
0x00013772:  ecdfe0ef          jal                     ra,-4404                # 0x1263e

----------------
IN: _int_free_create_chunk
0x0001263e:  7179              addi                    sp,sp,-48
0x00012640:  f022              sd                      s0,32(sp)
0x00012642:  ec26              sd                      s1,24(sp)
0x00012644:  e84a              sd                      s2,16(sp)
0x00012646:  e44e              sd                      s3,8(sp)
0x00012648:  e052              sd                      s4,0(sp)
0x0001264a:  f406              sd                      ra,40(sp)
0x0001264c:  1800              addi                    s0,sp,48
0x0001264e:  713c              ld                      a5,96(a0)
0x00012650:  892a              mv                      s2,a0
0x00012652:  84ae              mv                      s1,a1
0x00012654:  8a32              mv                      s4,a2
0x00012656:  89ba              mv                      s3,a4
0x00012658:  06d78263          beq                     a5,a3,100               # 0x126bc

----------------
IN: _int_free_create_chunk
0x0001265c:  00e687b3          add                     a5,a3,a4
0x00012660:  679c              ld                      a5,8(a5)
0x00012662:  8b85              andi                    a5,a5,1
0x00012664:  c7b1              beqz                    a5,76                   # 0x126b0

----------------
IN: _int_free_create_chunk
0x00012666:  669c              ld                      a5,8(a3)
0x00012668:  8532              mv                      a0,a2
0x0001266a:  9bf9              andi                    a5,a5,-2
0x0001266c:  e69c              sd                      a5,8(a3)
0x0001266e:  07093703          ld                      a4,112(s2)
0x00012672:  06090793          addi                    a5,s2,96
0x00012676:  6f14              ld                      a3,24(a4)
0x00012678:  06f69163          bne                     a3,a5,98                # 0x126da

----------------
IN: _int_free_create_chunk
0x0001267c:  e898              sd                      a4,16(s1)
0x0001267e:  ec94              sd                      a3,24(s1)
0x00012680:  3ff00793          addi                    a5,zero,1023
0x00012684:  00a7f663          bleu                    a0,a5,12                # 0x12690

----------------
IN: _int_free_create_chunk
0x00012690:  06993823          sd                      s1,112(s2)
0x00012694:  ef04              sd                      s1,24(a4)
0x00012696:  70a2              ld                      ra,40(sp)
0x00012698:  7402              ld                      s0,32(sp)
0x0001269a:  00156793          ori                     a5,a0,1
0x0001269e:  e49c              sd                      a5,8(s1)
0x000126a0:  94aa              add                     s1,s1,a0
0x000126a2:  e088              sd                      a0,0(s1)
0x000126a4:  6942              ld                      s2,16(sp)
0x000126a6:  64e2              ld                      s1,24(sp)
0x000126a8:  69a2              ld                      s3,8(sp)
0x000126aa:  6a02              ld                      s4,0(sp)
0x000126ac:  6145              addi                    sp,sp,48
0x000126ae:  8082              ret                     

----------------
IN: _int_free_merge_chunk
0x00013776:  67c1              lui                     a5,16
0x00013778:  00f57b63          bleu                    a5,a0,22                # 0x1378e

----------------
IN: _int_free_merge_chunk
0x0001377c:  70e2              ld                      ra,56(sp)
0x0001377e:  7442              ld                      s0,48(sp)
0x00013780:  74a2              ld                      s1,40(sp)
0x00013782:  7902              ld                      s2,32(sp)
0x00013784:  69e2              ld                      s3,24(sp)
0x00013786:  6a42              ld                      s4,16(sp)
0x00013788:  6aa2              ld                      s5,8(sp)
0x0001378a:  6121              addi                    sp,sp,64
0x0001378c:  8082              ret                     

----------------
IN: _int_memalign
0x000151e2:  0d6ae463          bgtu                    s6,s5,200               # 0x152aa

----------------
IN: _int_memalign
0x000151e6:  01098493          addi                    s1,s3,16
0x000151ea:  0324f933          remu                    s2,s1,s2
0x000151ee:  85ce              mv                      a1,s3
0x000151f0:  0a091d63          bnez                    s2,186                  # 0x152aa

----------------
IN: _int_memalign
0x000151f4:  69e2              ld                      s3,24(sp)
0x000151f6:  6aa2              ld                      s5,8(sp)
0x000151f8:  659c              ld                      a5,8(a1)
0x000151fa:  0027f713          andi                    a4,a5,2
0x000151fe:  cb11              beqz                    a4,20                   # 0x15212

----------------
IN: _int_memalign
0x00015212:  ff87f613          andi                    a2,a5,-8
0x00015216:  00c586b3          add                     a3,a1,a2
0x0001521a:  6698              ld                      a4,8(a3)
0x0001521c:  fecb72e3          bleu                    a2,s6,-28               # 0x15200

----------------
IN: _int_memalign
0x00015220:  41660633          sub                     a2,a2,s6
0x00015224:  457d              addi                    a0,zero,31
0x00015226:  9b61              andi                    a4,a4,-8
0x00015228:  00c56b63          bgtu                    a2,a0,22                # 0x1523e

----------------
IN: _int_memalign
0x0001523e:  8b9d              andi                    a5,a5,7
0x00015240:  0167e7b3          or                      a5,a5,s6
0x00015244:  e59c              sd                      a5,8(a1)
0x00015246:  8552              mv                      a0,s4
0x00015248:  95da              add                     a1,a1,s6
0x0001524a:  bf4fd0ef          jal                     ra,-11276               # 0x1263e

----------------
IN: _int_free_create_chunk
0x000126bc:  00e60533          add                     a0,a2,a4
0x000126c0:  70a2              ld                      ra,40(sp)
0x000126c2:  7402              ld                      s0,32(sp)
0x000126c4:  00156793          ori                     a5,a0,1
0x000126c8:  e59c              sd                      a5,8(a1)
0x000126ca:  06b93023          sd                      a1,96(s2)
0x000126ce:  64e2              ld                      s1,24(sp)
0x000126d0:  6942              ld                      s2,16(sp)
0x000126d2:  69a2              ld                      s3,8(sp)
0x000126d4:  6a02              ld                      s4,0(sp)
0x000126d6:  6145              addi                    sp,sp,48
0x000126d8:  8082              ret                     

----------------
IN: _int_memalign
0x0001524e:  67c1              lui                     a5,16
0x00015250:  faf568e3          bgtu                    a5,a0,-80               # 0x15200

----------------
IN: _int_memalign
0x00015254:  8552              mv                      a0,s4
0x00015256:  8b4fe0ef          jal                     ra,-8012                # 0x1330a

----------------
IN: _int_free_maybe_consolidate.part.0
0x0001330a:  7175              addi                    sp,sp,-144
0x0001330c:  e122              sd                      s0,128(sp)
0x0001330e:  fca6              sd                      s1,120(sp)
0x00013310:  0900              addi                    s0,sp,144
0x00013312:  e506              sd                      ra,136(sp)
0x00013314:  00070717          auipc                   a4,112                  # 0x83314
0x00013318:  8fc73703          ld                      a4,-1796(a4)
0x0001331c:  631c              ld                      a5,0(a4)
0x0001331e:  f8f43423          sd                      a5,-120(s0)
0x00013322:  4781              mv                      a5,zero
0x00013324:  84aa              mv                      s1,a0
0x00013326:  00850793          addi                    a5,a0,8
0x0001332a:  439c              lw                      a5,0(a5)
0x0001332c:  2781              sext.w                  a5,a5
0x0001332e:  1a079663          bnez                    a5,428                  # 0x134da

----------------
IN: _int_free_maybe_consolidate.part.0
0x00013332:  00070797          auipc                   a5,112                  # 0x83332
0x00013336:  e2678793          addi                    a5,a5,-474
0x0001333a:  1af48863          beq                     s1,a5,432               # 0x134ea

----------------
IN: _int_free_maybe_consolidate.part.0
0x000134ea:  70bc              ld                      a5,96(s1)
0x000134ec:  00070717          auipc                   a4,112                  # 0x834ec
0x000134f0:  bd470713          addi                    a4,a4,-1068
0x000134f4:  6314              ld                      a3,0(a4)
0x000134f6:  679c              ld                      a5,8(a5)
0x000134f8:  9be1              andi                    a5,a5,-8
0x000134fa:  f8d7efe3          bgtu                    a3,a5,-98               # 0x13498

----------------
IN: _int_free_maybe_consolidate.part.0
0x00013498:  0006f797          auipc                   a5,111                  # 0x82498
0x0001349c:  7787b783          ld                      a5,1912(a5)
0x000134a0:  f8843703          ld                      a4,-120(s0)
0x000134a4:  639c              ld                      a5,0(a5)
0x000134a6:  8fb9              xor                     a5,a5,a4
0x000134a8:  4701              mv                      a4,zero
0x000134aa:  20079763          bnez                    a5,526                  # 0x136b8

----------------
IN: _int_free_maybe_consolidate.part.0
0x000134ae:  60aa              ld                      ra,136(sp)
0x000134b0:  640a              ld                      s0,128(sp)
0x000134b2:  74e6              ld                      s1,120(sp)
0x000134b4:  6149              addi                    sp,sp,144
0x000134b6:  8082              ret                     

----------------
IN: _int_memalign
0x0001525a:  7902              ld                      s2,32(sp)
0x0001525c:  6a42              ld                      s4,16(sp)
0x0001525e:  6b02              ld                      s6,0(sp)
0x00015260:  b75d              j                       -90                     # 0x15206

----------------
IN: _int_memalign
0x00015206:  70e2              ld                      ra,56(sp)
0x00015208:  7442              ld                      s0,48(sp)
0x0001520a:  8526              mv                      a0,s1
0x0001520c:  74a2              ld                      s1,40(sp)
0x0001520e:  6121              addi                    sp,sp,64
0x00015210:  8082              ret                     

----------------
IN: _mid_memalign.isra.0
0x00015850:  892a              mv                      s2,a0
0x00015852:  c951              beqz                    a0,148                  # 0x158e6

----------------
IN: _mid_memalign.isra.0
0x00015854:  ff853783          ld                      a5,-8(a0)
0x00015858:  0027f713          andi                    a4,a5,2
0x0001585c:  f741              bnez                    a4,-120                 # 0x157e4

----------------
IN: _mid_memalign.isra.0
0x0001585e:  8b91              andi                    a5,a5,4
0x00015860:  d3d1              beqz                    a5,-124                 # 0x157e4

----------------
IN: _mid_memalign.isra.0
0x000157e4:  6aa2              ld                      s5,8(sp)
0x000157e6:  70e2              ld                      ra,56(sp)
0x000157e8:  7442              ld                      s0,48(sp)
0x000157ea:  74a2              ld                      s1,40(sp)
0x000157ec:  69e2              ld                      s3,24(sp)
0x000157ee:  854a              mv                      a0,s2
0x000157f0:  7902              ld                      s2,32(sp)
0x000157f2:  6121              addi                    sp,sp,64
0x000157f4:  8082              ret                     

----------------
IN: main
0x000104b4:  89aa              mv                      s3,a0
0x000104b6:  6589              lui                     a1,2
0x000104b8:  04000513          addi                    a0,zero,64
0x000104bc:  36f050ef          jal                     ra,23406                # 0x1602a

----------------
IN: _int_malloc
0x000143ca:  6685              lui                     a3,1
0x000143cc:  4801              mv                      a6,zero
0x000143ce:  4501              mv                      a0,zero
0x000143d0:  45c1              addi                    a1,zero,16
0x000143d2:  96ca              add                     a3,a3,s2
0x000143d4:  48bd              addi                    a7,zero,15
0x000143d6:  671c              ld                      a5,8(a4)
0x000143d8:  9be1              andi                    a5,a5,-8
0x000143da:  00f70eb3          add                     t4,a4,a5
0x000143de:  20f5ff63          bleu                    a5,a1,542               # 0x145fc

----------------
IN: _int_malloc
0x000143e2:  8886b603          ld                      a2,-1912(a3)
0x000143e6:  20f66b63          bgtu                    a5,a2,534               # 0x145fc

----------------
IN: _int_malloc
0x000143ea:  008ebe03          ld                      t3,8(t4)
0x000143ee:  27c8f363          bleu                    t3,a7,614               # 0x14654

----------------
IN: _int_malloc
0x000143f2:  27c66163          bgtu                    t3,a2,610               # 0x14654

----------------
IN: _int_malloc
0x000143f6:  000eb603          ld                      a2,0(t4)
0x000143fa:  9a61              andi                    a2,a2,-8
0x000143fc:  52f61263          bne                     a2,a5,1316              # 0x14920

----------------
IN: _int_malloc
0x00014400:  6f10              ld                      a2,24(a4)
0x00014402:  01063303          ld                      t1,16(a2)
0x00014406:  40e31d63          bne                     t1,a4,1050              # 0x14820

----------------
IN: _int_malloc
0x0001440a:  01073303          ld                      t1,16(a4)
0x0001440e:  41931963          bne                     t1,s9,1042              # 0x14820

----------------
IN: _int_malloc
0x00014412:  001e7313          andi                    t1,t3,1
0x00014416:  54031d63          bnez                    t1,1370                 # 0x14970

----------------
IN: _int_malloc
0x0001441a:  3ff00313          addi                    t1,zero,1023
0x0001441e:  00936463          bgtu                    s1,t1,8                 # 0x14426

----------------
IN: _int_malloc
0x00014426:  06c93c23          sd                      a2,120(s2)
0x0001442a:  01963823          sd                      s9,16(a2)
0x0001442e:  22978f63          beq                     a5,s1,574               # 0x1466c

----------------
IN: _int_malloc
0x00014432:  3ff00613          addi                    a2,zero,1023
0x00014436:  28f67a63          bleu                    a5,a2,660               # 0x146ca

----------------
IN: _int_malloc
0x000146ca:  0047d61b          srliw                   a2,a5,4
0x000146ce:  0016161b          slliw                   a2,a2,1
0x000146d2:  2631              addiw                   a2,a2,12
0x000146d4:  060e              slli                    a2,a2,3
0x000146d6:  964a              add                     a2,a2,s2
0x000146d8:  00063e03          ld                      t3,0(a2)
0x000146dc:  0047d31b          srliw                   t1,a5,4
0x000146e0:  1641              addi                    a2,a2,-16
0x000146e2:  40535793          srai                    a5,t1,5
0x000146e6:  078a              slli                    a5,a5,2
0x000146e8:  6e85              lui                     t4,1
0x000146ea:  97ca              add                     a5,a5,s2
0x000146ec:  97f6              add                     a5,a5,t4
0x000146ee:  8607ae83          lw                      t4,-1952(a5)
0x000146f2:  4f05              addi                    t5,zero,1
0x000146f4:  006f133b          sllw                    t1,t5,t1
0x000146f8:  006ee333          or                      t1,t4,t1
0x000146fc:  8667a023          sw                      t1,-1952(a5)
0x00014700:  ef10              sd                      a2,24(a4)
0x00014702:  01c73823          sd                      t3,16(a4)
0x00014706:  00ee3c23          sd                      a4,24(t3)
0x0001470a:  ea18              sd                      a4,16(a2)
0x0001470c:  0d05              addi                    s10,s10,1
0x0001470e:  c56d              beqz                    a0,234                  # 0x147f8

----------------
IN: _int_malloc
0x000147f8:  6789              lui                     a5,2
0x000147fa:  2805              addiw                   a6,a6,1
0x000147fc:  70f78793          addi                    a5,a5,1807
0x00014800:  f707d1e3          ble                     a6,a5,-158              # 0x14762

----------------
IN: _int_malloc
0x00014762:  07893703          ld                      a4,120(s2)
0x00014766:  c79718e3          bne                     a4,s9,-912              # 0x143d6

----------------
IN: _int_malloc
0x0001476a:  52051a63          bnez                    a0,1332                 # 0x14c9e

----------------
IN: main
0x000104c0:  8aaa              mv                      s5,a0
0x000104c2:  6589              lui                     a1,2
0x000104c4:  04000513          addi                    a0,zero,64
0x000104c8:  363050ef          jal                     ra,23394                # 0x1602a

----------------
IN: main
0x000104cc:  6589              lui                     a1,2
0x000104ce:  8a2a              mv                      s4,a0
0x000104d0:  04000513          addi                    a0,zero,64
0x000104d4:  357050ef          jal                     ra,23382                # 0x1602a

----------------
IN: main
0x000104d8:  8b2a              mv                      s6,a0
0x000104da:  6909              lui                     s2,2
0x000104dc:  4d200513          addi                    a0,zero,1234
0x000104e0:  6441              lui                     s0,16
0x000104e2:  537000ef          jal                     ra,3382                 # 0x11218

----------------
IN: srand
0x00011218:  1101              addi                    sp,sp,-32
0x0001121a:  e822              sd                      s0,16(sp)
0x0001121c:  e426              sd                      s1,8(sp)
0x0001121e:  e04a              sd                      s2,0(sp)
0x00011220:  ec06              sd                      ra,24(sp)
0x00011222:  1000              addi                    s0,sp,32
0x00011224:  892a              mv                      s2,a0
0x00011226:  4c418493          addi                    s1,gp,1220
0x0001122a:  4705              addi                    a4,zero,1
0x0001122c:  1404a7af          lr.w.aq                 a5,(s1)
0x00011230:  e781              bnez                    a5,8                    # 0x11238

----------------
IN: srand
0x00011232:  18e4a6af          sc.w                    a3,a4,(s1)
0x00011236:  fafd              bnez                    a3,-10                  # 0x1122c

----------------
IN: srand
0x00011238:  2781              sext.w                  a5,a5
0x0001123a:  e78d              bnez                    a5,42                   # 0x11264

----------------
IN: srand
0x0001123c:  00072597          auipc                   a1,114                  # 0x8323c
0x00011240:  e4c58593          addi                    a1,a1,-436
0x00011244:  854a              mv                      a0,s2
0x00011246:  1ce000ef          jal                     ra,462                  # 0x11414

----------------
IN: srandom_r
0x00011414:  1141              addi                    sp,sp,-16
0x00011416:  e422              sd                      s0,8(sp)
0x00011418:  0800              addi                    s0,sp,16
0x0001141a:  10058d63          beqz                    a1,282                  # 0x11534

----------------
IN: srandom_r
0x0001141e:  4d98              lw                      a4,24(a1)
0x00011420:  4791              addi                    a5,zero,4
0x00011422:  10e7e963          bgtu                    a4,a5,274               # 0x11534

----------------
IN: srandom_r
0x00011426:  0105b803          ld                      a6,16(a1)
0x0001142a:  0005079b          sext.w                  a5,a0
0x0001142e:  c16d              beqz                    a0,226                  # 0x11510

----------------
IN: srandom_r
0x00011430:  00f82023          sw                      a5,0(a6)
0x00011434:  cb61              beqz                    a4,208                  # 0x11504

----------------
IN: srandom_r
0x00011436:  01c5ae83          lw                      t4,28(a1)
0x0001143a:  4705              addi                    a4,zero,1
0x0001143c:  0dd75c63          ble                     t4,a4,216               # 0x11514

----------------
IN: srandom_r
0x00011440:  002e9513          slli                    a0,t4,2
0x00011444:  1571              addi                    a0,a0,-4
0x00011446:  667d              lui                     a2,31
0x00011448:  6311              lui                     t1,4
0x0001144a:  78fd              lui                     a7,-1
0x0001144c:  80000e37          lui                     t3,-524288
0x00011450:  9542              add                     a0,a0,a6
0x00011452:  86c2              mv                      a3,a6
0x00011454:  31d6061b          addiw                   a2,a2,797
0x00011458:  1a73031b          addiw                   t1,t1,423
0x0001145c:  4ec8889b          addiw                   a7,a7,1260
0x00011460:  3e7d              addiw                   t3,t3,-1
0x00011462:  02c7e73b          remw                    a4,a5,a2
0x00011466:  0691              addi                    a3,a3,4
0x00011468:  02c7c7bb          divw                    a5,a5,a2
0x0001146c:  0267073b          mulw                    a4,a4,t1
0x00011470:  031787bb          mulw                    a5,a5,a7
0x00011474:  9fb9              addw                    a5,a5,a4
0x00011476:  0007d463          bgez                    a5,8                    # 0x1147e

----------------
IN: srandom_r
0x0001147e:  c29c              sw                      a5,0(a3)
0x00011480:  fed511e3          bne                     a0,a3,-30               # 0x11462

----------------
IN: srandom_r
0x00011462:  02c7e73b          remw                    a4,a5,a2
0x00011466:  0691              addi                    a3,a3,4
0x00011468:  02c7c7bb          divw                    a5,a5,a2
0x0001146c:  0267073b          mulw                    a4,a4,t1
0x00011470:  031787bb          mulw                    a5,a5,a7
0x00011474:  9fb9              addw                    a5,a5,a4
0x00011476:  0007d463          bgez                    a5,8                    # 0x1147e

----------------
IN: srandom_r
0x00011484:  519c              lw                      a5,32(a1)
0x00011486:  002e971b          slliw                   a4,t4,2
0x0001148a:  01d7073b          addw                    a4,a4,t4
0x0001148e:  078a              slli                    a5,a5,2
0x00011490:  97c2              add                     a5,a5,a6
0x00011492:  0017171b          slliw                   a4,a4,1
0x00011496:  e19c              sd                      a5,0(a1)
0x00011498:  0105b423          sd                      a6,8(a1)
0x0001149c:  377d              addiw                   a4,a4,-1
0x0001149e:  41c65fb7          lui                     t6,269413
0x000114a2:  6f0d              lui                     t5,3
0x000114a4:  80000eb7          lui                     t4,-524288
0x000114a8:  e6df8f9b          addiw                   t6,t6,-403
0x000114ac:  039f0f1b          addiw                   t5,t5,57
0x000114b0:  fffece93          not                     t4,t4
0x000114b4:  537d              addi                    t1,zero,-1
0x000114b6:  a831              j                       28                      # 0x114d2

----------------
IN: srandom_r
0x000114d2:  4d9c              lw                      a5,24(a1)
0x000114d4:  d3f5              beqz                    a5,-28                  # 0x114b8

----------------
IN: srandom_r
0x000114d6:  6194              ld                      a3,0(a1)
0x000114d8:  659c              ld                      a5,8(a1)
0x000114da:  0285b883          ld                      a7,40(a1)
0x000114de:  0006ae03          lw                      t3,0(a3)
0x000114e2:  4390              lw                      a2,0(a5)
0x000114e4:  00468513          addi                    a0,a3,4
0x000114e8:  0791              addi                    a5,a5,4
0x000114ea:  01c6063b          addw                    a2,a2,t3
0x000114ee:  c290              sw                      a2,0(a3)
0x000114f0:  01157e63          bleu                    a7,a0,28                # 0x1150c

----------------
IN: srandom_r
0x000114f4:  0117e363          bgtu                    a7,a5,6                 # 0x114fa

----------------
IN: srandom_r
0x000114fa:  e188              sd                      a0,0(a1)
0x000114fc:  e59c              sd                      a5,8(a1)
0x000114fe:  377d              addiw                   a4,a4,-1
0x00011500:  fc6719e3          bne                     a4,t1,-46               # 0x114d2

----------------
IN: srandom_r
0x0001150c:  8542              mv                      a0,a6
0x0001150e:  b7f5              j                       -20                     # 0x114fa

----------------
IN: srandom_r
0x000114f8:  87c2              mv                      a5,a6
0x000114fa:  e188              sd                      a0,0(a1)
0x000114fc:  e59c              sd                      a5,8(a1)
0x000114fe:  377d              addiw                   a4,a4,-1
0x00011500:  fc6719e3          bne                     a4,t1,-46               # 0x114d2

----------------
IN: srandom_r
0x00011504:  4501              mv                      a0,zero
0x00011506:  6422              ld                      s0,8(sp)
0x00011508:  0141              addi                    sp,sp,16
0x0001150a:  8082              ret                     

----------------
IN: srand
0x0001124a:  4781              mv                      a5,zero
0x0001124c:  0af4a7af          amoswap.w.rl            a5,a5,(s1)
0x00011250:  4705              addi                    a4,zero,1
0x00011252:  2781              sext.w                  a5,a5
0x00011254:  00f74c63          bgt                     a5,a4,24                # 0x1126c

----------------
IN: srand
0x00011258:  60e2              ld                      ra,24(sp)
0x0001125a:  6442              ld                      s0,16(sp)
0x0001125c:  64a2              ld                      s1,8(sp)
0x0001125e:  6902              ld                      s2,0(sp)
0x00011260:  6105              addi                    sp,sp,32
0x00011262:  8082              ret                     

----------------
IN: main
0x000104e6:  8bce              mv                      s7,s3
0x000104e8:  8c56              mv                      s8,s5
0x000104ea:  994e              add                     s2,s2,s3
0x000104ec:  147d              addi                    s0,s0,-1
0x000104ee:  74e1              lui                     s1,-8
0x000104f0:  513000ef          jal                     ra,3346                 # 0x11202

----------------
IN: rand
0x00011202:  1141              addi                    sp,sp,-16
0x00011204:  e022              sd                      s0,0(sp)
0x00011206:  e406              sd                      ra,8(sp)
0x00011208:  0800              addi                    s0,sp,16
0x0001120a:  184000ef          jal                     ra,388                  # 0x1138e

----------------
IN: random
0x0001138e:  7179              addi                    sp,sp,-48
0x00011390:  f022              sd                      s0,32(sp)
0x00011392:  ec26              sd                      s1,24(sp)
0x00011394:  e84a              sd                      s2,16(sp)
0x00011396:  1800              addi                    s0,sp,48
0x00011398:  f406              sd                      ra,40(sp)
0x0001139a:  00072917          auipc                   s2,114                  # 0x8339a
0x0001139e:  87693903          ld                      s2,-1930(s2)
0x000113a2:  00093783          ld                      a5,0(s2)
0x000113a6:  fcf43c23          sd                      a5,-40(s0)
0x000113aa:  4781              mv                      a5,zero
0x000113ac:  4c418493          addi                    s1,gp,1220
0x000113b0:  4705              addi                    a4,zero,1
0x000113b2:  1404a7af          lr.w.aq                 a5,(s1)
0x000113b6:  e781              bnez                    a5,8                    # 0x113be

----------------
IN: random
0x000113b8:  18e4a6af          sc.w                    a3,a4,(s1)
0x000113bc:  fafd              bnez                    a3,-10                  # 0x113b2

----------------
IN: random
0x000113be:  2781              sext.w                  a5,a5
0x000113c0:  ef9d              bnez                    a5,62                   # 0x113fe

----------------
IN: random
0x000113c2:  fd440593          addi                    a1,s0,-44
0x000113c6:  00072517          auipc                   a0,114                  # 0x833c6
0x000113ca:  cc250513          addi                    a0,a0,-830
0x000113ce:  32a000ef          jal                     ra,810                  # 0x116f8

----------------
IN: __random_r
0x000116f8:  1141              addi                    sp,sp,-16
0x000116fa:  e422              sd                      s0,8(sp)
0x000116fc:  0800              addi                    s0,sp,16
0x000116fe:  c135              beqz                    a0,100                  # 0x11762

----------------
IN: __random_r
0x00011700:  c1ad              beqz                    a1,98                   # 0x11762

----------------
IN: __random_r
0x00011702:  4d1c              lw                      a5,24(a0)
0x00011704:  6914              ld                      a3,16(a0)
0x00011706:  cf85              beqz                    a5,56                   # 0x1173e

----------------
IN: __random_r
0x00011708:  6110              ld                      a2,0(a0)
0x0001170a:  6518              ld                      a4,8(a0)
0x0001170c:  02853803          ld                      a6,40(a0)
0x00011710:  00062303          lw                      t1,0(a2)
0x00011714:  431c              lw                      a5,0(a4)
0x00011716:  00460893          addi                    a7,a2,4
0x0001171a:  0711              addi                    a4,a4,4
0x0001171c:  006787bb          addw                    a5,a5,t1
0x00011720:  c21c              sw                      a5,0(a2)
0x00011722:  0017d79b          srliw                   a5,a5,1
0x00011726:  c19c              sw                      a5,0(a1)
0x00011728:  0108f563          bleu                    a6,a7,10                # 0x11732

----------------
IN: __random_r
0x0001172c:  03077963          bleu                    a6,a4,50                # 0x1175e

----------------
IN: __random_r
0x00011730:  86c6              mv                      a3,a7
0x00011732:  e114              sd                      a3,0(a0)
0x00011734:  e518              sd                      a4,8(a0)
0x00011736:  4501              mv                      a0,zero
0x00011738:  6422              ld                      s0,8(sp)
0x0001173a:  0141              addi                    sp,sp,16
0x0001173c:  8082              ret                     

----------------
IN: random
0x000113d2:  4781              mv                      a5,zero
0x000113d4:  0af4a7af          amoswap.w.rl            a5,a5,(s1)
0x000113d8:  4705              addi                    a4,zero,1
0x000113da:  2781              sext.w                  a5,a5
0x000113dc:  02f74563          bgt                     a5,a4,42                # 0x11406

----------------
IN: random
0x000113e0:  fd843703          ld                      a4,-40(s0)
0x000113e4:  00093783          ld                      a5,0(s2)
0x000113e8:  8fb9              xor                     a5,a5,a4
0x000113ea:  4701              mv                      a4,zero
0x000113ec:  fd442503          lw                      a0,-44(s0)
0x000113f0:  e385              bnez                    a5,32                   # 0x11410

----------------
IN: random
0x000113f2:  70a2              ld                      ra,40(sp)
0x000113f4:  7402              ld                      s0,32(sp)
0x000113f6:  64e2              ld                      s1,24(sp)
0x000113f8:  6942              ld                      s2,16(sp)
0x000113fa:  6145              addi                    sp,sp,48
0x000113fc:  8082              ret                     

----------------
IN: rand
0x0001120e:  60a2              ld                      ra,8(sp)
0x00011210:  6402              ld                      s0,0(sp)
0x00011212:  2501              sext.w                  a0,a0
0x00011214:  0141              addi                    sp,sp,16
0x00011216:  8082              ret                     

----------------
IN: main
0x000104f4:  41f5579b          sraiw                   a5,a0,31
0x000104f8:  0107d79b          srliw                   a5,a5,16
0x000104fc:  9d3d              addw                    a0,a0,a5
0x000104fe:  8d61              and                     a0,a0,s0
0x00010500:  9d1d              subw                    a0,a0,a5
0x00010502:  9d25              addw                    a0,a0,s1
0x00010504:  00ab9023          sh                      a0,0(s7)
0x00010508:  4fb000ef          jal                     ra,3322                 # 0x11202

----------------
IN: main
0x0001050c:  41f5571b          sraiw                   a4,a0,31
0x00010510:  0107571b          srliw                   a4,a4,16
0x00010514:  00a707bb          addw                    a5,a4,a0
0x00010518:  8fe1              and                     a5,a5,s0
0x0001051a:  9f99              subw                    a5,a5,a4
0x0001051c:  9fa5              addw                    a5,a5,s1
0x0001051e:  00fc1023          sh                      a5,0(s8)
0x00010522:  0b89              addi                    s7,s7,2
0x00010524:  0c09              addi                    s8,s8,2
0x00010526:  fd2b95e3          bne                     s7,s2,-54               # 0x104f0

----------------
IN: main
0x000104f0:  513000ef          jal                     ra,3346                 # 0x11202

----------------
IN: __random_r
0x00011732:  e114              sd                      a3,0(a0)
0x00011734:  e518              sd                      a4,8(a0)
0x00011736:  4501              mv                      a0,zero
0x00011738:  6422              ld                      s0,8(sp)
0x0001173a:  0141              addi                    sp,sp,16
0x0001173c:  8082              ret                     

----------------
IN: __random_r
0x0001175e:  8736              mv                      a4,a3
0x00011760:  bfc1              j                       -48                     # 0x11730

----------------
IN: main
0x0001052a:  c0002473          rdcycle                 s0

----------------
IN: main
0x0001052e:  470d              addi                    a4,zero,3
0x00010530:  6685              lui                     a3,1
0x00010532:  8652              mv                      a2,s4
0x00010534:  85d6              mv                      a1,s5
0x00010536:  854e              mv                      a0,s3
0x00010538:  1e4000ef          jal                     ra,484                  # 0x1071c

----------------
IN: q15_axpy_ref
0x0001071c:  04d05163          blez                    a3,66                   # 0x1075e

----------------
IN: q15_axpy_ref
0x00010720:  0686              slli                    a3,a3,1
0x00010722:  6321              lui                     t1,8
0x00010724:  00d508b3          add                     a7,a0,a3
0x00010728:  fff30e13          addi                    t3,t1,-1
0x0001072c:  7ee1              lui                     t4,-8
0x0001072e:  00059783          lh                      a5,0(a1)
0x00010732:  00051803          lh                      a6,0(a0)
0x00010736:  86f2              mv                      a3,t3
0x00010738:  02e787bb          mulw                    a5,a5,a4
0x0001073c:  010787bb          addw                    a5,a5,a6
0x00010740:  0067d863          ble                     t1,a5,16                # 0x10750

----------------
IN: q15_axpy_ref
0x00010750:  00d61023          sh                      a3,0(a2)
0x00010754:  0509              addi                    a0,a0,2
0x00010756:  0589              addi                    a1,a1,2
0x00010758:  0609              addi                    a2,a2,2
0x0001075a:  fd151ae3          bne                     a0,a7,-44               # 0x1072e

----------------
IN: q15_axpy_ref
0x0001072e:  00059783          lh                      a5,0(a1)
0x00010732:  00051803          lh                      a6,0(a0)
0x00010736:  86f2              mv                      a3,t3
0x00010738:  02e787bb          mulw                    a5,a5,a4
0x0001073c:  010787bb          addw                    a5,a5,a6
0x00010740:  0067d863          ble                     t1,a5,16                # 0x10750

----------------
IN: q15_axpy_ref
0x00010744:  01d7ce63          bgt                     t4,a5,28                # 0x10760

----------------
IN: q15_axpy_ref
0x00010760:  76e1              lui                     a3,-8
0x00010762:  b7fd              j                       -18                     # 0x10750

----------------
IN: q15_axpy_ref
0x00010748:  0107969b          slliw                   a3,a5,16
0x0001074c:  4106d69b          sraiw                   a3,a3,16
0x00010750:  00d61023          sh                      a3,0(a2)
0x00010754:  0509              addi                    a0,a0,2
0x00010756:  0589              addi                    a1,a1,2
0x00010758:  0609              addi                    a2,a2,2
0x0001075a:  fd151ae3          bne                     a0,a7,-44               # 0x1072e

----------------
IN: q15_axpy_ref
0x0001075e:  8082              ret                     

----------------
IN: main
0x0001053c:  c0002673          rdcycle                 a2

----------------
IN: main
0x00010540:  00043597          auipc                   a1,67                   # 0x53540
0x00010544:  f3858593          addi                    a1,a1,-200
0x00010548:  9e01              subw                    a2,a2,s0
0x0001054a:  4509              addi                    a0,zero,2
0x0001054c:  64f070ef          jal                     ra,32334                # 0x1839a

----------------
IN: ___printf_chk
0x0001839a:  711d              addi                    sp,sp,-96
0x0001839c:  f022              sd                      s0,32(sp)
0x0001839e:  ec26              sd                      s1,24(sp)
0x000183a0:  1800              addi                    s0,sp,48
0x000183a2:  f406              sd                      ra,40(sp)
0x000183a4:  832a              mv                      t1,a0
0x000183a6:  0006b517          auipc                   a0,107                  # 0x833a6
0x000183aa:  84a53503          ld                      a0,-1974(a0)
0x000183ae:  6108              ld                      a0,0(a0)
0x000183b0:  00602333          sgtz                    t1,t1
0x000183b4:  e010              sd                      a2,0(s0)
0x000183b6:  e414              sd                      a3,8(s0)
0x000183b8:  e818              sd                      a4,16(s0)
0x000183ba:  0006b497          auipc                   s1,107                  # 0x833ba
0x000183be:  8564b483          ld                      s1,-1962(s1)
0x000183c2:  ec1c              sd                      a5,24(s0)
0x000183c4:  03043023          sd                      a6,32(s0)
0x000183c8:  03143423          sd                      a7,40(s0)
0x000183cc:  609c              ld                      a5,0(s1)
0x000183ce:  fcf43c23          sd                      a5,-40(s0)
0x000183d2:  4781              mv                      a5,zero
0x000183d4:  00131693          slli                    a3,t1,1
0x000183d8:  8622              mv                      a2,s0
0x000183da:  fc843823          sd                      s0,-48(s0)
0x000183de:  3d3050ef          jal                     ra,23506                # 0x1dfb0

----------------
IN: __vfprintf_internal
0x0001dfb0:  7169              addi                    sp,sp,-304
0x0001dfb2:  f222              sd                      s0,288(sp)
0x0001dfb4:  ee26              sd                      s1,280(sp)
0x0001dfb6:  ea4a              sd                      s2,272(sp)
0x0001dfb8:  e252              sd                      s4,256(sp)
0x0001dfba:  fdd6              sd                      s5,248(sp)
0x0001dfbc:  f9da              sd                      s6,240(sp)
0x0001dfbe:  1a00              addi                    s0,sp,304
0x0001dfc0:  f606              sd                      ra,296(sp)
0x0001dfc2:  0c052783          lw                      a5,192(a0)
0x0001dfc6:  00065b17          auipc                   s6,101                  # 0x82fc6
0x0001dfca:  c4ab3b03          ld                      s6,-950(s6)
0x0001dfce:  000b3703          ld                      a4,0(s6)
0x0001dfd2:  fae43423          sd                      a4,-88(s0)
0x0001dfd6:  4701              mv                      a4,zero
0x0001dfd8:  84aa              mv                      s1,a0
0x0001dfda:  892e              mv                      s2,a1
0x0001dfdc:  8a32              mv                      s4,a2
0x0001dfde:  8ab6              mv                      s5,a3
0x0001dfe0:  e7c1              bnez                    a5,136                  # 0x1e068

----------------
IN: __vfprintf_internal
0x0001dfe2:  57fd              addi                    a5,zero,-1
0x0001dfe4:  0cf52023          sw                      a5,192(a0)
0x0001dfe8:  4098              lw                      a4,0(s1)
0x0001dfea:  00877793          andi                    a5,a4,8
0x0001dfee:  14079c63          bnez                    a5,344                  # 0x1e146

----------------
IN: __vfprintf_internal
0x0001dff2:  16090663          beqz                    s2,364                  # 0x1e15e

----------------
IN: __vfprintf_internal
0x0001dff6:  58fc              lw                      a5,116(s1)
0x0001dff8:  0807f793          andi                    a5,a5,128
0x0001dffc:  10078863          beqz                    a5,272                  # 0x1e10c

----------------
IN: __vfprintf_internal
0x0001e10c:  85a6              mv                      a1,s1
0x0001e10e:  ef840493          addi                    s1,s0,-264
0x0001e112:  8526              mv                      a0,s1
0x0001e114:  65e1c0ef          jal                     ra,116318               # 0x3a772

----------------
IN: __printf_buffer_to_file_init
0x0003a772:  1141              addi                    sp,sp,-16
0x0003a774:  e422              sd                      s0,8(sp)
0x0003a776:  0800              addi                    s0,sp,16
0x0003a778:  759c              ld                      a5,40(a1)
0x0003a77a:  7998              ld                      a4,48(a1)
0x0003a77c:  4691              addi                    a3,zero,4
0x0003a77e:  00053c23          sd                      zero,24(a0)
0x0003a782:  d114              sw                      a3,32(a0)
0x0003a784:  f50c              sd                      a1,40(a0)
0x0003a786:  00e7e663          bgtu                    a4,a5,12                # 0x3a792

----------------
IN: __printf_buffer_to_file_init
0x0003a78a:  03050793          addi                    a5,a0,48
0x0003a78e:  0b050713          addi                    a4,a0,176
0x0003a792:  6422              ld                      s0,8(sp)
0x0003a794:  e918              sd                      a4,16(a0)
0x0003a796:  e51c              sd                      a5,8(a0)
0x0003a798:  e11c              sd                      a5,0(a0)
0x0003a79a:  0141              addi                    sp,sp,16
0x0003a79c:  8082              ret                     

----------------
IN: __vfprintf_internal
0x0001e118:  85ca              mv                      a1,s2
0x0001e11a:  86d6              mv                      a3,s5
0x0001e11c:  8652              mv                      a2,s4
0x0001e11e:  8526              mv                      a0,s1
0x0001e120:  981fe0ef          jal                     ra,-5760                # 0x1caa0

----------------
IN: __printf_buffer
0x0001caa0:  a7010113          addi                    sp,sp,-1424
0x0001caa4:  00066797          auipc                   a5,102                  # 0x82aa4
0x0001caa8:  32c7b783          ld                      a5,812(a5)
0x0001caac:  58113423          sd                      ra,1416(sp)
0x0001cab0:  58813023          sd                      s0,1408(sp)
0x0001cab4:  56913c23          sd                      s1,1400(sp)
0x0001cab8:  59010413          addi                    s0,sp,1424
0x0001cabc:  57213823          sd                      s2,1392(sp)
0x0001cac0:  57313423          sd                      s3,1384(sp)
0x0001cac4:  57413023          sd                      s4,1376(sp)
0x0001cac8:  55613823          sd                      s6,1360(sp)
0x0001cacc:  acf43423          sd                      a5,-1336(s0)
0x0001cad0:  9792              add                     a5,a5,tp
0x0001cad2:  439c              lw                      a5,0(a5)
0x0001cad4:  89ae              mv                      s3,a1
0x0001cad6:  00066717          auipc                   a4,102                  # 0x82ad6
0x0001cada:  13a73703          ld                      a4,314(a4)
0x0001cade:  84aa              mv                      s1,a0
0x0001cae0:  acb43c23          sd                      a1,-1320(s0)
0x0001cae4:  aef43423          sd                      a5,-1304(s0)
0x0001cae8:  02500593          addi                    a1,zero,37
0x0001caec:  631c              ld                      a5,0(a4)
0x0001caee:  f8f43423          sd                      a5,-120(s0)
0x0001caf2:  4781              mv                      a5,zero
0x0001caf4:  854e              mv                      a0,s3
0x0001caf6:  8932              mv                      s2,a2
0x0001caf8:  8b36              mv                      s6,a3
0x0001cafa:  aed43023          sd                      a3,-1312(s0)
0x0001cafe:  b4c43823          sd                      a2,-1200(s0)
0x0001cb02:  a72fa0ef          jal                     ra,-23950               # 0x16d74

----------------
IN: strchrnul
0x00016d74:  010107b7          lui                     a5,4112
0x00016d78:  10178793          addi                    a5,a5,257
0x00016d7c:  07c2              slli                    a5,a5,16
0x00016d7e:  10178793          addi                    a5,a5,257
0x00016d82:  07c2              slli                    a5,a5,16
0x00016d84:  0ff5f893          andi                    a7,a1,255
0x00016d88:  10178793          addi                    a5,a5,257
0x00016d8c:  02f888b3          mul                     a7,a7,a5
0x00016d90:  1141              addi                    sp,sp,-16
0x00016d92:  0feff7b7          lui                     a5,65279
0x00016d96:  e422              sd                      s0,8(sp)
0x00016d98:  0792              slli                    a5,a5,4
0x00016d9a:  0800              addi                    s0,sp,16
0x00016d9c:  862a              mv                      a2,a0
0x00016d9e:  9961              andi                    a0,a0,-8
0x00016da0:  eff78793          addi                    a5,a5,-257
0x00016da4:  610c              ld                      a1,0(a0)
0x00016da6:  07c2              slli                    a5,a5,16
0x00016da8:  eff78793          addi                    a5,a5,-257
0x00016dac:  07be              slli                    a5,a5,15
0x00016dae:  f7f78793          addi                    a5,a5,-129
0x00016db2:  0115c833          xor                     a6,a1,a7
0x00016db6:  00f5f733          and                     a4,a1,a5
0x00016dba:  00f876b3          and                     a3,a6,a5
0x00016dbe:  973e              add                     a4,a4,a5
0x00016dc0:  96be              add                     a3,a3,a5
0x00016dc2:  8f4d              or                      a4,a4,a1
0x00016dc4:  0106e6b3          or                      a3,a3,a6
0x00016dc8:  8f75              and                     a4,a4,a3
0x00016dca:  8fd9              or                      a5,a5,a4
0x00016dcc:  00767713          andi                    a4,a2,7
0x00016dd0:  fff7c793          not                     a5,a5
0x00016dd4:  0037171b          slliw                   a4,a4,3
0x00016dd8:  00e7d7b3          srl                     a5,a5,a4
0x00016ddc:  e7cd              bnez                    a5,170                  # 0x16e86

----------------
IN: strchrnul
0x00016dde:  f0101837          lui                     a6,-65279
0x00016de2:  feff05b7          lui                     a1,-4112
0x00016de6:  0812              slli                    a6,a6,4
0x00016de8:  eff58593          addi                    a1,a1,-257
0x00016dec:  10180813          addi                    a6,a6,257
0x00016df0:  05c2              slli                    a1,a1,16
0x00016df2:  0842              slli                    a6,a6,16
0x00016df4:  eff58593          addi                    a1,a1,-257
0x00016df8:  10180813          addi                    a6,a6,257
0x00016dfc:  05c2              slli                    a1,a1,16
0x00016dfe:  083e              slli                    a6,a6,15
0x00016e00:  eff58593          addi                    a1,a1,-257
0x00016e04:  08080813          addi                    a6,a6,128
0x00016e08:  6518              ld                      a4,8(a0)
0x00016e0a:  832a              mv                      t1,a0
0x00016e0c:  0521              addi                    a0,a0,8
0x00016e0e:  011746b3          xor                     a3,a4,a7
0x00016e12:  00b707b3          add                     a5,a4,a1
0x00016e16:  00b68633          add                     a2,a3,a1
0x00016e1a:  fff74713          not                     a4,a4
0x00016e1e:  fff6c693          not                     a3,a3
0x00016e22:  8ff9              and                     a5,a5,a4
0x00016e24:  00d67733          and                     a4,a2,a3
0x00016e28:  8fd9              or                      a5,a5,a4
0x00016e2a:  0107f733          and                     a4,a5,a6
0x00016e2e:  df69              beqz                    a4,-38                  # 0x16e08

----------------
IN: strchrnul
0x00016e30:  0807f713          andi                    a4,a5,128
0x00016e34:  e731              bnez                    a4,76                   # 0x16e80

----------------
IN: strchrnul
0x00016e36:  03079713          slli                    a4,a5,48
0x00016e3a:  00930513          addi                    a0,t1,9
0x00016e3e:  04074163          bltz                    a4,66                   # 0x16e80

----------------
IN: strchrnul
0x00016e42:  02879713          slli                    a4,a5,40
0x00016e46:  00a30513          addi                    a0,t1,10
0x00016e4a:  02074b63          bltz                    a4,54                   # 0x16e80

----------------
IN: strchrnul
0x00016e4e:  02079713          slli                    a4,a5,32
0x00016e52:  00b30513          addi                    a0,t1,11
0x00016e56:  02074563          bltz                    a4,42                   # 0x16e80

----------------
IN: strchrnul
0x00016e5a:  01879713          slli                    a4,a5,24
0x00016e5e:  00c30513          addi                    a0,t1,12
0x00016e62:  00074f63          bltz                    a4,30                   # 0x16e80

----------------
IN: strchrnul
0x00016e80:  6422              ld                      s0,8(sp)
0x00016e82:  0141              addi                    sp,sp,16
0x00016e84:  8082              ret                     

----------------
IN: __printf_buffer
0x0001cb06:  8a2a              mv                      s4,a0
0x0001cb08:  aca43823          sd                      a0,-1328(s0)
0x0001cb0c:  41350633          sub                     a2,a0,s3
0x0001cb10:  85ce              mv                      a1,s3
0x0001cb12:  8526              mv                      a0,s1
0x0001cb14:  b5443423          sd                      s4,-1208(s0)
0x0001cb18:  4ad1d0ef          jal                     ra,122028               # 0x3a7c4

----------------
IN: __printf_buffer_write
0x0003a7c4:  511c              lw                      a5,32(a0)
0x0003a7c6:  c7d9              beqz                    a5,142                  # 0x3a854

----------------
IN: __printf_buffer_write
0x0003a7c8:  7179              addi                    sp,sp,-48
0x0003a7ca:  f022              sd                      s0,32(sp)
0x0003a7cc:  e84a              sd                      s2,16(sp)
0x0003a7ce:  f406              sd                      ra,40(sp)
0x0003a7d0:  1800              addi                    s0,sp,48
0x0003a7d2:  8932              mv                      s2,a2
0x0003a7d4:  ca3d              beqz                    a2,118                  # 0x3a84a

----------------
IN: __printf_buffer_write
0x0003a7d6:  e44e              sd                      s3,8(sp)
0x0003a7d8:  e052              sd                      s4,0(sp)
0x0003a7da:  89aa              mv                      s3,a0
0x0003a7dc:  ec26              sd                      s1,24(sp)
0x0003a7de:  6508              ld                      a0,8(a0)
0x0003a7e0:  8a2e              mv                      s4,a1
0x0003a7e2:  a01d              j                       38                      # 0x3a808

----------------
IN: __printf_buffer_write
0x0003a808:  0109b483          ld                      s1,16(s3)
0x0003a80c:  fca49ce3          bne                     s1,a0,-40               # 0x3a7e4

----------------
IN: __printf_buffer_write
0x0003a7e4:  8c89              sub                     s1,s1,a0
0x0003a7e6:  00997363          bleu                    s1,s2,6                 # 0x3a7ec

----------------
IN: __printf_buffer_write
0x0003a7ea:  84ca              mv                      s1,s2
0x0003a7ec:  85d2              mv                      a1,s4
0x0003a7ee:  8626              mv                      a2,s1
0x0003a7f0:  c38dc0ef          jal                     ra,-146376              # 0x16c28

----------------
IN: __printf_buffer_write
0x0003a7f4:  0089b503          ld                      a0,8(s3)
0x0003a7f8:  40990933          sub                     s2,s2,s1
0x0003a7fc:  9a26              add                     s4,s4,s1
0x0003a7fe:  9526              add                     a0,a0,s1
0x0003a800:  00a9b423          sd                      a0,8(s3)
0x0003a804:  04090063          beqz                    s2,64                   # 0x3a844

----------------
IN: __printf_buffer_write
0x0003a844:  64e2              ld                      s1,24(sp)
0x0003a846:  69a2              ld                      s3,8(sp)
0x0003a848:  6a02              ld                      s4,0(sp)
0x0003a84a:  70a2              ld                      ra,40(sp)
0x0003a84c:  7402              ld                      s0,32(sp)
0x0003a84e:  6942              ld                      s2,16(sp)
0x0003a850:  6145              addi                    sp,sp,48
0x0003a852:  8082              ret                     

----------------
IN: __printf_buffer
0x0001cb1c:  509c              lw                      a5,32(s1)
0x0001cb1e:  c3e5              beqz                    a5,224                  # 0x1cbfe

----------------
IN: __printf_buffer
0x0001cb20:  000a4783          lbu                     a5,0(s4)
0x0001cb24:  cfe9              beqz                    a5,218                  # 0x1cbfe

----------------
IN: __printf_buffer
0x0001cb26:  0006d797          auipc                   a5,109                  # 0x89b26
0x0001cb2a:  f9a7b783          ld                      a5,-102(a5)
0x0001cb2e:  55513c23          sd                      s5,1368(sp)
0x0001cb32:  b0f43023          sd                      a5,-1280(s0)
0x0001cb36:  c399              beqz                    a5,6                    # 0x1cb3c

----------------
IN: __printf_buffer
0x0001cb3c:  0006d797          auipc                   a5,109                  # 0x89b3c
0x0001cb40:  f747b783          ld                      a5,-140(a5)
0x0001cb44:  6a0795e3          bnez                    a5,3754                 # 0x1d9ee

----------------
IN: __printf_buffer
0x0001cb48:  0006d797          auipc                   a5,109                  # 0x89b48
0x0001cb4c:  f907b783          ld                      a5,-112(a5)
0x0001cb50:  68079fe3          bnez                    a5,3742                 # 0x1d9ee

----------------
IN: __printf_buffer
0x0001cb54:  00066797          auipc                   a5,102                  # 0x82b54
0x0001cb58:  3a47b783          ld                      a5,932(a5)
0x0001cb5c:  001b7713          andi                    a4,s6,1
0x0001cb60:  55713423          sd                      s7,1352(sp)
0x0001cb64:  acf43023          sd                      a5,-1344(s0)
0x0001cb68:  57fd              addi                    a5,zero,-1
0x0001cb6a:  aaf43823          sd                      a5,-1360(s0)
0x0001cb6e:  6785              lui                     a5,1
0x0001cb70:  8ff78793          addi                    a5,a5,-1793
0x0001cb74:  55813023          sd                      s8,1344(sp)
0x0001cb78:  53913c23          sd                      s9,1336(sp)
0x0001cb7c:  53a13823          sd                      s10,1328(sp)
0x0001cb80:  53b13423          sd                      s11,1320(sp)
0x0001cb84:  aa043c23          sd                      zero,-1352(s0)
0x0001cb88:  4a81              mv                      s5,zero
0x0001cb8a:  aae43423          sd                      a4,-1368(s0)
0x0001cb8e:  aaf43023          sd                      a5,-1376(s0)
0x0001cb92:  001a4d83          lbu                     s11,1(s4)
0x0001cb96:  0a05              addi                    s4,s4,1
0x0001cb98:  b5443423          sd                      s4,-1208(s0)
0x0001cb9c:  fe0d871b          addiw                   a4,s11,-32
0x0001cba0:  0ff77613          andi                    a2,a4,255
0x0001cba4:  05a00693          addi                    a3,zero,90
0x0001cba8:  08c6f863          bleu                    a2,a3,144               # 0x1cc38

----------------
IN: __printf_buffer
0x0001cc38:  0003d797          auipc                   a5,61                   # 0x59c38
0x0001cc3c:  68878793          addi                    a5,a5,1672
0x0001cc40:  2701              sext.w                  a4,a4
0x0001cc42:  973e              add                     a4,a4,a5
0x0001cc44:  00074703          lbu                     a4,0(a4)
0x0001cc48:  02000793          addi                    a5,zero,32
0x0001cc4c:  b0f43823          sd                      a5,-1264(s0)
0x0001cc50:  070e              slli                    a4,a4,3
0x0001cc52:  00062797          auipc                   a5,98                   # 0x7ec52
0x0001cc56:  77e78793          addi                    a5,a5,1918
0x0001cc5a:  973e              add                     a4,a4,a5
0x0001cc5c:  10073703          ld                      a4,256(a4)
0x0001cc60:  b2043c23          sd                      zero,-1224(s0)
0x0001cc64:  59fd              addi                    s3,zero,-1
0x0001cc66:  4a01              mv                      s4,zero
0x0001cc68:  4c81              mv                      s9,zero
0x0001cc6a:  4d01              mv                      s10,zero
0x0001cc6c:  4c01              mv                      s8,zero
0x0001cc6e:  4b81              mv                      s7,zero
0x0001cc70:  4881              mv                      a7,zero
0x0001cc72:  b2043823          sd                      zero,-1232(s0)
0x0001cc76:  4b01              mv                      s6,zero
0x0001cc78:  b0043c23          sd                      zero,-1256(s0)
0x0001cc7c:  b2043023          sd                      zero,-1248(s0)
0x0001cc80:  8702              jr                      a4

----------------
IN: __printf_buffer
0x0001d3de:  47a9              addi                    a5,zero,10
0x0001d3e0:  874a              mv                      a4,s2
0x0001d3e2:  b2f43423          sd                      a5,-1240(s0)
0x0001d3e6:  b94d              j                       -846                    # 0x1d098

----------------
IN: __printf_buffer
0x0001d098:  0921              addi                    s2,s2,8
0x0001d09a:  020d0563          beqz                    s10,42                  # 0x1d0c4

----------------
IN: __printf_buffer
0x0001d0c4:  7c0c8463          beqz                    s9,1992                 # 0x1d88c

----------------
IN: __printf_buffer
0x0001d88c:  100c1c63          bnez                    s8,280                  # 0x1d9a4

----------------
IN: __printf_buffer
0x0001d890:  00076b83          lwu                     s7,0(a4)
0x0001d894:  b2043823          sd                      zero,-1232(s0)
0x0001d898:  b0043c23          sd                      zero,-1256(s0)
0x0001d89c:  e92ff06f          j                       -2414                   # 0x1cf2e

----------------
IN: __printf_buffer
0x0001cf2e:  1809c163          bltz                    s3,386                  # 0x1d0b0

----------------
IN: __printf_buffer
0x0001d0b0:  4c85              addi                    s9,zero,1
0x0001d0b2:  4985              addi                    s3,zero,1
0x0001d0b4:  b571              j                       -372                    # 0x1cf40

----------------
IN: __printf_buffer
0x0001cf40:  b2843603          ld                      a2,-1240(s0)
0x0001cf44:  f8840e13          addi                    t3,s0,-120
0x0001cf48:  fa8d8693          addi                    a3,s11,-88
0x0001cf4c:  85f2              mv                      a1,t3
0x0001cf4e:  0016b693          seqz                    a3,a3
0x0001cf52:  855e              mv                      a0,s7
0x0001cf54:  af143823          sd                      a7,-1296(s0)
0x0001cf58:  afc43c23          sd                      t3,-1288(s0)
0x0001cf5c:  a07fd0ef          jal                     ra,-9722                # 0x1a962

----------------
IN: _itoa_word
0x0001a962:  1141              addi                    sp,sp,-16
0x0001a964:  e422              sd                      s0,8(sp)
0x0001a966:  0800              addi                    s0,sp,16
0x0001a968:  87aa              mv                      a5,a0
0x0001a96a:  0003b717          auipc                   a4,59                   # 0x5596a
0x0001a96e:  81e70713          addi                    a4,a4,-2018
0x0001a972:  852e              mv                      a0,a1
0x0001a974:  e689              bnez                    a3,10                   # 0x1a97e

----------------
IN: _itoa_word
0x0001a976:  0003a717          auipc                   a4,58                   # 0x54976
0x0001a97a:  7ea70713          addi                    a4,a4,2026
0x0001a97e:  46a9              addi                    a3,zero,10
0x0001a980:  06d60a63          beq                     a2,a3,116               # 0x1a9f4

----------------
IN: _itoa_word
0x0001a9f4:  4629              addi                    a2,zero,10
0x0001a9f6:  4825              addi                    a6,zero,9
0x0001a9f8:  02c7f6b3          remu                    a3,a5,a2
0x0001a9fc:  157d              addi                    a0,a0,-1
0x0001a9fe:  85be              mv                      a1,a5
0x0001aa00:  96ba              add                     a3,a3,a4
0x0001aa02:  0006c683          lbu                     a3,0(a3)
0x0001aa06:  02c7d7b3          divu                    a5,a5,a2
0x0001aa0a:  00d50023          sb                      a3,0(a0)
0x0001aa0e:  feb865e3          bgtu                    a1,a6,-22               # 0x1a9f8

----------------
IN: _itoa_word
0x0001a9f8:  02c7f6b3          remu                    a3,a5,a2
0x0001a9fc:  157d              addi                    a0,a0,-1
0x0001a9fe:  85be              mv                      a1,a5
0x0001aa00:  96ba              add                     a3,a3,a4
0x0001aa02:  0006c683          lbu                     a3,0(a3)
0x0001aa06:  02c7d7b3          divu                    a5,a5,a2
0x0001aa0a:  00d50023          sb                      a3,0(a0)
0x0001aa0e:  feb865e3          bgtu                    a1,a6,-22               # 0x1a9f8

----------------
IN: _itoa_word
0x0001aa12:  6422              ld                      s0,8(sp)
0x0001aa14:  0141              addi                    sp,sp,16
0x0001aa16:  8082              ret                     

----------------
IN: __printf_buffer
0x0001cf60:  af843e03          ld                      t3,-1288(s0)
0x0001cf64:  af043883          ld                      a7,-1296(s0)
0x0001cf68:  b0a43423          sd                      a0,-1272(s0)
0x0001cf6c:  40ae0c33          sub                     s8,t3,a0
0x0001cf70:  7e089c63          bnez                    a7,2040                 # 0x1d768

----------------
IN: __printf_buffer
0x0001cf74:  418c8733          sub                     a4,s9,s8
0x0001cf78:  fff74c93          not                     s9,a4
0x0001cf7c:  b3843783          ld                      a5,-1224(s0)
0x0001cf80:  43fcdc93          srai                    s9,s9,63
0x0001cf84:  01977cb3          and                     s9,a4,s9
0x0001cf88:  000c8e9b          sext.w                  t4,s9
0x0001cf8c:  080796e3          bnez                    a5,2188                 # 0x1d818

----------------
IN: __printf_buffer
0x0001cf90:  000c089b          sext.w                  a7,s8
0x0001cf94:  86c6              mv                      a3,a7
0x0001cf96:  4e01              mv                      t3,zero
0x0001cf98:  6738c563          bgt                     s3,a7,1642              # 0x1d602

----------------
IN: __printf_buffer
0x0001cf9c:  740b8963          beqz                    s7,1874                 # 0x1d6ee

----------------
IN: __printf_buffer
0x0001cfa0:  b2043783          ld                      a5,-1248(s0)
0x0001cfa4:  74078563          beqz                    a5,1866                 # 0x1d6ee

----------------
IN: __printf_buffer
0x0001d6ee:  f40b11e3          bnez                    s6,-190                 # 0x1d630

----------------
IN: __printf_buffer
0x0001d6f2:  b1843783          ld                      a5,-1256(s0)
0x0001d6f6:  01d6863b          addw                    a2,a3,t4
0x0001d6fa:  40ca063b          subw                    a2,s4,a2
0x0001d6fe:  00fd6733          or                      a4,s10,a5
0x0001d702:  b3043783          ld                      a5,-1232(s0)
0x0001d706:  8f5d              or                      a4,a4,a5
0x0001d708:  8e0701e3          beqz                    a4,-1822                # 0x1cfea

----------------
IN: __printf_buffer
0x0001cfea:  b1043783          ld                      a5,-1264(s0)
0x0001cfee:  02000713          addi                    a4,zero,32
0x0001cff2:  12e78ce3          beq                     a5,a4,2360              # 0x1d92a

----------------
IN: __printf_buffer
0x0001d92a:  ecc05863          blez                    a2,-2352                # 0x1cffa

----------------
IN: __printf_buffer
0x0001cffa:  000b8e63          beqz                    s7,28                   # 0x1d016

----------------
IN: __printf_buffer
0x0001cffe:  b2043783          ld                      a5,-1248(s0)

----------------
IN: __printf_buffer
0x0001d002:  cb91              beqz                    a5,20                   # 0x1d016

----------------
IN: __printf_buffer
0x0001d016:  03d04b63          bgtz                    t4,54                   # 0x1d04c

----------------
IN: __printf_buffer
0x0001d01a:  040b1763          bnez                    s6,78                   # 0x1d068

----------------
IN: __printf_buffer
0x0001d01e:  060e0263          beqz                    t3,100                  # 0x1d082

----------------
IN: __printf_buffer
0x0001d082:  b0843583          ld                      a1,-1272(s0)
0x0001d086:  8662              mv                      a2,s8
0x0001d088:  8526              mv                      a0,s1
0x0001d08a:  73a1d0ef          jal                     ra,120634               # 0x3a7c4

----------------
IN: __printf_buffer
0x0001d08e:  b1f5              j                       -788                    # 0x1cd7a

----------------
IN: __printf_buffer
0x0001cd7a:  b4843b03          ld                      s6,-1208(s0)
0x0001cd7e:  02500593          addi                    a1,zero,37
0x0001cd82:  2a85              addiw                   s5,s5,1
0x0001cd84:  0b05              addi                    s6,s6,1
0x0001cd86:  855a              mv                      a0,s6
0x0001cd88:  fedf90ef          jal                     ra,-24596               # 0x16d74

----------------
IN: strchrnul
0x00016e86:  0807f713          andi                    a4,a5,128
0x00016e8a:  8532              mv                      a0,a2
0x00016e8c:  fb75              bnez                    a4,-12                  # 0x16e80

----------------
IN: strchrnul
0x00016e8e:  03079713          slli                    a4,a5,48
0x00016e92:  02074c63          bltz                    a4,56                   # 0x16eca

----------------
IN: strchrnul
0x00016eca:  00160513          addi                    a0,a2,1
0x00016ece:  bf4d              j                       -78                     # 0x16e80

----------------
IN: __printf_buffer
0x0001cd8c:  8a2a              mv                      s4,a0
0x0001cd8e:  41650633          sub                     a2,a0,s6
0x0001cd92:  85da              mv                      a1,s6
0x0001cd94:  8526              mv                      a0,s1
0x0001cd96:  b5443423          sd                      s4,-1208(s0)
0x0001cd9a:  22b1d0ef          jal                     ra,121386               # 0x3a7c4

----------------
IN: __printf_buffer
0x0001cd9e:  000a4783          lbu                     a5,0(s4)
0x0001cda2:  c781              beqz                    a5,8                    # 0x1cdaa

----------------
IN: __printf_buffer
0x0001cdaa:  55813a83          ld                      s5,1368(sp)
0x0001cdae:  54813b83          ld                      s7,1352(sp)
0x0001cdb2:  54013c03          ld                      s8,1344(sp)
0x0001cdb6:  53813c83          ld                      s9,1336(sp)
0x0001cdba:  53013d03          ld                      s10,1328(sp)
0x0001cdbe:  52813d83          ld                      s11,1320(sp)
0x0001cdc2:  bd35              j                       -452                    # 0x1cbfe

----------------
IN: __printf_buffer
0x0001cbfe:  00066797          auipc                   a5,102                  # 0x82bfe
0x0001cc02:  0127b783          ld                      a5,18(a5)
0x0001cc06:  f8843703          ld                      a4,-120(s0)
0x0001cc0a:  639c              ld                      a5,0(a5)
0x0001cc0c:  8fb9              xor                     a5,a5,a4
0x0001cc0e:  4701              mv                      a4,zero
0x0001cc10:  c399              beqz                    a5,6                    # 0x1cc16

----------------
IN: __printf_buffer
0x0001cc16:  58813083          ld                      ra,1416(sp)
0x0001cc1a:  58013403          ld                      s0,1408(sp)
0x0001cc1e:  57813483          ld                      s1,1400(sp)
0x0001cc22:  57013903          ld                      s2,1392(sp)
0x0001cc26:  56813983          ld                      s3,1384(sp)
0x0001cc2a:  56013a03          ld                      s4,1376(sp)
0x0001cc2e:  55013b03          ld                      s6,1360(sp)
0x0001cc32:  59010113          addi                    sp,sp,1424
0x0001cc36:  8082              ret                     

----------------
IN: __vfprintf_internal
0x0001e124:  8526              mv                      a0,s1
0x0001e126:  6781c0ef          jal                     ra,116344               # 0x3a79e

----------------
IN: __printf_buffer_to_file_done
0x0003a79e:  511c              lw                      a5,32(a0)
0x0003a7a0:  c385              beqz                    a5,32                   # 0x3a7c0

----------------
IN: __printf_buffer_to_file_done
0x0003a7a2:  1101              addi                    sp,sp,-32
0x0003a7a4:  e822              sd                      s0,16(sp)
0x0003a7a6:  e426              sd                      s1,8(sp)
0x0003a7a8:  ec06              sd                      ra,24(sp)
0x0003a7aa:  1000              addi                    s0,sp,32
0x0003a7ac:  84aa              mv                      s1,a0
0x0003a7ae:  e9dff0ef          jal                     ra,-356                 # 0x3a64a

----------------
IN: __printf_buffer_flush_to_file
0x0003a64a:  7139              addi                    sp,sp,-64
0x0003a64c:  f822              sd                      s0,48(sp)
0x0003a64e:  f426              sd                      s1,40(sp)
0x0003a650:  ec4e              sd                      s3,24(sp)
0x0003a652:  fc06              sd                      ra,56(sp)
0x0003a654:  0080              addi                    s0,sp,64
0x0003a656:  6510              ld                      a2,8(a0)
0x0003a658:  6118              ld                      a4,0(a0)
0x0003a65a:  6d1c              ld                      a5,24(a0)
0x0003a65c:  6914              ld                      a3,16(a0)
0x0003a65e:  40e60733          sub                     a4,a2,a4
0x0003a662:  97ba              add                     a5,a5,a4
0x0003a664:  ed1c              sd                      a5,24(a0)
0x0003a666:  0b050993          addi                    s3,a0,176
0x0003a66a:  84aa              mv                      s1,a0
0x0003a66c:  05368a63          beq                     a3,s3,84                # 0x3a6c0

----------------
IN: __printf_buffer_flush_to_file
0x0003a6c0:  7508              ld                      a0,40(a0)
0x0003a6c2:  e456              sd                      s5,8(sp)
0x0003a6c4:  6785              lui                     a5,1
0x0003a6c6:  0d853a83          ld                      s5,216(a0)
0x0003a6ca:  00047717          auipc                   a4,71                   # 0x816ca
0x0003a6ce:  67e70713          addi                    a4,a4,1662
0x0003a6d2:  f04a              sd                      s2,32(sp)
0x0003a6d4:  e852              sd                      s4,16(sp)
0x0003a6d6:  92f78793          addi                    a5,a5,-1745
0x0003a6da:  03048a13          addi                    s4,s1,48
0x0003a6de:  40ea8733          sub                     a4,s5,a4
0x0003a6e2:  41460933          sub                     s2,a2,s4
0x0003a6e6:  04e7ef63          bgtu                    a4,a5,94                # 0x3a744

----------------
IN: __printf_buffer_flush_to_file
0x0003a6ea:  038ab783          ld                      a5,56(s5)
0x0003a6ee:  864a              mv                      a2,s2
0x0003a6f0:  85d2              mv                      a1,s4
0x0003a6f2:  9782              jalr                    ra,a5,0

----------------
IN: _IO_new_file_xsputn
0x000202dc:  c251              beqz                    a2,132                  # 0x20360

----------------
IN: _IO_new_file_xsputn
0x000202de:  7139              addi                    sp,sp,-64
0x000202e0:  f822              sd                      s0,48(sp)
0x000202e2:  f426              sd                      s1,40(sp)
0x000202e4:  f04a              sd                      s2,32(sp)
0x000202e6:  e852              sd                      s4,16(sp)
0x000202e8:  fc06              sd                      ra,56(sp)
0x000202ea:  ec4e              sd                      s3,24(sp)
0x000202ec:  e456              sd                      s5,8(sp)
0x000202ee:  0080              addi                    s0,sp,64
0x000202f0:  6118              ld                      a4,0(a0)
0x000202f2:  6785              lui                     a5,1
0x000202f4:  a0078793          addi                    a5,a5,-1536
0x000202f8:  8f7d              and                     a4,a4,a5
0x000202fa:  84aa              mv                      s1,a0
0x000202fc:  8a32              mv                      s4,a2
0x000202fe:  7508              ld                      a0,40(a0)
0x00020300:  892e              mv                      s2,a1
0x00020302:  02f70963          beq                     a4,a5,50                # 0x20334

----------------
IN: _IO_new_file_xsputn
0x00020306:  7898              ld                      a4,48(s1)
0x00020308:  06e57063          bleu                    a4,a0,96                # 0x20368

----------------
IN: _IO_new_file_xsputn
0x00020368:  89d2              mv                      s3,s4
0x0002036a:  0d84ba83          ld                      s5,216(s1)
0x0002036e:  6785              lui                     a5,1
0x00020370:  00062717          auipc                   a4,98                   # 0x82370
0x00020374:  9d870713          addi                    a4,a4,-1576
0x00020378:  40ea8733          sub                     a4,s5,a4
0x0002037c:  92f78793          addi                    a5,a5,-1745
0x00020380:  08e7e263          bgtu                    a4,a5,132               # 0x20404

----------------
IN: _IO_new_file_xsputn
0x00020384:  018ab783          ld                      a5,24(s5)
0x00020388:  55fd              addi                    a1,zero,-1
0x0002038a:  8526              mv                      a0,s1
0x0002038c:  9782              jalr                    ra,a5,0

----------------
IN: _IO_file_overflow
0x0001fa90:  7179              addi                    sp,sp,-48
0x0001fa92:  f022              sd                      s0,32(sp)
0x0001fa94:  ec26              sd                      s1,24(sp)
0x0001fa96:  f406              sd                      ra,40(sp)
0x0001fa98:  1800              addi                    s0,sp,48
0x0001fa9a:  411c              lw                      a5,0(a0)
0x0001fa9c:  84aa              mv                      s1,a0
0x0001fa9e:  0087f713          andi                    a4,a5,8
0x0001faa2:  12071a63          bnez                    a4,308                  # 0x1fbd6

----------------
IN: _IO_file_overflow
0x0001faa6:  e84a              sd                      s2,16(sp)
0x0001faa8:  e44e              sd                      s3,8(sp)
0x0001faaa:  03479693          slli                    a3,a5,52
0x0001faae:  7118              ld                      a4,32(a0)
0x0001fab0:  892e              mv                      s2,a1
0x0001fab2:  0406d263          bgez                    a3,68                   # 0x1faf6

----------------
IN: _IO_file_overflow
0x0001faf6:  c35d              beqz                    a4,166                  # 0x1fb9c

----------------
IN: _IO_file_overflow
0x0001fb9c:  8526              mv                      a0,s1
0x0001fb9e:  680010ef          jal                     ra,5760                 # 0x2121e

----------------
IN: _IO_doallocbuf
0x0002121e:  7d1c              ld                      a5,56(a0)
0x00021220:  c391              beqz                    a5,4                    # 0x21224

----------------
IN: _IO_doallocbuf
0x00021224:  7179              addi                    sp,sp,-48
0x00021226:  f022              sd                      s0,32(sp)
0x00021228:  ec26              sd                      s1,24(sp)
0x0002122a:  f406              sd                      ra,40(sp)
0x0002122c:  e84a              sd                      s2,16(sp)
0x0002122e:  e44e              sd                      s3,8(sp)
0x00021230:  1800              addi                    s0,sp,48
0x00021232:  411c              lw                      a5,0(a0)
0x00021234:  84aa              mv                      s1,a0
0x00021236:  0027f713          andi                    a4,a5,2
0x0002123a:  c709              beqz                    a4,10                   # 0x21244

----------------
IN: _IO_doallocbuf
0x00021244:  0d84b903          ld                      s2,216(s1)
0x00021248:  6785              lui                     a5,1
0x0002124a:  00061717          auipc                   a4,97                   # 0x8224a
0x0002124e:  afe70713          addi                    a4,a4,-1282
0x00021252:  40e90733          sub                     a4,s2,a4
0x00021256:  92f78793          addi                    a5,a5,-1745
0x0002125a:  04e7ea63          bgtu                    a4,a5,84                # 0x212ae

----------------
IN: _IO_doallocbuf
0x0002125e:  06893783          ld                      a5,104(s2)
0x00021262:  8526              mv                      a0,s1
0x00021264:  9782              jalr                    ra,a5,0

----------------
IN: _IO_file_doallocate
0x0003d67c:  7131              addi                    sp,sp,-192
0x0003d67e:  f922              sd                      s0,176(sp)
0x0003d680:  f526              sd                      s1,168(sp)
0x0003d682:  ed4e              sd                      s3,152(sp)
0x0003d684:  0180              addi                    s0,sp,192
0x0003d686:  fd06              sd                      ra,184(sp)
0x0003d688:  f14a              sd                      s2,160(sp)
0x0003d68a:  593c              lw                      a5,112(a0)
0x0003d68c:  00045997          auipc                   s3,69                   # 0x8268c
0x0003d690:  5849b983          ld                      s3,1412(s3)
0x0003d694:  0009b703          ld                      a4,0(s3)
0x0003d698:  fce43423          sd                      a4,-56(s0)
0x0003d69c:  4701              mv                      a4,zero
0x0003d69e:  84aa              mv                      s1,a0
0x0003d6a0:  0807c063          bltz                    a5,128                  # 0x3d720

----------------
IN: _IO_file_doallocate
0x0003d6a4:  0d853903          ld                      s2,216(a0)
0x0003d6a8:  6785              lui                     a5,1
0x0003d6aa:  00044717          auipc                   a4,68                   # 0x816aa
0x0003d6ae:  69e70713          addi                    a4,a4,1694
0x0003d6b2:  40e90733          sub                     a4,s2,a4
0x0003d6b6:  92f78793          addi                    a5,a5,-1745
0x0003d6ba:  0ce7e863          bgtu                    a4,a5,208               # 0x3d78a

----------------
IN: _IO_file_doallocate
0x0003d6be:  09093783          ld                      a5,144(s2)
0x0003d6c2:  f4840593          addi                    a1,s0,-184
0x0003d6c6:  8526              mv                      a0,s1
0x0003d6c8:  9782              jalr                    ra,a5,0

----------------
IN: _IO_file_stat
0x0002020e:  1141              addi                    sp,sp,-16
0x00020210:  e422              sd                      s0,8(sp)
0x00020212:  0800              addi                    s0,sp,16
0x00020214:  6422              ld                      s0,8(sp)
0x00020216:  5928              lw                      a0,112(a0)
0x00020218:  0141              addi                    sp,sp,16
0x0002021a:  9f2f706f          j                       -36366                  # 0x1740c

----------------
IN: __fstat64
0x0001740c:  1141              addi                    sp,sp,-16
0x0001740e:  e422              sd                      s0,8(sp)
0x00017410:  0800              addi                    s0,sp,16
0x00017412:  05000893          addi                    a7,zero,80
0x00017416:  00000073          ecall                   

----------------
IN: __fstat64
0x0001741a:  77fd              lui                     a5,-1
0x0001741c:  00a7e663          bgtu                    a0,a5,12                # 0x17428

----------------
IN: __fstat64
0x00017420:  6422              ld                      s0,8(sp)
0x00017422:  2501              sext.w                  a0,a0
0x00017424:  0141              addi                    sp,sp,16
0x00017426:  8082              ret                     

----------------
IN: _IO_file_doallocate
0x0003d6ca:  04054b63          bltz                    a0,86                   # 0x3d720

----------------
IN: _IO_file_doallocate
0x0003d6ce:  f5842783          lw                      a5,-168(s0)
0x0003d6d2:  66bd              lui                     a3,15
0x0003d6d4:  6709              lui                     a4,2
0x0003d6d6:  8ff5              and                     a5,a5,a3
0x0003d6d8:  04e78c63          beq                     a5,a4,88                # 0x3d730

----------------
IN: _IO_file_doallocate
0x0003d730:  f6843783          ld                      a5,-152(s0)
0x0003d734:  767d              lui                     a2,-1
0x0003d736:  469d              addi                    a3,zero,7
0x0003d738:  02c79713          slli                    a4,a5,44
0x0003d73c:  9381              srli                    a5,a5,32
0x0003d73e:  9351              srli                    a4,a4,52
0x0003d740:  8ff1              and                     a5,a5,a2
0x0003d742:  8fd9              or                      a5,a5,a4
0x0003d744:  f787879b          addiw                   a5,a5,-136
0x0003d748:  00f6ef63          bgtu                    a5,a3,30                # 0x3d766

----------------
IN: _IO_file_doallocate
0x0003d74c:  409c              lw                      a5,0(s1)
0x0003d74e:  f8042903          lw                      s2,-128(s0)
0x0003d752:  2007e793          ori                     a5,a5,512
0x0003d756:  c09c              sw                      a5,0(s1)
0x0003d758:  6789              lui                     a5,2
0x0003d75a:  17f9              addi                    a5,a5,-2
0x0003d75c:  fff9071b          addiw                   a4,s2,-1
0x0003d760:  fce7e0e3          bgtu                    a4,a5,-64               # 0x3d720

----------------
IN: _IO_file_doallocate
0x0003d764:  b761              j                       -120                    # 0x3d6ec

----------------
IN: _IO_file_doallocate
0x0003d6ec:  854a              mv                      a0,s2
0x0003d6ee:  da5d70ef          jal                     ra,-164444              # 0x15492

----------------
IN: _IO_file_doallocate
0x0003d6f2:  85aa              mv                      a1,a0
0x0003d6f4:  cd05              beqz                    a0,56                   # 0x3d72c

----------------
IN: _IO_file_doallocate
0x0003d6f6:  01250633          add                     a2,a0,s2
0x0003d6fa:  4685              addi                    a3,zero,1
0x0003d6fc:  8526              mv                      a0,s1
0x0003d6fe:  acfe30ef          jal                     ra,-116018              # 0x211cc

----------------
IN: _IO_setb
0x000211cc:  7179              addi                    sp,sp,-48
0x000211ce:  f022              sd                      s0,32(sp)
0x000211d0:  ec26              sd                      s1,24(sp)
0x000211d2:  e84a              sd                      s2,16(sp)
0x000211d4:  e44e              sd                      s3,8(sp)
0x000211d6:  e052              sd                      s4,0(sp)
0x000211d8:  f406              sd                      ra,40(sp)
0x000211da:  1800              addi                    s0,sp,48
0x000211dc:  84aa              mv                      s1,a0
0x000211de:  7d08              ld                      a0,56(a0)
0x000211e0:  409c              lw                      a5,0(s1)
0x000211e2:  8a2e              mv                      s4,a1
0x000211e4:  89b2              mv                      s3,a2
0x000211e6:  8936              mv                      s2,a3
0x000211e8:  c501              beqz                    a0,8                    # 0x211f0

----------------
IN: _IO_setb
0x000211f0:  0344bc23          sd                      s4,56(s1)
0x000211f4:  0534b023          sd                      s3,64(s1)
0x000211f8:  0017e713          ori                     a4,a5,1
0x000211fc:  00090463          beqz                    s2,8                    # 0x21204

----------------
IN: _IO_setb
0x00021200:  ffe7f713          andi                    a4,a5,-2
0x00021204:  70a2              ld                      ra,40(sp)
0x00021206:  7402              ld                      s0,32(sp)
0x00021208:  c098              sw                      a4,0(s1)
0x0002120a:  6942              ld                      s2,16(sp)
0x0002120c:  64e2              ld                      s1,24(sp)
0x0002120e:  69a2              ld                      s3,8(sp)
0x00021210:  6a02              ld                      s4,0(sp)
0x00021212:  6145              addi                    sp,sp,48
0x00021214:  8082              ret                     

----------------
IN: _IO_file_doallocate
0x0003d702:  4505              addi                    a0,zero,1
0x0003d704:  fc843703          ld                      a4,-56(s0)
0x0003d708:  0009b783          ld                      a5,0(s3)
0x0003d70c:  8fb9              xor                     a5,a5,a4
0x0003d70e:  4701              mv                      a4,zero
0x0003d710:  e3c1              bnez                    a5,128                  # 0x3d790

----------------
IN: _IO_file_doallocate
0x0003d712:  70ea              ld                      ra,184(sp)
0x0003d714:  744a              ld                      s0,176(sp)
0x0003d716:  74aa              ld                      s1,168(sp)
0x0003d718:  790a              ld                      s2,160(sp)
0x0003d71a:  69ea              ld                      s3,152(sp)
0x0003d71c:  6129              addi                    sp,sp,192
0x0003d71e:  8082              ret                     

----------------
IN: _IO_doallocbuf
0x00021266:  57fd              addi                    a5,zero,-1
0x00021268:  02f51363          bne                     a0,a5,38                # 0x2128e

----------------
IN: _IO_doallocbuf
0x0002128e:  70a2              ld                      ra,40(sp)
0x00021290:  7402              ld                      s0,32(sp)
0x00021292:  64e2              ld                      s1,24(sp)
0x00021294:  6942              ld                      s2,16(sp)
0x00021296:  69a2              ld                      s3,8(sp)
0x00021298:  6145              addi                    sp,sp,48
0x0002129a:  8082              ret                     

----------------
IN: _IO_file_overflow
0x0001fba2:  7c90              ld                      a2,56(s1)
0x0001fba4:  409c              lw                      a5,0(s1)
0x0001fba6:  ec90              sd                      a2,24(s1)
0x0001fba8:  e490              sd                      a2,8(s1)
0x0001fbaa:  e890              sd                      a2,16(s1)
0x0001fbac:  b7b9              j                       -178                    # 0x1fafa

----------------
IN: _IO_file_overflow
0x0001fafa:  1007f713          andi                    a4,a5,256
0x0001fafe:  eb45              bnez                    a4,176                  # 0x1fbae

----------------
IN: _IO_file_overflow
0x0001fb00:  60ac              ld                      a1,64(s1)
0x0001fb02:  08c58063          beq                     a1,a2,128               # 0x1fb82

----------------
IN: _IO_file_overflow
0x0001fb06:  6894              ld                      a3,16(s1)
0x0001fb08:  6705              lui                     a4,1
0x0001fb0a:  80070713          addi                    a4,a4,-2048
0x0001fb0e:  0c04a503          lw                      a0,192(s1)
0x0001fb12:  8f5d              or                      a4,a4,a5
0x0001fb14:  f490              sd                      a2,40(s1)
0x0001fb16:  f090              sd                      a2,32(s1)
0x0001fb18:  f88c              sd                      a1,48(s1)
0x0001fb1a:  e494              sd                      a3,8(s1)
0x0001fb1c:  ec94              sd                      a3,24(s1)
0x0001fb1e:  c098              sw                      a4,0(s1)
0x0001fb20:  f8a04de3          bgtz                    a0,-102                 # 0x1faba

----------------
IN: _IO_file_overflow
0x0001fb24:  2027f793          andi                    a5,a5,514
0x0001fb28:  dbc9              beqz                    a5,-110                 # 0x1faba

----------------
IN: _IO_file_overflow
0x0001fb2a:  f890              sd                      a2,48(s1)
0x0001fb2c:  59fd              addi                    s3,zero,-1
0x0001fb2e:  f93919e3          bne                     s2,s3,-110              # 0x1fac0

----------------
IN: _IO_file_overflow
0x0001fb32:  708c              ld                      a1,32(s1)
0x0001fb34:  7402              ld                      s0,32(sp)
0x0001fb36:  6942              ld                      s2,16(sp)
0x0001fb38:  69a2              ld                      s3,8(sp)
0x0001fb3a:  70a2              ld                      ra,40(sp)
0x0001fb3c:  8526              mv                      a0,s1
0x0001fb3e:  64e2              ld                      s1,24(sp)
0x0001fb40:  8e0d              sub                     a2,a2,a1
0x0001fb42:  6145              addi                    sp,sp,48
0x0001fb44:  e64ff06f          j                       -2460                   # 0x1f1a8

----------------
IN: _IO_do_write
0x0001f1a8:  e219              bnez                    a2,6                    # 0x1f1ae

----------------
IN: _IO_do_write
0x0001f1aa:  4501              mv                      a0,zero
0x0001f1ac:  8082              ret                     

----------------
IN: _IO_new_file_xsputn
0x0002038e:  57fd              addi                    a5,zero,-1
0x00020390:  06f50463          beq                     a0,a5,104               # 0x203f8

----------------
IN: _IO_new_file_xsputn
0x00020394:  60bc              ld                      a5,64(s1)
0x00020396:  7c94              ld                      a3,56(s1)
0x00020398:  07f00713          addi                    a4,zero,127
0x0002039c:  8f95              sub                     a5,a5,a3
0x0002039e:  02f77c63          bleu                    a5,a4,56                # 0x203d6

----------------
IN: _IO_new_file_xsputn
0x000203a2:  02f9f7b3          remu                    a5,s3,a5
0x000203a6:  40f98ab3          sub                     s5,s3,a5
0x000203aa:  02f99d63          bne                     s3,a5,58                # 0x203e4

----------------
IN: _IO_new_file_xsputn
0x000203ae:  02098663          beqz                    s3,44                   # 0x203da

----------------
IN: _IO_new_file_xsputn
0x000203b2:  864e              mv                      a2,s3
0x000203b4:  015905b3          add                     a1,s2,s5
0x000203b8:  8526              mv                      a0,s1
0x000203ba:  75d000ef          jal                     ra,3932                 # 0x21316

----------------
IN: _IO_default_xsputn
0x00021316:  ce71              beqz                    a2,220                  # 0x213f2

----------------
IN: _IO_default_xsputn
0x00021318:  711d              addi                    sp,sp,-96
0x0002131a:  e8a2              sd                      s0,80(sp)
0x0002131c:  e4a6              sd                      s1,72(sp)
0x0002131e:  fc4e              sd                      s3,56(sp)
0x00021320:  f852              sd                      s4,48(sp)
0x00021322:  f456              sd                      s5,40(sp)
0x00021324:  f05a              sd                      s6,32(sp)
0x00021326:  ec5e              sd                      s7,24(sp)
0x00021328:  e862              sd                      s8,16(sp)
0x0002132a:  e466              sd                      s9,8(sp)
0x0002132c:  ec86              sd                      ra,88(sp)
0x0002132e:  e0ca              sd                      s2,64(sp)
0x00021330:  1080              addi                    s0,sp,96
0x00021332:  6b05              lui                     s6,1
0x00021334:  8ab2              mv                      s5,a2
0x00021336:  8a2a              mv                      s4,a0
0x00021338:  84ae              mv                      s1,a1
0x0002133a:  89b2              mv                      s3,a2
0x0002133c:  4cd1              addi                    s9,zero,20
0x0002133e:  00061c17          auipc                   s8,97                   # 0x8233e
0x00021342:  a0ac0c13          addi                    s8,s8,-1526
0x00021346:  92fb0b13          addi                    s6,s6,-1745
0x0002134a:  5bfd              addi                    s7,zero,-1
0x0002134c:  028a3503          ld                      a0,40(s4)
0x00021350:  030a3903          ld                      s2,48(s4)
0x00021354:  01257d63          bleu                    s2,a0,26                # 0x2136e

----------------
IN: _IO_default_xsputn
0x0002136e:  06098163          beqz                    s3,98                   # 0x213d0

----------------
IN: _IO_default_xsputn
0x00021372:  0d8a3903          ld                      s2,216(s4)
0x00021376:  418907b3          sub                     a5,s2,s8
0x0002137a:  06fb6963          bgtu                    a5,s6,114               # 0x213ec

----------------
IN: _IO_default_xsputn
0x0002137e:  0004c583          lbu                     a1,0(s1)
0x00021382:  01893783          ld                      a5,24(s2)
0x00021386:  8552              mv                      a0,s4
0x00021388:  0485              addi                    s1,s1,1
0x0002138a:  9782              jalr                    ra,a5,0

----------------
IN: _IO_file_overflow
0x0001fab6:  c37d              beqz                    a4,230                  # 0x1fb9c

----------------
IN: _IO_file_overflow
0x0001fab8:  7510              ld                      a2,40(a0)
0x0001faba:  59fd              addi                    s3,zero,-1
0x0001fabc:  07390b63          beq                     s2,s3,118               # 0x1fb32

----------------
IN: _IO_file_overflow
0x0001fac0:  60bc              ld                      a5,64(s1)
0x0001fac2:  0ac78063          beq                     a5,a2,160               # 0x1fb62

----------------
IN: _IO_file_overflow
0x0001fac6:  00160793          addi                    a5,a2,1
0x0001faca:  f49c              sd                      a5,40(s1)
0x0001facc:  01260023          sb                      s2,0(a2)
0x0001fad0:  409c              lw                      a5,0(s1)
0x0001fad2:  0027f713          andi                    a4,a5,2
0x0001fad6:  eb2d              bnez                    a4,114                  # 0x1fb48

----------------
IN: _IO_file_overflow
0x0001fad8:  2007f793          andi                    a5,a5,512
0x0001fadc:  c781              beqz                    a5,8                    # 0x1fae4

----------------
IN: _IO_file_overflow
0x0001fade:  47a9              addi                    a5,zero,10
0x0001fae0:  06f90463          beq                     s2,a5,104               # 0x1fb48

----------------
IN: _IO_file_overflow
0x0001fae4:  0ff97513          andi                    a0,s2,255
0x0001fae8:  69a2              ld                      s3,8(sp)
0x0001faea:  6942              ld                      s2,16(sp)
0x0001faec:  70a2              ld                      ra,40(sp)
0x0001faee:  7402              ld                      s0,32(sp)
0x0001faf0:  64e2              ld                      s1,24(sp)
0x0001faf2:  6145              addi                    sp,sp,48
0x0001faf4:  8082              ret                     

----------------
IN: _IO_default_xsputn
0x0002138c:  05750063          beq                     a0,s7,64                # 0x213cc

----------------
IN: _IO_default_xsputn
0x00021390:  19fd              addi                    s3,s3,-1
0x00021392:  bf6d              j                       -70                     # 0x2134c

----------------
IN: _IO_default_xsputn
0x0002134c:  028a3503          ld                      a0,40(s4)
0x00021350:  030a3903          ld                      s2,48(s4)
0x00021354:  01257d63          bleu                    s2,a0,26                # 0x2136e

----------------
IN: _IO_file_overflow
0x0001fb48:  708c              ld                      a1,32(s1)
0x0001fb4a:  7490              ld                      a2,40(s1)
0x0001fb4c:  8526              mv                      a0,s1
0x0001fb4e:  8e0d              sub                     a2,a2,a1
0x0001fb50:  e58ff0ef          jal                     ra,-2472                # 0x1f1a8

----------------
IN: _IO_do_write
0x0001f1ae:  1101              addi                    sp,sp,-32
0x0001f1b0:  e822              sd                      s0,16(sp)
0x0001f1b2:  e426              sd                      s1,8(sp)
0x0001f1b4:  ec06              sd                      ra,24(sp)
0x0001f1b6:  1000              addi                    s0,sp,32
0x0001f1b8:  84b2              mv                      s1,a2
0x0001f1ba:  9e9ff0ef          jal                     ra,-1560                # 0x1eba2

----------------
IN: new_do_write
0x0001eba2:  7139              addi                    sp,sp,-64
0x0001eba4:  f822              sd                      s0,48(sp)
0x0001eba6:  f426              sd                      s1,40(sp)
0x0001eba8:  f04a              sd                      s2,32(sp)
0x0001ebaa:  ec4e              sd                      s3,24(sp)
0x0001ebac:  e852              sd                      s4,16(sp)
0x0001ebae:  e456              sd                      s5,8(sp)
0x0001ebb0:  fc06              sd                      ra,56(sp)
0x0001ebb2:  0080              addi                    s0,sp,64
0x0001ebb4:  411c              lw                      a5,0(a0)
0x0001ebb6:  0d853903          ld                      s2,216(a0)
0x0001ebba:  84aa              mv                      s1,a0
0x0001ebbc:  03379713          slli                    a4,a5,51
0x0001ebc0:  8a2e              mv                      s4,a1
0x0001ebc2:  8ab2              mv                      s5,a2
0x0001ebc4:  00063997          auipc                   s3,99                   # 0x81bc4
0x0001ebc8:  18498993          addi                    s3,s3,388
0x0001ebcc:  06075263          bgez                    a4,100                  # 0x1ec30

----------------
IN: new_do_write
0x0001ec30:  6914              ld                      a3,16(a0)
0x0001ec32:  710c              ld                      a1,32(a0)
0x0001ec34:  fab680e3          beq                     a3,a1,-96               # 0x1ebd4

----------------
IN: new_do_write
0x0001ebd4:  6785              lui                     a5,1
0x0001ebd6:  413909b3          sub                     s3,s2,s3
0x0001ebda:  92f78793          addi                    a5,a5,-1745
0x0001ebde:  0b37e763          bgtu                    s3,a5,174               # 0x1ec8c

----------------
IN: new_do_write
0x0001ebe2:  07893783          ld                      a5,120(s2)
0x0001ebe6:  8656              mv                      a2,s5
0x0001ebe8:  85d2              mv                      a1,s4
0x0001ebea:  8526              mv                      a0,s1
0x0001ebec:  9782              jalr                    ra,a5,0

----------------
IN: _IO_file_write
0x0002025a:  7179              addi                    sp,sp,-48
0x0002025c:  f022              sd                      s0,32(sp)
0x0002025e:  e44e              sd                      s3,8(sp)
0x00020260:  f406              sd                      ra,40(sp)
0x00020262:  1800              addi                    s0,sp,48
0x00020264:  89aa              mv                      s3,a0
0x00020266:  06c05963          blez                    a2,114                  # 0x202d8

----------------
IN: _IO_file_write
0x0002026a:  ec26              sd                      s1,24(sp)
0x0002026c:  e84a              sd                      s2,16(sp)
0x0002026e:  e052              sd                      s4,0(sp)
0x00020270:  892e              mv                      s2,a1
0x00020272:  8a32              mv                      s4,a2
0x00020274:  84b2              mv                      s1,a2
0x00020276:  0749a783          lw                      a5,116(s3)
0x0002027a:  0709a503          lw                      a0,112(s3)
0x0002027e:  8626              mv                      a2,s1
0x00020280:  8b89              andi                    a5,a5,2
0x00020282:  85ca              mv                      a1,s2
0x00020284:  eb95              bnez                    a5,52                   # 0x202b8

----------------
IN: _IO_file_write
0x00020286:  5d9050ef          jal                     ra,24024                # 0x2605e

----------------
IN: __write
0x0002605e:  7179              addi                    sp,sp,-48
0x00026060:  f022              sd                      s0,32(sp)
0x00026062:  f406              sd                      ra,40(sp)
0x00026064:  ec26              sd                      s1,24(sp)
0x00026066:  1800              addi                    s0,sp,48
0x00026068:  8a022783          lw                      a5,-1888(tp)
0x0002606c:  ef99              bnez                    a5,30                   # 0x2608a

----------------
IN: __write
0x0002606e:  04000893          addi                    a7,zero,64
0x00026072:  00000073          ecall                   

----------------
IN: __write
0x00026076:  77fd              lui                     a5,-1
0x00026078:  84aa              mv                      s1,a0
0x0002607a:  04a7e663          bgtu                    a0,a5,76                # 0x260c6

----------------
IN: __write
0x0002607e:  70a2              ld                      ra,40(sp)
0x00026080:  7402              ld                      s0,32(sp)
0x00026082:  8526              mv                      a0,s1
0x00026084:  64e2              ld                      s1,24(sp)
0x00026086:  6145              addi                    sp,sp,48
0x00026088:  8082              ret                     

----------------
IN: _IO_file_write
0x0002028a:  02054b63          bltz                    a0,54                   # 0x202c0

----------------
IN: _IO_file_write
0x0002028e:  8c89              sub                     s1,s1,a0
0x00020290:  992a              add                     s2,s2,a0
0x00020292:  fe9042e3          bgtz                    s1,-28                  # 0x20276

----------------
IN: _IO_file_write
0x00020296:  409a0533          sub                     a0,s4,s1
0x0002029a:  6942              ld                      s2,16(sp)
0x0002029c:  64e2              ld                      s1,24(sp)
0x0002029e:  6a02              ld                      s4,0(sp)
0x000202a0:  0909b783          ld                      a5,144(s3)
0x000202a4:  0007c563          bltz                    a5,10                   # 0x202ae

----------------
IN: _IO_file_write
0x000202ae:  70a2              ld                      ra,40(sp)
0x000202b0:  7402              ld                      s0,32(sp)
0x000202b2:  69a2              ld                      s3,8(sp)
0x000202b4:  6145              addi                    sp,sp,48
0x000202b6:  8082              ret                     

----------------
IN: new_do_write
0x0001ebee:  0804d783          lhu                     a5,128(s1)
0x0001ebf2:  892a              mv                      s2,a0
0x0001ebf4:  c391              beqz                    a5,4                    # 0x1ebf8

----------------
IN: new_do_write
0x0001ebf8:  7c9c              ld                      a5,56(s1)
0x0001ebfa:  0c04a703          lw                      a4,192(s1)
0x0001ebfe:  ec9c              sd                      a5,24(s1)
0x0001ec00:  e49c              sd                      a5,8(s1)
0x0001ec02:  e89c              sd                      a5,16(s1)
0x0001ec04:  f49c              sd                      a5,40(s1)
0x0001ec06:  f09c              sd                      a5,32(s1)
0x0001ec08:  00e05e63          blez                    a4,28                   # 0x1ec24

----------------
IN: new_do_write
0x0001ec24:  4098              lw                      a4,0(s1)
0x0001ec26:  20277713          andi                    a4,a4,514
0x0001ec2a:  f375              bnez                    a4,-28                  # 0x1ec0e

----------------
IN: new_do_write
0x0001ec0e:  f89c              sd                      a5,48(s1)
0x0001ec10:  70e2              ld                      ra,56(sp)
0x0001ec12:  7442              ld                      s0,48(sp)
0x0001ec14:  74a2              ld                      s1,40(sp)
0x0001ec16:  69e2              ld                      s3,24(sp)
0x0001ec18:  6a42              ld                      s4,16(sp)
0x0001ec1a:  6aa2              ld                      s5,8(sp)
0x0001ec1c:  854a              mv                      a0,s2
0x0001ec1e:  7902              ld                      s2,32(sp)
0x0001ec20:  6121              addi                    sp,sp,64
0x0001ec22:  8082              ret                     

----------------
IN: _IO_do_write
0x0001f1be:  60e2              ld                      ra,24(sp)
0x0001f1c0:  6442              ld                      s0,16(sp)
0x0001f1c2:  40a48533          sub                     a0,s1,a0
0x0001f1c6:  00a03533          snez                    a0,a0
0x0001f1ca:  64a2              ld                      s1,8(sp)
0x0001f1cc:  40a00533          neg                     a0,a0
0x0001f1d0:  6105              addi                    sp,sp,32
0x0001f1d2:  8082              ret                     

----------------
IN: _IO_file_overflow
0x0001fb54:  57fd              addi                    a5,zero,-1
0x0001fb56:  f8f517e3          bne                     a0,a5,-114              # 0x1fae4

----------------
IN: _IO_default_xsputn
0x000213d0:  60e6              ld                      ra,88(sp)
0x000213d2:  6446              ld                      s0,80(sp)
0x000213d4:  64a6              ld                      s1,72(sp)
0x000213d6:  6906              ld                      s2,64(sp)
0x000213d8:  79e2              ld                      s3,56(sp)
0x000213da:  7a42              ld                      s4,48(sp)
0x000213dc:  7b02              ld                      s6,32(sp)
0x000213de:  6be2              ld                      s7,24(sp)
0x000213e0:  6c42              ld                      s8,16(sp)
0x000213e2:  6ca2              ld                      s9,8(sp)
0x000213e4:  8556              mv                      a0,s5
0x000213e6:  7aa2              ld                      s5,40(sp)
0x000213e8:  6125              addi                    sp,sp,96
0x000213ea:  8082              ret                     

----------------
IN: _IO_new_file_xsputn
0x000203be:  41350533          sub                     a0,a0,s3
0x000203c2:  9552              add                     a0,a0,s4
0x000203c4:  70e2              ld                      ra,56(sp)
0x000203c6:  7442              ld                      s0,48(sp)
0x000203c8:  74a2              ld                      s1,40(sp)
0x000203ca:  7902              ld                      s2,32(sp)
0x000203cc:  69e2              ld                      s3,24(sp)
0x000203ce:  6a42              ld                      s4,16(sp)
0x000203d0:  6aa2              ld                      s5,8(sp)
0x000203d2:  6121              addi                    sp,sp,64
0x000203d4:  8082              ret                     

----------------
IN: __printf_buffer_flush_to_file
0x0003a6f4:  03250263          beq                     a0,s2,36                # 0x3a718

----------------
IN: __printf_buffer_flush_to_file
0x0003a718:  749c              ld                      a5,40(s1)
0x0003a71a:  7798              ld                      a4,40(a5)
0x0003a71c:  7b9c              ld                      a5,48(a5)
0x0003a71e:  00f77463          bleu                    a5,a4,8                 # 0x3a726

----------------
IN: __printf_buffer_flush_to_file
0x0003a726:  70e2              ld                      ra,56(sp)
0x0003a728:  7442              ld                      s0,48(sp)
0x0003a72a:  0134b823          sd                      s3,16(s1)
0x0003a72e:  0144b423          sd                      s4,8(s1)
0x0003a732:  0144b023          sd                      s4,0(s1)
0x0003a736:  7902              ld                      s2,32(sp)
0x0003a738:  6a42              ld                      s4,16(sp)
0x0003a73a:  6aa2              ld                      s5,8(sp)
0x0003a73c:  74a2              ld                      s1,40(sp)
0x0003a73e:  69e2              ld                      s3,24(sp)
0x0003a740:  6121              addi                    sp,sp,64
0x0003a742:  8082              ret                     

----------------
IN: __printf_buffer_to_file_done
0x0003a7b2:  6442              ld                      s0,16(sp)
0x0003a7b4:  60e2              ld                      ra,24(sp)
0x0003a7b6:  8526              mv                      a0,s1
0x0003a7b8:  64a2              ld                      s1,8(sp)
0x0003a7ba:  6105              addi                    sp,sp,32
0x0003a7bc:  ca3ff06f          j                       -862                    # 0x3a45e

----------------
IN: __printf_buffer_done
0x0003a45e:  1141              addi                    sp,sp,-16
0x0003a460:  e422              sd                      s0,8(sp)
0x0003a462:  0800              addi                    s0,sp,16
0x0003a464:  511c              lw                      a5,32(a0)
0x0003a466:  cf8d              beqz                    a5,58                   # 0x3a4a0

----------------
IN: __printf_buffer_done
0x0003a468:  6518              ld                      a4,8(a0)
0x0003a46a:  6110              ld                      a2,0(a0)
0x0003a46c:  6d1c              ld                      a5,24(a0)
0x0003a46e:  4681              mv                      a3,zero
0x0003a470:  8f11              sub                     a4,a4,a2
0x0003a472:  97ba              add                     a5,a5,a4
0x0003a474:  0207c863          bltz                    a5,48                   # 0x3a4a4

----------------
IN: __printf_buffer_done
0x0003a478:  02e7e663          bgtu                    a4,a5,44                # 0x3a4a4

----------------
IN: __printf_buffer_done
0x0003a47c:  0007851b          sext.w                  a0,a5
0x0003a480:  00a79663          bne                     a5,a0,12                # 0x3a48c

----------------
IN: __printf_buffer_done
0x0003a484:  e691              bnez                    a3,12                   # 0x3a490

----------------
IN: __printf_buffer_done
0x0003a486:  6422              ld                      s0,8(sp)
0x0003a488:  0141              addi                    sp,sp,16
0x0003a48a:  8082              ret                     

----------------
IN: __vfprintf_internal
0x0001e12a:  892a              mv                      s2,a0
0x0001e12c:  bf21              j                       -232                    # 0x1e044

----------------
IN: __vfprintf_internal
0x0001e044:  fa843703          ld                      a4,-88(s0)
0x0001e048:  000b3783          ld                      a5,0(s6)
0x0001e04c:  8fb9              xor                     a5,a5,a4
0x0001e04e:  4701              mv                      a4,zero
0x0001e050:  12079063          bnez                    a5,288                  # 0x1e170

----------------
IN: __vfprintf_internal
0x0001e054:  70b2              ld                      ra,296(sp)
0x0001e056:  7412              ld                      s0,288(sp)
0x0001e058:  64f2              ld                      s1,280(sp)
0x0001e05a:  6a12              ld                      s4,256(sp)
0x0001e05c:  7aee              ld                      s5,248(sp)
0x0001e05e:  7b4e              ld                      s6,240(sp)
0x0001e060:  854a              mv                      a0,s2
0x0001e062:  6952              ld                      s2,272(sp)
0x0001e064:  6155              addi                    sp,sp,304
0x0001e066:  8082              ret                     

----------------
IN: ___printf_chk
0x000183e2:  fd843703          ld                      a4,-40(s0)
0x000183e6:  609c              ld                      a5,0(s1)
0x000183e8:  8fb9              xor                     a5,a5,a4
0x000183ea:  4701              mv                      a4,zero
0x000183ec:  e791              bnez                    a5,12                   # 0x183f8

----------------
IN: ___printf_chk
0x000183ee:  70a2              ld                      ra,40(sp)
0x000183f0:  7402              ld                      s0,32(sp)
0x000183f2:  64e2              ld                      s1,24(sp)
0x000183f4:  6125              addi                    sp,sp,96
0x000183f6:  8082              ret                     

----------------
IN: main
0x00010550:  c00024f3          rdcycle                 s1

----------------
IN: main
0x00010554:  470d              addi                    a4,zero,3
0x00010556:  6685              lui                     a3,1
0x00010558:  865a              mv                      a2,s6
0x0001055a:  85d6              mv                      a1,s5
0x0001055c:  854e              mv                      a0,s3
0x0001055e:  2481              sext.w                  s1,s1
0x00010560:  204000ef          jal                     ra,516                  # 0x10764

----------------
IN: q15_axpy_rvv
0x00010764:  1101              addi                    sp,sp,-32
0x00010766:  00072e97          auipc                   t4,114                  # 0x82766
0x0001076a:  4aaebe83          ld                      t4,1194(t4)
0x0001076e:  ec06              sd                      ra,24(sp)
0x00010770:  000eb783          ld                      a5,0(t4)
0x00010774:  e43e              sd                      a5,8(sp)
0x00010776:  4781              mv                      a5,zero
0x00010778:  04d05463          blez                    a3,72                   # 0x107c0

----------------
IN: q15_axpy_rvv
0x0001077c:  4881              mv                      a7,zero
0x0001077e:  00189813          slli                    a6,a7,1
0x00010782:  411687bb          subw                    a5,a3,a7
0x00010786:  01050e33          add                     t3,a0,a6
0x0001078a:  0c87f7d7          vsetvli                 a5,a5,e16,m1,ta,ma

----------------
IN: q15_axpy_rvv
0x0001078e:  01058333          add                     t1,a1,a6
0x00010792:  020e5d07          vle16.v                 v26,(t3)
0x00010796:  02035e07          vle16.v                 v28,(t1)
0x0001079a:  c7a06c57          vwadd.vx                v24,v26,zero
0x0001079e:  9832              add                     a6,a6,a2
0x000107a0:  efc76d57          vwmul.vx                v26,v28,a4
0x000107a4:  0d107057          vsetvli                 zero,zero,e32,m2,ta,ma

----------------
IN: q15_axpy_rvv
0x000107a8:  011788bb          addw                    a7,a5,a7
0x000107ac:  038d0c57          vadd.vv                 v24,v24,v26
0x000107b0:  0c807057          vsetvli                 zero,zero,e16,m1,ta,ma

----------------
IN: q15_axpy_rvv
0x000107b4:  bf803c57          vnclip.wi               v24,v24,0
0x000107b8:  02085c27          vse16.v                 v24,(a6)
0x000107bc:  fcd8c1e3          bgt                     a3,a7,-62               # 0x1077e

----------------
IN: q15_axpy_rvv
0x0001077e:  00189813          slli                    a6,a7,1
0x00010782:  411687bb          subw                    a5,a3,a7
0x00010786:  01050e33          add                     t3,a0,a6
0x0001078a:  0c87f7d7          vsetvli                 a5,a5,e16,m1,ta,ma

----------------
IN: q15_axpy_rvv
0x000107c0:  6722              ld                      a4,8(sp)
0x000107c2:  000eb783          ld                      a5,0(t4)
0x000107c6:  8fb9              xor                     a5,a5,a4
0x000107c8:  4701              mv                      a4,zero
0x000107ca:  e781              bnez                    a5,8                    # 0x107d2

----------------
IN: q15_axpy_rvv
0x000107cc:  60e2              ld                      ra,24(sp)
0x000107ce:  6105              addi                    sp,sp,32
0x000107d0:  8082              ret                     

----------------
IN: main
0x00010564:  c0002973          rdcycle                 s2

----------------
IN: main
0x00010568:  6889              lui                     a7,2
0x0001056a:  2901              sext.w                  s2,s2
0x0001056c:  8752              mv                      a4,s4
0x0001056e:  85da              mv                      a1,s6
0x00010570:  98d2              add                     a7,a7,s4
0x00010572:  4405              addi                    s0,zero,1
0x00010574:  4681              mv                      a3,zero
0x00010576:  00071603          lh                      a2,0(a4)
0x0001057a:  00059803          lh                      a6,0(a1)
0x0001057e:  0709              addi                    a4,a4,2
0x00010580:  8536              mv                      a0,a3
0x00010582:  410607bb          subw                    a5,a2,a6
0x00010586:  0007d463          bgez                    a5,8                    # 0x1058e

----------------
IN: main
0x0001058e:  0017b613          seqz                    a2,a5
0x00010592:  40c00633          neg                     a2,a2
0x00010596:  00f6d363          ble                     a5,a3,6                 # 0x1059c

----------------
IN: main
0x0001059c:  0005069b          sext.w                  a3,a0
0x000105a0:  8c71              and                     s0,s0,a2
0x000105a2:  0589              addi                    a1,a1,2
0x000105a4:  fce899e3          bne                     a7,a4,-46               # 0x10576

----------------
IN: main
0x00010576:  00071603          lh                      a2,0(a4)
0x0001057a:  00059803          lh                      a6,0(a1)
0x0001057e:  0709              addi                    a4,a4,2
0x00010580:  8536              mv                      a0,a3
0x00010582:  410607bb          subw                    a5,a2,a6
0x00010586:  0007d463          bgez                    a5,8                    # 0x1058e

----------------
IN: main
0x000105a8:  00043617          auipc                   a2,67                   # 0x535a8
0x000105ac:  ec860613          addi                    a2,a2,-312
0x000105b0:  c409              beqz                    s0,10                   # 0x105ba

----------------
IN: main
0x000105b2:  00043617          auipc                   a2,67                   # 0x535b2
0x000105b6:  eb660613          addi                    a2,a2,-330
0x000105ba:  00043597          auipc                   a1,67                   # 0x535ba
0x000105be:  ece58593          addi                    a1,a1,-306
0x000105c2:  4509              addi                    a0,zero,2
0x000105c4:  5d7070ef          jal                     ra,32214                # 0x1839a

----------------
IN: ___printf_chk
0x0001839a:  711d              addi                    sp,sp,-96
0x0001839c:  f022              sd                      s0,32(sp)
0x0001839e:  ec26              sd                      s1,24(sp)
0x000183a0:  1800              addi                    s0,sp,48
0x000183a2:  f406              sd                      ra,40(sp)
0x000183a4:  832a              mv                      t1,a0
0x000183a6:  0006b517          auipc                   a0,107                  # 0x833a6
0x000183aa:  84a53503          ld                      a0,-1974(a0)
0x000183ae:  6108              ld                      a0,0(a0)
0x000183b0:  00602333          sgtz                    t1,t1
0x000183b4:  e010              sd                      a2,0(s0)
0x000183b6:  e414              sd                      a3,8(s0)
0x000183b8:  e818              sd                      a4,16(s0)
0x000183ba:  0006b497          auipc                   s1,107                  # 0x833ba
0x000183be:  8564b483          ld                      s1,-1962(s1)
0x000183c2:  ec1c              sd                      a5,24(s0)
0x000183c4:  03043023          sd                      a6,32(s0)
0x000183c8:  03143423          sd                      a7,40(s0)
0x000183cc:  609c              ld                      a5,0(s1)
0x000183ce:  fcf43c23          sd                      a5,-40(s0)
0x000183d2:  4781              mv                      a5,zero
0x000183d4:  00131693          slli                    a3,t1,1
0x000183d8:  8622              mv                      a2,s0
0x000183da:  fc843823          sd                      s0,-48(s0)
0x000183de:  3d3050ef          jal                     ra,23506                # 0x1dfb0

----------------
IN: __vfprintf_internal
0x0001dfb0:  7169              addi                    sp,sp,-304
0x0001dfb2:  f222              sd                      s0,288(sp)
0x0001dfb4:  ee26              sd                      s1,280(sp)
0x0001dfb6:  ea4a              sd                      s2,272(sp)
0x0001dfb8:  e252              sd                      s4,256(sp)
0x0001dfba:  fdd6              sd                      s5,248(sp)
0x0001dfbc:  f9da              sd                      s6,240(sp)
0x0001dfbe:  1a00              addi                    s0,sp,304
0x0001dfc0:  f606              sd                      ra,296(sp)
0x0001dfc2:  0c052783          lw                      a5,192(a0)
0x0001dfc6:  00065b17          auipc                   s6,101                  # 0x82fc6
0x0001dfca:  c4ab3b03          ld                      s6,-950(s6)
0x0001dfce:  000b3703          ld                      a4,0(s6)
0x0001dfd2:  fae43423          sd                      a4,-88(s0)
0x0001dfd6:  4701              mv                      a4,zero
0x0001dfd8:  84aa              mv                      s1,a0
0x0001dfda:  892e              mv                      s2,a1
0x0001dfdc:  8a32              mv                      s4,a2
0x0001dfde:  8ab6              mv                      s5,a3
0x0001dfe0:  e7c1              bnez                    a5,136                  # 0x1e068

----------------
IN: __vfprintf_internal
0x0001e068:  577d              addi                    a4,zero,-1
0x0001e06a:  f6e78fe3          beq                     a5,a4,-130              # 0x1dfe8

----------------
IN: __vfprintf_internal
0x0001dfe8:  4098              lw                      a4,0(s1)
0x0001dfea:  00877793          andi                    a5,a4,8
0x0001dfee:  14079c63          bnez                    a5,344                  # 0x1e146

----------------
IN: __vfprintf_internal
0x0001dff2:  16090663          beqz                    s2,364                  # 0x1e15e

----------------
IN: __vfprintf_internal
0x0001dff6:  58fc              lw                      a5,116(s1)
0x0001dff8:  0807f793          andi                    a5,a5,128
0x0001dffc:  10078863          beqz                    a5,272                  # 0x1e10c

----------------
IN: __vfprintf_internal
0x0001e10c:  85a6              mv                      a1,s1
0x0001e10e:  ef840493          addi                    s1,s0,-264
0x0001e112:  8526              mv                      a0,s1
0x0001e114:  65e1c0ef          jal                     ra,116318               # 0x3a772

----------------
IN: __printf_buffer_to_file_init
0x0003a772:  1141              addi                    sp,sp,-16
0x0003a774:  e422              sd                      s0,8(sp)
0x0003a776:  0800              addi                    s0,sp,16
0x0003a778:  759c              ld                      a5,40(a1)
0x0003a77a:  7998              ld                      a4,48(a1)
0x0003a77c:  4691              addi                    a3,zero,4
0x0003a77e:  00053c23          sd                      zero,24(a0)
0x0003a782:  d114              sw                      a3,32(a0)
0x0003a784:  f50c              sd                      a1,40(a0)
0x0003a786:  00e7e663          bgtu                    a4,a5,12                # 0x3a792

----------------
IN: __printf_buffer_to_file_init
0x0003a78a:  03050793          addi                    a5,a0,48
0x0003a78e:  0b050713          addi                    a4,a0,176
0x0003a792:  6422              ld                      s0,8(sp)
0x0003a794:  e918              sd                      a4,16(a0)
0x0003a796:  e51c              sd                      a5,8(a0)
0x0003a798:  e11c              sd                      a5,0(a0)
0x0003a79a:  0141              addi                    sp,sp,16
0x0003a79c:  8082              ret                     

----------------
IN: __vfprintf_internal
0x0001e118:  85ca              mv                      a1,s2
0x0001e11a:  86d6              mv                      a3,s5
0x0001e11c:  8652              mv                      a2,s4
0x0001e11e:  8526              mv                      a0,s1
0x0001e120:  981fe0ef          jal                     ra,-5760                # 0x1caa0

----------------
IN: __printf_buffer
0x0001caa0:  a7010113          addi                    sp,sp,-1424
0x0001caa4:  00066797          auipc                   a5,102                  # 0x82aa4
0x0001caa8:  32c7b783          ld                      a5,812(a5)
0x0001caac:  58113423          sd                      ra,1416(sp)
0x0001cab0:  58813023          sd                      s0,1408(sp)
0x0001cab4:  56913c23          sd                      s1,1400(sp)
0x0001cab8:  59010413          addi                    s0,sp,1424
0x0001cabc:  57213823          sd                      s2,1392(sp)
0x0001cac0:  57313423          sd                      s3,1384(sp)
0x0001cac4:  57413023          sd                      s4,1376(sp)
0x0001cac8:  55613823          sd                      s6,1360(sp)
0x0001cacc:  acf43423          sd                      a5,-1336(s0)
0x0001cad0:  9792              add                     a5,a5,tp
0x0001cad2:  439c              lw                      a5,0(a5)
0x0001cad4:  89ae              mv                      s3,a1
0x0001cad6:  00066717          auipc                   a4,102                  # 0x82ad6
0x0001cada:  13a73703          ld                      a4,314(a4)
0x0001cade:  84aa              mv                      s1,a0
0x0001cae0:  acb43c23          sd                      a1,-1320(s0)
0x0001cae4:  aef43423          sd                      a5,-1304(s0)
0x0001cae8:  02500593          addi                    a1,zero,37
0x0001caec:  631c              ld                      a5,0(a4)
0x0001caee:  f8f43423          sd                      a5,-120(s0)
0x0001caf2:  4781              mv                      a5,zero
0x0001caf4:  854e              mv                      a0,s3
0x0001caf6:  8932              mv                      s2,a2
0x0001caf8:  8b36              mv                      s6,a3
0x0001cafa:  aed43023          sd                      a3,-1312(s0)
0x0001cafe:  b4c43823          sd                      a2,-1200(s0)
0x0001cb02:  a72fa0ef          jal                     ra,-23950               # 0x16d74

----------------
IN: strchrnul
0x00016d74:  010107b7          lui                     a5,4112
0x00016d78:  10178793          addi                    a5,a5,257
0x00016d7c:  07c2              slli                    a5,a5,16
0x00016d7e:  10178793          addi                    a5,a5,257
0x00016d82:  07c2              slli                    a5,a5,16
0x00016d84:  0ff5f893          andi                    a7,a1,255
0x00016d88:  10178793          addi                    a5,a5,257
0x00016d8c:  02f888b3          mul                     a7,a7,a5
0x00016d90:  1141              addi                    sp,sp,-16
0x00016d92:  0feff7b7          lui                     a5,65279
0x00016d96:  e422              sd                      s0,8(sp)
0x00016d98:  0792              slli                    a5,a5,4
0x00016d9a:  0800              addi                    s0,sp,16
0x00016d9c:  862a              mv                      a2,a0
0x00016d9e:  9961              andi                    a0,a0,-8
0x00016da0:  eff78793          addi                    a5,a5,-257
0x00016da4:  610c              ld                      a1,0(a0)
0x00016da6:  07c2              slli                    a5,a5,16
0x00016da8:  eff78793          addi                    a5,a5,-257
0x00016dac:  07be              slli                    a5,a5,15
0x00016dae:  f7f78793          addi                    a5,a5,-129
0x00016db2:  0115c833          xor                     a6,a1,a7
0x00016db6:  00f5f733          and                     a4,a1,a5
0x00016dba:  00f876b3          and                     a3,a6,a5
0x00016dbe:  973e              add                     a4,a4,a5
0x00016dc0:  96be              add                     a3,a3,a5
0x00016dc2:  8f4d              or                      a4,a4,a1
0x00016dc4:  0106e6b3          or                      a3,a3,a6
0x00016dc8:  8f75              and                     a4,a4,a3
0x00016dca:  8fd9              or                      a5,a5,a4
0x00016dcc:  00767713          andi                    a4,a2,7
0x00016dd0:  fff7c793          not                     a5,a5
0x00016dd4:  0037171b          slliw                   a4,a4,3
0x00016dd8:  00e7d7b3          srl                     a5,a5,a4
0x00016ddc:  e7cd              bnez                    a5,170                  # 0x16e86

----------------
IN: strchrnul
0x00016dde:  f0101837          lui                     a6,-65279
0x00016de2:  feff05b7          lui                     a1,-4112
0x00016de6:  0812              slli                    a6,a6,4
0x00016de8:  eff58593          addi                    a1,a1,-257
0x00016dec:  10180813          addi                    a6,a6,257
0x00016df0:  05c2              slli                    a1,a1,16
0x00016df2:  0842              slli                    a6,a6,16
0x00016df4:  eff58593          addi                    a1,a1,-257
0x00016df8:  10180813          addi                    a6,a6,257
0x00016dfc:  05c2              slli                    a1,a1,16
0x00016dfe:  083e              slli                    a6,a6,15
0x00016e00:  eff58593          addi                    a1,a1,-257
0x00016e04:  08080813          addi                    a6,a6,128
0x00016e08:  6518              ld                      a4,8(a0)
0x00016e0a:  832a              mv                      t1,a0
0x00016e0c:  0521              addi                    a0,a0,8
0x00016e0e:  011746b3          xor                     a3,a4,a7
0x00016e12:  00b707b3          add                     a5,a4,a1
0x00016e16:  00b68633          add                     a2,a3,a1
0x00016e1a:  fff74713          not                     a4,a4
0x00016e1e:  fff6c693          not                     a3,a3
0x00016e22:  8ff9              and                     a5,a5,a4
0x00016e24:  00d67733          and                     a4,a2,a3
0x00016e28:  8fd9              or                      a5,a5,a4
0x00016e2a:  0107f733          and                     a4,a5,a6
0x00016e2e:  df69              beqz                    a4,-38                  # 0x16e08

----------------
IN: strchrnul
0x00016e30:  0807f713          andi                    a4,a5,128
0x00016e34:  e731              bnez                    a4,76                   # 0x16e80

----------------
IN: strchrnul
0x00016e36:  03079713          slli                    a4,a5,48
0x00016e3a:  00930513          addi                    a0,t1,9
0x00016e3e:  04074163          bltz                    a4,66                   # 0x16e80

----------------
IN: strchrnul
0x00016e42:  02879713          slli                    a4,a5,40
0x00016e46:  00a30513          addi                    a0,t1,10
0x00016e4a:  02074b63          bltz                    a4,54                   # 0x16e80

----------------
IN: strchrnul
0x00016e4e:  02079713          slli                    a4,a5,32
0x00016e52:  00b30513          addi                    a0,t1,11
0x00016e56:  02074563          bltz                    a4,42                   # 0x16e80

----------------
IN: strchrnul
0x00016e5a:  01879713          slli                    a4,a5,24
0x00016e5e:  00c30513          addi                    a0,t1,12
0x00016e62:  00074f63          bltz                    a4,30                   # 0x16e80

----------------
IN: strchrnul
0x00016e80:  6422              ld                      s0,8(sp)
0x00016e82:  0141              addi                    sp,sp,16
0x00016e84:  8082              ret                     

----------------
IN: __printf_buffer
0x0001cb06:  8a2a              mv                      s4,a0
0x0001cb08:  aca43823          sd                      a0,-1328(s0)
0x0001cb0c:  41350633          sub                     a2,a0,s3
0x0001cb10:  85ce              mv                      a1,s3
0x0001cb12:  8526              mv                      a0,s1
0x0001cb14:  b5443423          sd                      s4,-1208(s0)
0x0001cb18:  4ad1d0ef          jal                     ra,122028               # 0x3a7c4

----------------
IN: __printf_buffer_write
0x0003a7c4:  511c              lw                      a5,32(a0)
0x0003a7c6:  c7d9              beqz                    a5,142                  # 0x3a854

----------------
IN: __printf_buffer_write
0x0003a7c8:  7179              addi                    sp,sp,-48
0x0003a7ca:  f022              sd                      s0,32(sp)
0x0003a7cc:  e84a              sd                      s2,16(sp)
0x0003a7ce:  f406              sd                      ra,40(sp)
0x0003a7d0:  1800              addi                    s0,sp,48
0x0003a7d2:  8932              mv                      s2,a2
0x0003a7d4:  ca3d              beqz                    a2,118                  # 0x3a84a

----------------
IN: __printf_buffer_write
0x0003a7d6:  e44e              sd                      s3,8(sp)
0x0003a7d8:  e052              sd                      s4,0(sp)
0x0003a7da:  89aa              mv                      s3,a0
0x0003a7dc:  ec26              sd                      s1,24(sp)
0x0003a7de:  6508              ld                      a0,8(a0)
0x0003a7e0:  8a2e              mv                      s4,a1
0x0003a7e2:  a01d              j                       38                      # 0x3a808

----------------
IN: __printf_buffer_write
0x0003a808:  0109b483          ld                      s1,16(s3)
0x0003a80c:  fca49ce3          bne                     s1,a0,-40               # 0x3a7e4

----------------
IN: __printf_buffer_write
0x0003a7e4:  8c89              sub                     s1,s1,a0
0x0003a7e6:  00997363          bleu                    s1,s2,6                 # 0x3a7ec

----------------
IN: __printf_buffer_write
0x0003a7ea:  84ca              mv                      s1,s2
0x0003a7ec:  85d2              mv                      a1,s4
0x0003a7ee:  8626              mv                      a2,s1
0x0003a7f0:  c38dc0ef          jal                     ra,-146376              # 0x16c28

----------------
IN: memcpy
0x00016c28:  7179              addi                    sp,sp,-48
0x00016c2a:  f022              sd                      s0,32(sp)
0x00016c2c:  ec26              sd                      s1,24(sp)
0x00016c2e:  e44e              sd                      s3,8(sp)
0x00016c30:  f406              sd                      ra,40(sp)
0x00016c32:  1800              addi                    s0,sp,48
0x00016c34:  47bd              addi                    a5,zero,15
0x00016c36:  89aa              mv                      s3,a0
0x00016c38:  872a              mv                      a4,a0
0x00016c3a:  84ae              mv                      s1,a1
0x00016c3c:  04c7f863          bleu                    a2,a5,80                # 0x16c8c

----------------
IN: memcpy
0x00016c8c:  177d              addi                    a4,a4,-1
0x00016c8e:  87a6              mv                      a5,s1
0x00016c90:  009605b3          add                     a1,a2,s1
0x00016c94:  8f05              sub                     a4,a4,s1
0x00016c96:  ca11              beqz                    a2,20                   # 0x16caa

----------------
IN: memcpy
0x00016c98:  0007c603          lbu                     a2,0(a5)
0x00016c9c:  0785              addi                    a5,a5,1
0x00016c9e:  00f706b3          add                     a3,a4,a5
0x00016ca2:  00c68023          sb                      a2,0(a3)
0x00016ca6:  fef599e3          bne                     a1,a5,-14               # 0x16c98

----------------
IN: memcpy
0x00016caa:  70a2              ld                      ra,40(sp)
0x00016cac:  7402              ld                      s0,32(sp)
0x00016cae:  64e2              ld                      s1,24(sp)
0x00016cb0:  854e              mv                      a0,s3
0x00016cb2:  69a2              ld                      s3,8(sp)
0x00016cb4:  6145              addi                    sp,sp,48
0x00016cb6:  8082              ret                     

----------------
IN: __printf_buffer_write
0x0003a7f4:  0089b503          ld                      a0,8(s3)
0x0003a7f8:  40990933          sub                     s2,s2,s1
0x0003a7fc:  9a26              add                     s4,s4,s1
0x0003a7fe:  9526              add                     a0,a0,s1
0x0003a800:  00a9b423          sd                      a0,8(s3)
0x0003a804:  04090063          beqz                    s2,64                   # 0x3a844

----------------
IN: __printf_buffer_write
0x0003a844:  64e2              ld                      s1,24(sp)
0x0003a846:  69a2              ld                      s3,8(sp)
0x0003a848:  6a02              ld                      s4,0(sp)
0x0003a84a:  70a2              ld                      ra,40(sp)
0x0003a84c:  7402              ld                      s0,32(sp)
0x0003a84e:  6942              ld                      s2,16(sp)
0x0003a850:  6145              addi                    sp,sp,48
0x0003a852:  8082              ret                     

----------------
IN: __printf_buffer
0x0001cb1c:  509c              lw                      a5,32(s1)
0x0001cb1e:  c3e5              beqz                    a5,224                  # 0x1cbfe

----------------
IN: __printf_buffer
0x0001cb20:  000a4783          lbu                     a5,0(s4)
0x0001cb24:  cfe9              beqz                    a5,218                  # 0x1cbfe

----------------
IN: __printf_buffer
0x0001cb26:  0006d797          auipc                   a5,109                  # 0x89b26
0x0001cb2a:  f9a7b783          ld                      a5,-102(a5)
0x0001cb2e:  55513c23          sd                      s5,1368(sp)
0x0001cb32:  b0f43023          sd                      a5,-1280(s0)
0x0001cb36:  c399              beqz                    a5,6                    # 0x1cb3c

----------------
IN: __printf_buffer
0x0001cb3c:  0006d797          auipc                   a5,109                  # 0x89b3c
0x0001cb40:  f747b783          ld                      a5,-140(a5)
0x0001cb44:  6a0795e3          bnez                    a5,3754                 # 0x1d9ee

----------------
IN: __printf_buffer
0x0001cb48:  0006d797          auipc                   a5,109                  # 0x89b48
0x0001cb4c:  f907b783          ld                      a5,-112(a5)
0x0001cb50:  68079fe3          bnez                    a5,3742                 # 0x1d9ee

----------------
IN: __printf_buffer
0x0001cb54:  00066797          auipc                   a5,102                  # 0x82b54
0x0001cb58:  3a47b783          ld                      a5,932(a5)
0x0001cb5c:  001b7713          andi                    a4,s6,1
0x0001cb60:  55713423          sd                      s7,1352(sp)
0x0001cb64:  acf43023          sd                      a5,-1344(s0)
0x0001cb68:  57fd              addi                    a5,zero,-1
0x0001cb6a:  aaf43823          sd                      a5,-1360(s0)
0x0001cb6e:  6785              lui                     a5,1
0x0001cb70:  8ff78793          addi                    a5,a5,-1793
0x0001cb74:  55813023          sd                      s8,1344(sp)
0x0001cb78:  53913c23          sd                      s9,1336(sp)
0x0001cb7c:  53a13823          sd                      s10,1328(sp)
0x0001cb80:  53b13423          sd                      s11,1320(sp)
0x0001cb84:  aa043c23          sd                      zero,-1352(s0)
0x0001cb88:  4a81              mv                      s5,zero
0x0001cb8a:  aae43423          sd                      a4,-1368(s0)
0x0001cb8e:  aaf43023          sd                      a5,-1376(s0)
0x0001cb92:  001a4d83          lbu                     s11,1(s4)
0x0001cb96:  0a05              addi                    s4,s4,1
0x0001cb98:  b5443423          sd                      s4,-1208(s0)
0x0001cb9c:  fe0d871b          addiw                   a4,s11,-32
0x0001cba0:  0ff77613          andi                    a2,a4,255
0x0001cba4:  05a00693          addi                    a3,zero,90
0x0001cba8:  08c6f863          bleu                    a2,a3,144               # 0x1cc38

----------------
IN: __printf_buffer
0x0001cc38:  0003d797          auipc                   a5,61                   # 0x59c38
0x0001cc3c:  68878793          addi                    a5,a5,1672
0x0001cc40:  2701              sext.w                  a4,a4
0x0001cc42:  973e              add                     a4,a4,a5
0x0001cc44:  00074703          lbu                     a4,0(a4)
0x0001cc48:  02000793          addi                    a5,zero,32
0x0001cc4c:  b0f43823          sd                      a5,-1264(s0)
0x0001cc50:  070e              slli                    a4,a4,3
0x0001cc52:  00062797          auipc                   a5,98                   # 0x7ec52
0x0001cc56:  77e78793          addi                    a5,a5,1918
0x0001cc5a:  973e              add                     a4,a4,a5
0x0001cc5c:  10073703          ld                      a4,256(a4)
0x0001cc60:  b2043c23          sd                      zero,-1224(s0)
0x0001cc64:  59fd              addi                    s3,zero,-1
0x0001cc66:  4a01              mv                      s4,zero
0x0001cc68:  4c81              mv                      s9,zero
0x0001cc6a:  4d01              mv                      s10,zero
0x0001cc6c:  4c01              mv                      s8,zero
0x0001cc6e:  4b81              mv                      s7,zero
0x0001cc70:  4881              mv                      a7,zero
0x0001cc72:  b2043823          sd                      zero,-1232(s0)
0x0001cc76:  4b01              mv                      s6,zero
0x0001cc78:  b0043c23          sd                      zero,-1256(s0)
0x0001cc7c:  b2043023          sd                      zero,-1248(s0)
0x0001cc80:  8702              jr                      a4

----------------
IN: __printf_buffer
0x0001d2d0:  00093b83          ld                      s7,0(s2)
0x0001d2d4:  0921              addi                    s2,s2,8
0x0001d2d6:  620b9163          bnez                    s7,1570                 # 0x1d8f8

----------------
IN: __printf_buffer
0x0001d8f8:  da0d0063          beqz                    s10,-2656               # 0x1ce98

----------------
IN: __printf_buffer
0x0001ce98:  05300713          addi                    a4,zero,83
0x0001ce9c:  26ed80e3          beq                     s11,a4,2656             # 0x1d8fc

----------------
IN: __printf_buffer
0x0001cea0:  57fd              addi                    a5,zero,-1
0x0001cea2:  68f989e3          beq                     s3,a5,3730              # 0x1dd34

----------------
IN: __printf_buffer
0x0001dd34:  855e              mv                      a0,s7
0x0001dd36:  9acf90ef          jal                     ra,-28244               # 0x16ee2

----------------
IN: strlen
0x00016ee2:  0feff737          lui                     a4,65279
0x00016ee6:  1141              addi                    sp,sp,-16
0x00016ee8:  0712              slli                    a4,a4,4
0x00016eea:  e422              sd                      s0,8(sp)
0x00016eec:  eff70713          addi                    a4,a4,-257
0x00016ef0:  0800              addi                    s0,sp,16
0x00016ef2:  ff857793          andi                    a5,a0,-8
0x00016ef6:  0742              slli                    a4,a4,16
0x00016ef8:  6390              ld                      a2,0(a5)
0x00016efa:  eff70713          addi                    a4,a4,-257
0x00016efe:  073e              slli                    a4,a4,15
0x00016f00:  f7f70713          addi                    a4,a4,-129
0x00016f04:  00e676b3          and                     a3,a2,a4
0x00016f08:  96ba              add                     a3,a3,a4
0x00016f0a:  8ed1              or                      a3,a3,a2
0x00016f0c:  8f55              or                      a4,a4,a3
0x00016f0e:  00757693          andi                    a3,a0,7
0x00016f12:  fff74713          not                     a4,a4
0x00016f16:  0036969b          slliw                   a3,a3,3
0x00016f1a:  00d75733          srl                     a4,a4,a3
0x00016f1e:  e741              bnez                    a4,136                  # 0x16fa6

----------------
IN: strlen
0x00016fa6:  08077793          andi                    a5,a4,128
0x00016faa:  4501              mv                      a0,zero
0x00016fac:  fbf5              bnez                    a5,-12                  # 0x16fa0

----------------
IN: strlen
0x00016fae:  03071793          slli                    a5,a4,48
0x00016fb2:  4505              addi                    a0,zero,1
0x00016fb4:  fe07c6e3          bltz                    a5,-20                  # 0x16fa0

----------------
IN: strlen
0x00016fb8:  02871793          slli                    a5,a4,40
0x00016fbc:  4509              addi                    a0,zero,2
0x00016fbe:  fe07c1e3          bltz                    a5,-30                  # 0x16fa0

----------------
IN: strlen
0x00016fa0:  6422              ld                      s0,8(sp)
0x00016fa2:  0141              addi                    sp,sp,16
0x00016fa4:  8082              ret                     

----------------
IN: __printf_buffer
0x0001dd3a:  8c2a              mv                      s8,a0
0x0001dd3c:  0005079b          sext.w                  a5,a0
0x0001dd40:  974ff06f          j                       -3724                   # 0x1ceb4

----------------
IN: __printf_buffer
0x0001ceb4:  40fa0a3b          subw                    s4,s4,a5
0x0001ceb8:  000a0c9b          sext.w                  s9,s4
0x0001cebc:  f20ccce3          bltz                    s9,-200                 # 0x1cdf4

----------------
IN: __printf_buffer
0x0001cdf4:  8662              mv                      a2,s8
0x0001cdf6:  85de              mv                      a1,s7
0x0001cdf8:  8526              mv                      a0,s1
0x0001cdfa:  1cb1d0ef          jal                     ra,121290               # 0x3a7c4

----------------
IN: __printf_buffer
0x0001cdfe:  bfb5              j                       -132                    # 0x1cd7a

----------------
IN: __printf_buffer
0x0001cd7a:  b4843b03          ld                      s6,-1208(s0)
0x0001cd7e:  02500593          addi                    a1,zero,37
0x0001cd82:  2a85              addiw                   s5,s5,1
0x0001cd84:  0b05              addi                    s6,s6,1
0x0001cd86:  855a              mv                      a0,s6
0x0001cd88:  fedf90ef          jal                     ra,-24596               # 0x16d74

----------------
IN: strchrnul
0x00016e08:  6518              ld                      a4,8(a0)
0x00016e0a:  832a              mv                      t1,a0
0x00016e0c:  0521              addi                    a0,a0,8
0x00016e0e:  011746b3          xor                     a3,a4,a7
0x00016e12:  00b707b3          add                     a5,a4,a1
0x00016e16:  00b68633          add                     a2,a3,a1
0x00016e1a:  fff74713          not                     a4,a4
0x00016e1e:  fff6c693          not                     a3,a3
0x00016e22:  8ff9              and                     a5,a5,a4
0x00016e24:  00d67733          and                     a4,a2,a3
0x00016e28:  8fd9              or                      a5,a5,a4
0x00016e2a:  0107f733          and                     a4,a5,a6
0x00016e2e:  df69              beqz                    a4,-38                  # 0x16e08

----------------
IN: __printf_buffer
0x0001cd8c:  8a2a              mv                      s4,a0
0x0001cd8e:  41650633          sub                     a2,a0,s6
0x0001cd92:  85da              mv                      a1,s6
0x0001cd94:  8526              mv                      a0,s1
0x0001cd96:  b5443423          sd                      s4,-1208(s0)
0x0001cd9a:  22b1d0ef          jal                     ra,121386               # 0x3a7c4

----------------
IN: __printf_buffer
0x0001cd9e:  000a4783          lbu                     a5,0(s4)
0x0001cda2:  c781              beqz                    a5,8                    # 0x1cdaa

----------------
IN: __printf_buffer
0x0001cda4:  509c              lw                      a5,32(s1)
0x0001cda6:  de0796e3          bnez                    a5,-532                 # 0x1cb92

----------------
IN: __printf_buffer
0x0001cb92:  001a4d83          lbu                     s11,1(s4)
0x0001cb96:  0a05              addi                    s4,s4,1
0x0001cb98:  b5443423          sd                      s4,-1208(s0)
0x0001cb9c:  fe0d871b          addiw                   a4,s11,-32
0x0001cba0:  0ff77613          andi                    a2,a4,255
0x0001cba4:  05a00693          addi                    a3,zero,90
0x0001cba8:  08c6f863          bleu                    a2,a3,144               # 0x1cc38

----------------
IN: __printf_buffer
0x0001d358:  640d0e63          beqz                    s10,1628                # 0x1d9b4

----------------
IN: __printf_buffer
0x0001d9b4:  00092b83          lw                      s7,0(s2)
0x0001d9b8:  0921              addi                    s2,s2,8
0x0001d9ba:  220c9363          bnez                    s9,550                  # 0x1dbe0

----------------
IN: __printf_buffer
0x0001d9be:  9a0c02e3          beqz                    s8,-1628                # 0x1d362

----------------
IN: __printf_buffer
0x0001d362:  680bce63          bltz                    s7,1692                 # 0x1d9fe

----------------
IN: __printf_buffer
0x0001d366:  47a9              addi                    a5,zero,10
0x0001d368:  b2f43423          sd                      a5,-1240(s0)
0x0001d36c:  4d01              mv                      s10,zero
0x0001d36e:  b6c1              j                       -1088                   # 0x1cf2e

----------------
IN: __printf_buffer
0x0001cf2e:  1809c163          bltz                    s3,386                  # 0x1d0b0

----------------
IN: __printf_buffer
0x0001d0b0:  4c85              addi                    s9,zero,1
0x0001d0b2:  4985              addi                    s3,zero,1
0x0001d0b4:  b571              j                       -372                    # 0x1cf40

----------------
IN: __printf_buffer
0x0001cf40:  b2843603          ld                      a2,-1240(s0)
0x0001cf44:  f8840e13          addi                    t3,s0,-120
0x0001cf48:  fa8d8693          addi                    a3,s11,-88
0x0001cf4c:  85f2              mv                      a1,t3
0x0001cf4e:  0016b693          seqz                    a3,a3
0x0001cf52:  855e              mv                      a0,s7
0x0001cf54:  af143823          sd                      a7,-1296(s0)
0x0001cf58:  afc43c23          sd                      t3,-1288(s0)
0x0001cf5c:  a07fd0ef          jal                     ra,-9722                # 0x1a962

----------------
IN: _itoa_word
0x0001a962:  1141              addi                    sp,sp,-16
0x0001a964:  e422              sd                      s0,8(sp)
0x0001a966:  0800              addi                    s0,sp,16
0x0001a968:  87aa              mv                      a5,a0
0x0001a96a:  0003b717          auipc                   a4,59                   # 0x5596a
0x0001a96e:  81e70713          addi                    a4,a4,-2018
0x0001a972:  852e              mv                      a0,a1
0x0001a974:  e689              bnez                    a3,10                   # 0x1a97e

----------------
IN: _itoa_word
0x0001a976:  0003a717          auipc                   a4,58                   # 0x54976
0x0001a97a:  7ea70713          addi                    a4,a4,2026
0x0001a97e:  46a9              addi                    a3,zero,10
0x0001a980:  06d60a63          beq                     a2,a3,116               # 0x1a9f4

----------------
IN: _itoa_word
0x0001a9f4:  4629              addi                    a2,zero,10
0x0001a9f6:  4825              addi                    a6,zero,9
0x0001a9f8:  02c7f6b3          remu                    a3,a5,a2
0x0001a9fc:  157d              addi                    a0,a0,-1
0x0001a9fe:  85be              mv                      a1,a5
0x0001aa00:  96ba              add                     a3,a3,a4
0x0001aa02:  0006c683          lbu                     a3,0(a3)
0x0001aa06:  02c7d7b3          divu                    a5,a5,a2
0x0001aa0a:  00d50023          sb                      a3,0(a0)
0x0001aa0e:  feb865e3          bgtu                    a1,a6,-22               # 0x1a9f8

----------------
IN: _itoa_word
0x0001aa12:  6422              ld                      s0,8(sp)
0x0001aa14:  0141              addi                    sp,sp,16
0x0001aa16:  8082              ret                     

----------------
IN: __printf_buffer
0x0001cf60:  af843e03          ld                      t3,-1288(s0)
0x0001cf64:  af043883          ld                      a7,-1296(s0)
0x0001cf68:  b0a43423          sd                      a0,-1272(s0)
0x0001cf6c:  40ae0c33          sub                     s8,t3,a0
0x0001cf70:  7e089c63          bnez                    a7,2040                 # 0x1d768

----------------
IN: __printf_buffer
0x0001cf74:  418c8733          sub                     a4,s9,s8
0x0001cf78:  fff74c93          not                     s9,a4
0x0001cf7c:  b3843783          ld                      a5,-1224(s0)
0x0001cf80:  43fcdc93          srai                    s9,s9,63
0x0001cf84:  01977cb3          and                     s9,a4,s9
0x0001cf88:  000c8e9b          sext.w                  t4,s9
0x0001cf8c:  080796e3          bnez                    a5,2188                 # 0x1d818

----------------
IN: __printf_buffer
0x0001cf90:  000c089b          sext.w                  a7,s8
0x0001cf94:  86c6              mv                      a3,a7
0x0001cf96:  4e01              mv                      t3,zero
0x0001cf98:  6738c563          bgt                     s3,a7,1642              # 0x1d602

----------------
IN: __printf_buffer
0x0001cf9c:  740b8963          beqz                    s7,1874                 # 0x1d6ee

----------------
IN: __printf_buffer
0x0001d6ee:  f40b11e3          bnez                    s6,-190                 # 0x1d630

----------------
IN: __printf_buffer
0x0001d6f2:  b1843783          ld                      a5,-1256(s0)
0x0001d6f6:  01d6863b          addw                    a2,a3,t4
0x0001d6fa:  40ca063b          subw                    a2,s4,a2
0x0001d6fe:  00fd6733          or                      a4,s10,a5
0x0001d702:  b3043783          ld                      a5,-1232(s0)
0x0001d706:  8f5d              or                      a4,a4,a5
0x0001d708:  8e0701e3          beqz                    a4,-1822                # 0x1cfea

----------------
IN: __printf_buffer
0x0001cfea:  b1043783          ld                      a5,-1264(s0)
0x0001cfee:  02000713          addi                    a4,zero,32
0x0001cff2:  12e78ce3          beq                     a5,a4,2360              # 0x1d92a

----------------
IN: __printf_buffer
0x0001d92a:  ecc05863          blez                    a2,-2352                # 0x1cffa

----------------
IN: __printf_buffer
0x0001cffa:  000b8e63          beqz                    s7,28                   # 0x1d016

----------------
IN: __printf_buffer
0x0001d016:  03d04b63          bgtz                    t4,54                   # 0x1d04c

----------------
IN: __printf_buffer
0x0001d01a:  040b1763          bnez                    s6,78                   # 0x1d068

----------------
IN: __printf_buffer
0x0001d01e:  060e0263          beqz                    t3,100                  # 0x1d082

----------------
IN: __printf_buffer
0x0001d082:  b0843583          ld                      a1,-1272(s0)
0x0001d086:  8662              mv                      a2,s8
0x0001d088:  8526              mv                      a0,s1
0x0001d08a:  73a1d0ef          jal                     ra,120634               # 0x3a7c4

----------------
IN: __printf_buffer
0x0001d08e:  b1f5              j                       -788                    # 0x1cd7a

----------------
IN: strchrnul
0x00016e86:  0807f713          andi                    a4,a5,128
0x00016e8a:  8532              mv                      a0,a2
0x00016e8c:  fb75              bnez                    a4,-12                  # 0x16e80

----------------
IN: strchrnul
0x00016e8e:  03079713          slli                    a4,a5,48
0x00016e92:  02074c63          bltz                    a4,56                   # 0x16eca

----------------
IN: strchrnul
0x00016e96:  02879713          slli                    a4,a5,40
0x00016e9a:  02074b63          bltz                    a4,54                   # 0x16ed0

----------------
IN: strchrnul
0x00016ed0:  00260513          addi                    a0,a2,2
0x00016ed4:  b775              j                       -84                     # 0x16e80

----------------
IN: __printf_buffer
0x0001cdaa:  55813a83          ld                      s5,1368(sp)
0x0001cdae:  54813b83          ld                      s7,1352(sp)
0x0001cdb2:  54013c03          ld                      s8,1344(sp)
0x0001cdb6:  53813c83          ld                      s9,1336(sp)
0x0001cdba:  53013d03          ld                      s10,1328(sp)
0x0001cdbe:  52813d83          ld                      s11,1320(sp)
0x0001cdc2:  bd35              j                       -452                    # 0x1cbfe

----------------
IN: __printf_buffer
0x0001cbfe:  00066797          auipc                   a5,102                  # 0x82bfe
0x0001cc02:  0127b783          ld                      a5,18(a5)
0x0001cc06:  f8843703          ld                      a4,-120(s0)
0x0001cc0a:  639c              ld                      a5,0(a5)
0x0001cc0c:  8fb9              xor                     a5,a5,a4
0x0001cc0e:  4701              mv                      a4,zero
0x0001cc10:  c399              beqz                    a5,6                    # 0x1cc16

----------------
IN: __printf_buffer
0x0001cc16:  58813083          ld                      ra,1416(sp)
0x0001cc1a:  58013403          ld                      s0,1408(sp)
0x0001cc1e:  57813483          ld                      s1,1400(sp)
0x0001cc22:  57013903          ld                      s2,1392(sp)
0x0001cc26:  56813983          ld                      s3,1384(sp)
0x0001cc2a:  56013a03          ld                      s4,1376(sp)
0x0001cc2e:  55013b03          ld                      s6,1360(sp)
0x0001cc32:  59010113          addi                    sp,sp,1424
0x0001cc36:  8082              ret                     

----------------
IN: __vfprintf_internal
0x0001e124:  8526              mv                      a0,s1
0x0001e126:  6781c0ef          jal                     ra,116344               # 0x3a79e

----------------
IN: __printf_buffer_to_file_done
0x0003a79e:  511c              lw                      a5,32(a0)
0x0003a7a0:  c385              beqz                    a5,32                   # 0x3a7c0

----------------
IN: __printf_buffer_to_file_done
0x0003a7a2:  1101              addi                    sp,sp,-32
0x0003a7a4:  e822              sd                      s0,16(sp)
0x0003a7a6:  e426              sd                      s1,8(sp)
0x0003a7a8:  ec06              sd                      ra,24(sp)
0x0003a7aa:  1000              addi                    s0,sp,32
0x0003a7ac:  84aa              mv                      s1,a0
0x0003a7ae:  e9dff0ef          jal                     ra,-356                 # 0x3a64a

----------------
IN: __printf_buffer_flush_to_file
0x0003a64a:  7139              addi                    sp,sp,-64
0x0003a64c:  f822              sd                      s0,48(sp)
0x0003a64e:  f426              sd                      s1,40(sp)
0x0003a650:  ec4e              sd                      s3,24(sp)
0x0003a652:  fc06              sd                      ra,56(sp)
0x0003a654:  0080              addi                    s0,sp,64
0x0003a656:  6510              ld                      a2,8(a0)
0x0003a658:  6118              ld                      a4,0(a0)
0x0003a65a:  6d1c              ld                      a5,24(a0)
0x0003a65c:  6914              ld                      a3,16(a0)
0x0003a65e:  40e60733          sub                     a4,a2,a4
0x0003a662:  97ba              add                     a5,a5,a4
0x0003a664:  ed1c              sd                      a5,24(a0)
0x0003a666:  0b050993          addi                    s3,a0,176
0x0003a66a:  84aa              mv                      s1,a0
0x0003a66c:  05368a63          beq                     a3,s3,84                # 0x3a6c0

----------------
IN: __printf_buffer_flush_to_file
0x0003a6c0:  7508              ld                      a0,40(a0)
0x0003a6c2:  e456              sd                      s5,8(sp)
0x0003a6c4:  6785              lui                     a5,1
0x0003a6c6:  0d853a83          ld                      s5,216(a0)
0x0003a6ca:  00047717          auipc                   a4,71                   # 0x816ca
0x0003a6ce:  67e70713          addi                    a4,a4,1662
0x0003a6d2:  f04a              sd                      s2,32(sp)
0x0003a6d4:  e852              sd                      s4,16(sp)
0x0003a6d6:  92f78793          addi                    a5,a5,-1745
0x0003a6da:  03048a13          addi                    s4,s1,48
0x0003a6de:  40ea8733          sub                     a4,s5,a4
0x0003a6e2:  41460933          sub                     s2,a2,s4
0x0003a6e6:  04e7ef63          bgtu                    a4,a5,94                # 0x3a744

----------------
IN: __printf_buffer_flush_to_file
0x0003a6ea:  038ab783          ld                      a5,56(s5)
0x0003a6ee:  864a              mv                      a2,s2
0x0003a6f0:  85d2              mv                      a1,s4
0x0003a6f2:  9782              jalr                    ra,a5,0

----------------
IN: _IO_new_file_xsputn
0x000202dc:  c251              beqz                    a2,132                  # 0x20360

----------------
IN: _IO_new_file_xsputn
0x000202de:  7139              addi                    sp,sp,-64
0x000202e0:  f822              sd                      s0,48(sp)
0x000202e2:  f426              sd                      s1,40(sp)
0x000202e4:  f04a              sd                      s2,32(sp)
0x000202e6:  e852              sd                      s4,16(sp)
0x000202e8:  fc06              sd                      ra,56(sp)
0x000202ea:  ec4e              sd                      s3,24(sp)
0x000202ec:  e456              sd                      s5,8(sp)
0x000202ee:  0080              addi                    s0,sp,64
0x000202f0:  6118              ld                      a4,0(a0)
0x000202f2:  6785              lui                     a5,1
0x000202f4:  a0078793          addi                    a5,a5,-1536
0x000202f8:  8f7d              and                     a4,a4,a5
0x000202fa:  84aa              mv                      s1,a0
0x000202fc:  8a32              mv                      s4,a2
0x000202fe:  7508              ld                      a0,40(a0)
0x00020300:  892e              mv                      s2,a1
0x00020302:  02f70963          beq                     a4,a5,50                # 0x20334

----------------
IN: _IO_new_file_xsputn
0x00020334:  60b8              ld                      a4,64(s1)
0x00020336:  8f09              sub                     a4,a4,a0
0x00020338:  02c76663          bgtu                    a2,a4,44                # 0x20364

----------------
IN: _IO_new_file_xsputn
0x0002033c:  00c587b3          add                     a5,a1,a2
0x00020340:  4629              addi                    a2,zero,10
0x00020342:  fcf976e3          bleu                    a5,s2,-52               # 0x2030e

----------------
IN: _IO_new_file_xsputn
0x00020346:  fff7c683          lbu                     a3,-1(a5)
0x0002034a:  17fd              addi                    a5,a5,-1
0x0002034c:  fec69be3          bne                     a3,a2,-10               # 0x20342

----------------
IN: _IO_new_file_xsputn
0x00020350:  412787b3          sub                     a5,a5,s2
0x00020354:  00178713          addi                    a4,a5,1
0x00020358:  ef4d              bnez                    a4,186                  # 0x20412

----------------
IN: _IO_new_file_xsputn
0x00020412:  4a85              addi                    s5,zero,1
0x00020414:  bdf5              j                       -260                    # 0x20310

----------------
IN: _IO_new_file_xsputn
0x00020310:  89d2              mv                      s3,s4
0x00020312:  0d476663          bgtu                    s4,a4,204               # 0x203de

----------------
IN: _IO_new_file_xsputn
0x00020316:  864e              mv                      a2,s3
0x00020318:  85ca              mv                      a1,s2
0x0002031a:  90ff60ef          jal                     ra,-38642               # 0x16c28

----------------
IN: memcpy
0x00016c40:  40a00533          neg                     a0,a0
0x00016c44:  e84a              sd                      s2,16(sp)
0x00016c46:  891d              andi                    a0,a0,7
0x00016c48:  e052              sd                      s4,0(sp)
0x00016c4a:  40a60933          sub                     s2,a2,a0
0x00016c4e:  c925              beqz                    a0,112                  # 0x16cbe

----------------
IN: memcpy
0x00016cbe:  8a4e              mv                      s4,s3
0x00016cc0:  b76d              j                       -86                     # 0x16c6a

----------------
IN: memcpy
0x00016c6a:  0074f793          andi                    a5,s1,7
0x00016c6e:  00395613          srli                    a2,s2,3
0x00016c72:  85a6              mv                      a1,s1
0x00016c74:  8552              mv                      a0,s4
0x00016c76:  e3a9              bnez                    a5,66                   # 0x16cb8

----------------
IN: memcpy
0x00016c78:  394000ef          jal                     ra,916                  # 0x1700c

----------------
IN: _wordcopy_fwd_aligned
0x0001700c:  1141              addi                    sp,sp,-16
0x0001700e:  00767793          andi                    a5,a2,7
0x00017012:  e422              sd                      s0,8(sp)
0x00017014:  00043717          auipc                   a4,67                   # 0x5a014
0x00017018:  b5470713          addi                    a4,a4,-1196
0x0001701c:  0800              addi                    s0,sp,16
0x0001701e:  078a              slli                    a5,a5,2
0x00017020:  97ba              add                     a5,a5,a4
0x00017022:  439c              lw                      a5,0(a5)
0x00017024:  97ba              add                     a5,a5,a4
0x00017026:  8782              jr                      a5

----------------
IN: _wordcopy_fwd_aligned
0x000170b2:  6198              ld                      a4,0(a1)
0x000170b4:  fd050793          addi                    a5,a0,-48
0x000170b8:  fd858593          addi                    a1,a1,-40
0x000170bc:  0615              addi                    a2,a2,5
0x000170be:  bf71              j                       -100                    # 0x1705a

----------------
IN: _wordcopy_fwd_aligned
0x0001705a:  0305b803          ld                      a6,48(a1)
0x0001705e:  03878693          addi                    a3,a5,56
0x00017062:  e118              sd                      a4,0(a0)
0x00017064:  7d98              ld                      a4,56(a1)
0x00017066:  04078793          addi                    a5,a5,64
0x0001706a:  0106b023          sd                      a6,0(a3)
0x0001706e:  1661              addi                    a2,a2,-8
0x00017070:  853e              mv                      a0,a5
0x00017072:  04058593          addi                    a1,a1,64
0x00017076:  ea11              bnez                    a2,20                   # 0x1708a

----------------
IN: _wordcopy_fwd_aligned
0x00017078:  e118              sd                      a4,0(a0)
0x0001707a:  6422              ld                      s0,8(sp)
0x0001707c:  0141              addi                    sp,sp,16
0x0001707e:  8082              ret                     

----------------
IN: memcpy
0x00016c7c:  ff897713          andi                    a4,s2,-8
0x00016c80:  94ba              add                     s1,s1,a4
0x00016c82:  00797613          andi                    a2,s2,7
0x00016c86:  9752              add                     a4,a4,s4
0x00016c88:  6942              ld                      s2,16(sp)
0x00016c8a:  6a02              ld                      s4,0(sp)
0x00016c8c:  177d              addi                    a4,a4,-1
0x00016c8e:  87a6              mv                      a5,s1
0x00016c90:  009605b3          add                     a1,a2,s1
0x00016c94:  8f05              sub                     a4,a4,s1
0x00016c96:  ca11              beqz                    a2,20                   # 0x16caa

----------------
IN: _IO_new_file_xsputn
0x0002031e:  954e              add                     a0,a0,s3
0x00020320:  994e              add                     s2,s2,s3
0x00020322:  f488              sd                      a0,40(s1)
0x00020324:  413a09b3          sub                     s3,s4,s3
0x00020328:  9ace              add                     s5,s5,s3
0x0002032a:  040a9063          bnez                    s5,64                   # 0x2036a

----------------
IN: _IO_new_file_xsputn
0x0002036a:  0d84ba83          ld                      s5,216(s1)
0x0002036e:  6785              lui                     a5,1
0x00020370:  00062717          auipc                   a4,98                   # 0x82370
0x00020374:  9d870713          addi                    a4,a4,-1576
0x00020378:  40ea8733          sub                     a4,s5,a4
0x0002037c:  92f78793          addi                    a5,a5,-1745
0x00020380:  08e7e263          bgtu                    a4,a5,132               # 0x20404

----------------
IN: _IO_new_file_xsputn
0x00020384:  018ab783          ld                      a5,24(s5)
0x00020388:  55fd              addi                    a1,zero,-1
0x0002038a:  8526              mv                      a0,s1
0x0002038c:  9782              jalr                    ra,a5,0

----------------
IN: _IO_file_overflow
0x0001fa90:  7179              addi                    sp,sp,-48
0x0001fa92:  f022              sd                      s0,32(sp)
0x0001fa94:  ec26              sd                      s1,24(sp)
0x0001fa96:  f406              sd                      ra,40(sp)
0x0001fa98:  1800              addi                    s0,sp,48
0x0001fa9a:  411c              lw                      a5,0(a0)
0x0001fa9c:  84aa              mv                      s1,a0
0x0001fa9e:  0087f713          andi                    a4,a5,8
0x0001faa2:  12071a63          bnez                    a4,308                  # 0x1fbd6

----------------
IN: _IO_file_overflow
0x0001faa6:  e84a              sd                      s2,16(sp)
0x0001faa8:  e44e              sd                      s3,8(sp)
0x0001faaa:  03479693          slli                    a3,a5,52
0x0001faae:  7118              ld                      a4,32(a0)
0x0001fab0:  892e              mv                      s2,a1
0x0001fab2:  0406d263          bgez                    a3,68                   # 0x1faf6

----------------
IN: _IO_file_overflow
0x0001fab6:  c37d              beqz                    a4,230                  # 0x1fb9c

----------------
IN: _IO_file_overflow
0x0001fab8:  7510              ld                      a2,40(a0)
0x0001faba:  59fd              addi                    s3,zero,-1
0x0001fabc:  07390b63          beq                     s2,s3,118               # 0x1fb32

----------------
IN: _IO_file_overflow
0x0001fb32:  708c              ld                      a1,32(s1)
0x0001fb34:  7402              ld                      s0,32(sp)
0x0001fb36:  6942              ld                      s2,16(sp)
0x0001fb38:  69a2              ld                      s3,8(sp)
0x0001fb3a:  70a2              ld                      ra,40(sp)
0x0001fb3c:  8526              mv                      a0,s1
0x0001fb3e:  64e2              ld                      s1,24(sp)
0x0001fb40:  8e0d              sub                     a2,a2,a1
0x0001fb42:  6145              addi                    sp,sp,48
0x0001fb44:  e64ff06f          j                       -2460                   # 0x1f1a8

----------------
IN: _IO_do_write
0x0001f1a8:  e219              bnez                    a2,6                    # 0x1f1ae

----------------
IN: _IO_do_write
0x0001f1ae:  1101              addi                    sp,sp,-32
0x0001f1b0:  e822              sd                      s0,16(sp)
0x0001f1b2:  e426              sd                      s1,8(sp)
0x0001f1b4:  ec06              sd                      ra,24(sp)
0x0001f1b6:  1000              addi                    s0,sp,32
0x0001f1b8:  84b2              mv                      s1,a2
0x0001f1ba:  9e9ff0ef          jal                     ra,-1560                # 0x1eba2

----------------
IN: new_do_write
0x0001eba2:  7139              addi                    sp,sp,-64
0x0001eba4:  f822              sd                      s0,48(sp)
0x0001eba6:  f426              sd                      s1,40(sp)
0x0001eba8:  f04a              sd                      s2,32(sp)
0x0001ebaa:  ec4e              sd                      s3,24(sp)
0x0001ebac:  e852              sd                      s4,16(sp)
0x0001ebae:  e456              sd                      s5,8(sp)
0x0001ebb0:  fc06              sd                      ra,56(sp)
0x0001ebb2:  0080              addi                    s0,sp,64
0x0001ebb4:  411c              lw                      a5,0(a0)
0x0001ebb6:  0d853903          ld                      s2,216(a0)
0x0001ebba:  84aa              mv                      s1,a0
0x0001ebbc:  03379713          slli                    a4,a5,51
0x0001ebc0:  8a2e              mv                      s4,a1
0x0001ebc2:  8ab2              mv                      s5,a2
0x0001ebc4:  00063997          auipc                   s3,99                   # 0x81bc4
0x0001ebc8:  18498993          addi                    s3,s3,388
0x0001ebcc:  06075263          bgez                    a4,100                  # 0x1ec30

----------------
IN: new_do_write
0x0001ec30:  6914              ld                      a3,16(a0)
0x0001ec32:  710c              ld                      a1,32(a0)
0x0001ec34:  fab680e3          beq                     a3,a1,-96               # 0x1ebd4

----------------
IN: new_do_write
0x0001ebd4:  6785              lui                     a5,1
0x0001ebd6:  413909b3          sub                     s3,s2,s3
0x0001ebda:  92f78793          addi                    a5,a5,-1745
0x0001ebde:  0b37e763          bgtu                    s3,a5,174               # 0x1ec8c

----------------
IN: new_do_write
0x0001ebe2:  07893783          ld                      a5,120(s2)
0x0001ebe6:  8656              mv                      a2,s5
0x0001ebe8:  85d2              mv                      a1,s4
0x0001ebea:  8526              mv                      a0,s1
0x0001ebec:  9782              jalr                    ra,a5,0

----------------
IN: _IO_file_write
0x0002025a:  7179              addi                    sp,sp,-48
0x0002025c:  f022              sd                      s0,32(sp)
0x0002025e:  e44e              sd                      s3,8(sp)
0x00020260:  f406              sd                      ra,40(sp)
0x00020262:  1800              addi                    s0,sp,48
0x00020264:  89aa              mv                      s3,a0
0x00020266:  06c05963          blez                    a2,114                  # 0x202d8

----------------
IN: _IO_file_write
0x0002026a:  ec26              sd                      s1,24(sp)
0x0002026c:  e84a              sd                      s2,16(sp)
0x0002026e:  e052              sd                      s4,0(sp)
0x00020270:  892e              mv                      s2,a1
0x00020272:  8a32              mv                      s4,a2
0x00020274:  84b2              mv                      s1,a2
0x00020276:  0749a783          lw                      a5,116(s3)
0x0002027a:  0709a503          lw                      a0,112(s3)
0x0002027e:  8626              mv                      a2,s1
0x00020280:  8b89              andi                    a5,a5,2
0x00020282:  85ca              mv                      a1,s2
0x00020284:  eb95              bnez                    a5,52                   # 0x202b8

----------------
IN: _IO_file_write
0x00020286:  5d9050ef          jal                     ra,24024                # 0x2605e

----------------
IN: __write
0x0002605e:  7179              addi                    sp,sp,-48
0x00026060:  f022              sd                      s0,32(sp)
0x00026062:  f406              sd                      ra,40(sp)
0x00026064:  ec26              sd                      s1,24(sp)
0x00026066:  1800              addi                    s0,sp,48
0x00026068:  8a022783          lw                      a5,-1888(tp)
0x0002606c:  ef99              bnez                    a5,30                   # 0x2608a

----------------
IN: __write
0x0002606e:  04000893          addi                    a7,zero,64
0x00026072:  00000073          ecall                   

----------------
IN: __write
0x00026076:  77fd              lui                     a5,-1
0x00026078:  84aa              mv                      s1,a0
0x0002607a:  04a7e663          bgtu                    a0,a5,76                # 0x260c6

----------------
IN: __write
0x0002607e:  70a2              ld                      ra,40(sp)
0x00026080:  7402              ld                      s0,32(sp)
0x00026082:  8526              mv                      a0,s1
0x00026084:  64e2              ld                      s1,24(sp)
0x00026086:  6145              addi                    sp,sp,48
0x00026088:  8082              ret                     

----------------
IN: _IO_file_write
0x0002028a:  02054b63          bltz                    a0,54                   # 0x202c0

----------------
IN: _IO_file_write
0x0002028e:  8c89              sub                     s1,s1,a0
0x00020290:  992a              add                     s2,s2,a0
0x00020292:  fe9042e3          bgtz                    s1,-28                  # 0x20276

----------------
IN: _IO_file_write
0x00020296:  409a0533          sub                     a0,s4,s1
0x0002029a:  6942              ld                      s2,16(sp)
0x0002029c:  64e2              ld                      s1,24(sp)
0x0002029e:  6a02              ld                      s4,0(sp)
0x000202a0:  0909b783          ld                      a5,144(s3)
0x000202a4:  0007c563          bltz                    a5,10                   # 0x202ae

----------------
IN: _IO_file_write
0x000202ae:  70a2              ld                      ra,40(sp)
0x000202b0:  7402              ld                      s0,32(sp)
0x000202b2:  69a2              ld                      s3,8(sp)
0x000202b4:  6145              addi                    sp,sp,48
0x000202b6:  8082              ret                     

----------------
IN: new_do_write
0x0001ebee:  0804d783          lhu                     a5,128(s1)
0x0001ebf2:  892a              mv                      s2,a0
0x0001ebf4:  c391              beqz                    a5,4                    # 0x1ebf8

----------------
IN: new_do_write
0x0001ebf8:  7c9c              ld                      a5,56(s1)
0x0001ebfa:  0c04a703          lw                      a4,192(s1)
0x0001ebfe:  ec9c              sd                      a5,24(s1)
0x0001ec00:  e49c              sd                      a5,8(s1)
0x0001ec02:  e89c              sd                      a5,16(s1)
0x0001ec04:  f49c              sd                      a5,40(s1)
0x0001ec06:  f09c              sd                      a5,32(s1)
0x0001ec08:  00e05e63          blez                    a4,28                   # 0x1ec24

----------------
IN: new_do_write
0x0001ec24:  4098              lw                      a4,0(s1)
0x0001ec26:  20277713          andi                    a4,a4,514
0x0001ec2a:  f375              bnez                    a4,-28                  # 0x1ec0e

----------------
IN: new_do_write
0x0001ec0e:  f89c              sd                      a5,48(s1)
0x0001ec10:  70e2              ld                      ra,56(sp)
0x0001ec12:  7442              ld                      s0,48(sp)
0x0001ec14:  74a2              ld                      s1,40(sp)
0x0001ec16:  69e2              ld                      s3,24(sp)
0x0001ec18:  6a42              ld                      s4,16(sp)
0x0001ec1a:  6aa2              ld                      s5,8(sp)
0x0001ec1c:  854a              mv                      a0,s2
0x0001ec1e:  7902              ld                      s2,32(sp)
0x0001ec20:  6121              addi                    sp,sp,64
0x0001ec22:  8082              ret                     

----------------
IN: _IO_do_write
0x0001f1be:  60e2              ld                      ra,24(sp)
0x0001f1c0:  6442              ld                      s0,16(sp)
0x0001f1c2:  40a48533          sub                     a0,s1,a0
0x0001f1c6:  00a03533          snez                    a0,a0
0x0001f1ca:  64a2              ld                      s1,8(sp)
0x0001f1cc:  40a00533          neg                     a0,a0
0x0001f1d0:  6105              addi                    sp,sp,32
0x0001f1d2:  8082              ret                     

----------------
IN: _IO_new_file_xsputn
0x0002038e:  57fd              addi                    a5,zero,-1
0x00020390:  06f50463          beq                     a0,a5,104               # 0x203f8

----------------
IN: _IO_new_file_xsputn
0x00020394:  60bc              ld                      a5,64(s1)
0x00020396:  7c94              ld                      a3,56(s1)
0x00020398:  07f00713          addi                    a4,zero,127
0x0002039c:  8f95              sub                     a5,a5,a3
0x0002039e:  02f77c63          bleu                    a5,a4,56                # 0x203d6

----------------
IN: _IO_new_file_xsputn
0x000203a2:  02f9f7b3          remu                    a5,s3,a5
0x000203a6:  40f98ab3          sub                     s5,s3,a5
0x000203aa:  02f99d63          bne                     s3,a5,58                # 0x203e4

----------------
IN: _IO_new_file_xsputn
0x000203ae:  02098663          beqz                    s3,44                   # 0x203da

----------------
IN: _IO_new_file_xsputn
0x000203da:  8552              mv                      a0,s4
0x000203dc:  b7e5              j                       -24                     # 0x203c4

----------------
IN: _IO_new_file_xsputn
0x000203c4:  70e2              ld                      ra,56(sp)
0x000203c6:  7442              ld                      s0,48(sp)
0x000203c8:  74a2              ld                      s1,40(sp)
0x000203ca:  7902              ld                      s2,32(sp)
0x000203cc:  69e2              ld                      s3,24(sp)
0x000203ce:  6a42              ld                      s4,16(sp)
0x000203d0:  6aa2              ld                      s5,8(sp)
0x000203d2:  6121              addi                    sp,sp,64
0x000203d4:  8082              ret                     

----------------
IN: __printf_buffer_flush_to_file
0x0003a6f4:  03250263          beq                     a0,s2,36                # 0x3a718

----------------
IN: __printf_buffer_flush_to_file
0x0003a718:  749c              ld                      a5,40(s1)
0x0003a71a:  7798              ld                      a4,40(a5)
0x0003a71c:  7b9c              ld                      a5,48(a5)
0x0003a71e:  00f77463          bleu                    a5,a4,8                 # 0x3a726

----------------
IN: __printf_buffer_flush_to_file
0x0003a726:  70e2              ld                      ra,56(sp)
0x0003a728:  7442              ld                      s0,48(sp)
0x0003a72a:  0134b823          sd                      s3,16(s1)
0x0003a72e:  0144b423          sd                      s4,8(s1)
0x0003a732:  0144b023          sd                      s4,0(s1)
0x0003a736:  7902              ld                      s2,32(sp)
0x0003a738:  6a42              ld                      s4,16(sp)
0x0003a73a:  6aa2              ld                      s5,8(sp)
0x0003a73c:  74a2              ld                      s1,40(sp)
0x0003a73e:  69e2              ld                      s3,24(sp)
0x0003a740:  6121              addi                    sp,sp,64
0x0003a742:  8082              ret                     

----------------
IN: __printf_buffer_to_file_done
0x0003a7b2:  6442              ld                      s0,16(sp)
0x0003a7b4:  60e2              ld                      ra,24(sp)
0x0003a7b6:  8526              mv                      a0,s1
0x0003a7b8:  64a2              ld                      s1,8(sp)
0x0003a7ba:  6105              addi                    sp,sp,32
0x0003a7bc:  ca3ff06f          j                       -862                    # 0x3a45e

----------------
IN: __printf_buffer_done
0x0003a45e:  1141              addi                    sp,sp,-16
0x0003a460:  e422              sd                      s0,8(sp)
0x0003a462:  0800              addi                    s0,sp,16
0x0003a464:  511c              lw                      a5,32(a0)
0x0003a466:  cf8d              beqz                    a5,58                   # 0x3a4a0

----------------
IN: __printf_buffer_done
0x0003a468:  6518              ld                      a4,8(a0)
0x0003a46a:  6110              ld                      a2,0(a0)
0x0003a46c:  6d1c              ld                      a5,24(a0)
0x0003a46e:  4681              mv                      a3,zero
0x0003a470:  8f11              sub                     a4,a4,a2
0x0003a472:  97ba              add                     a5,a5,a4
0x0003a474:  0207c863          bltz                    a5,48                   # 0x3a4a4

----------------
IN: __printf_buffer_done
0x0003a478:  02e7e663          bgtu                    a4,a5,44                # 0x3a4a4

----------------
IN: __printf_buffer_done
0x0003a47c:  0007851b          sext.w                  a0,a5
0x0003a480:  00a79663          bne                     a5,a0,12                # 0x3a48c

----------------
IN: __printf_buffer_done
0x0003a484:  e691              bnez                    a3,12                   # 0x3a490

----------------
IN: __printf_buffer_done
0x0003a486:  6422              ld                      s0,8(sp)
0x0003a488:  0141              addi                    sp,sp,16
0x0003a48a:  8082              ret                     

----------------
IN: __vfprintf_internal
0x0001e12a:  892a              mv                      s2,a0
0x0001e12c:  bf21              j                       -232                    # 0x1e044

----------------
IN: __vfprintf_internal
0x0001e044:  fa843703          ld                      a4,-88(s0)
0x0001e048:  000b3783          ld                      a5,0(s6)
0x0001e04c:  8fb9              xor                     a5,a5,a4
0x0001e04e:  4701              mv                      a4,zero
0x0001e050:  12079063          bnez                    a5,288                  # 0x1e170

----------------
IN: __vfprintf_internal
0x0001e054:  70b2              ld                      ra,296(sp)
0x0001e056:  7412              ld                      s0,288(sp)
0x0001e058:  64f2              ld                      s1,280(sp)
0x0001e05a:  6a12              ld                      s4,256(sp)
0x0001e05c:  7aee              ld                      s5,248(sp)
0x0001e05e:  7b4e              ld                      s6,240(sp)
0x0001e060:  854a              mv                      a0,s2
0x0001e062:  6952              ld                      s2,272(sp)
0x0001e064:  6155              addi                    sp,sp,304
0x0001e066:  8082              ret                     

----------------
IN: ___printf_chk
0x000183e2:  fd843703          ld                      a4,-40(s0)
0x000183e6:  609c              ld                      a5,0(s1)
0x000183e8:  8fb9              xor                     a5,a5,a4
0x000183ea:  4701              mv                      a4,zero
0x000183ec:  e791              bnez                    a5,12                   # 0x183f8

----------------
IN: ___printf_chk
0x000183ee:  70a2              ld                      ra,40(sp)
0x000183f0:  7402              ld                      s0,32(sp)
0x000183f2:  64e2              ld                      s1,24(sp)
0x000183f4:  6125              addi                    sp,sp,96
0x000183f6:  8082              ret                     

----------------
IN: main
0x000105c8:  4099063b          subw                    a2,s2,s1
0x000105cc:  1602              slli                    a2,a2,32
0x000105ce:  9201              srli                    a2,a2,32
0x000105d0:  00043597          auipc                   a1,67                   # 0x535d0
0x000105d4:  ed858593          addi                    a1,a1,-296
0x000105d8:  4509              addi                    a0,zero,2
0x000105da:  5c1070ef          jal                     ra,32192                # 0x1839a

----------------
IN: __printf_buffer
0x0001d4da:  b4843703          ld                      a4,-1208(s0)
0x0001d4de:  05a00693          addi                    a3,zero,90
0x0001d4e2:  00174d83          lbu                     s11,1(a4)
0x0001d4e6:  0705              addi                    a4,a4,1
0x0001d4e8:  b4e43423          sd                      a4,-1208(s0)
0x0001d4ec:  fe0d871b          addiw                   a4,s11,-32
0x0001d4f0:  0ff77613          andi                    a2,a4,255
0x0001d4f4:  eac6ec63          bgtu                    a2,a3,-2376             # 0x1cbac

----------------
IN: __printf_buffer
0x0001d4f8:  0003d797          auipc                   a5,61                   # 0x5a4f8
0x0001d4fc:  dc878793          addi                    a5,a5,-568
0x0001d500:  2701              sext.w                  a4,a4
0x0001d502:  973e              add                     a4,a4,a5
0x0001d504:  00074703          lbu                     a4,0(a4)
0x0001d508:  00062797          auipc                   a5,98                   # 0x7f508
0x0001d50c:  ec878793          addi                    a5,a5,-312
0x0001d510:  4d05              addi                    s10,zero,1
0x0001d512:  070e              slli                    a4,a4,3
0x0001d514:  973e              add                     a4,a4,a5
0x0001d516:  60073703          ld                      a4,1536(a4)
0x0001d51a:  8702              jr                      a4

----------------
IN: __printf_buffer
0x0001d314:  b4843703          ld                      a4,-1208(s0)
0x0001d318:  05a00693          addi                    a3,zero,90
0x0001d31c:  00174d83          lbu                     s11,1(a4)
0x0001d320:  0705              addi                    a4,a4,1
0x0001d322:  b4e43423          sd                      a4,-1208(s0)
0x0001d326:  fe0d871b          addiw                   a4,s11,-32
0x0001d32a:  0ff77613          andi                    a2,a4,255
0x0001d32e:  86c6efe3          bgtu                    a2,a3,-1922             # 0x1cbac

----------------
IN: __printf_buffer
0x0001d332:  0003d797          auipc                   a5,61                   # 0x5a332
0x0001d336:  f8e78793          addi                    a5,a5,-114
0x0001d33a:  2701              sext.w                  a4,a4
0x0001d33c:  973e              add                     a4,a4,a5
0x0001d33e:  00074703          lbu                     a4,0(a4)
0x0001d342:  00062797          auipc                   a5,98                   # 0x7f342
0x0001d346:  08e78793          addi                    a5,a5,142
0x0001d34a:  4d05              addi                    s10,zero,1
0x0001d34c:  070e              slli                    a4,a4,3
0x0001d34e:  973e              add                     a4,a4,a5
0x0001d350:  50073703          ld                      a4,1280(a4)
0x0001d354:  4b85              addi                    s7,zero,1
0x0001d356:  8702              jr                      a4

----------------
IN: __printf_buffer
0x0001d3de:  47a9              addi                    a5,zero,10
0x0001d3e0:  874a              mv                      a4,s2
0x0001d3e2:  b2f43423          sd                      a5,-1240(s0)
0x0001d3e6:  b94d              j                       -846                    # 0x1d098

----------------
IN: __printf_buffer
0x0001d098:  0921              addi                    s2,s2,8
0x0001d09a:  020d0563          beqz                    s10,42                  # 0x1d0c4

----------------
IN: __printf_buffer
0x0001d09e:  b2043823          sd                      zero,-1232(s0)
0x0001d0a2:  b0043c23          sd                      zero,-1256(s0)
0x0001d0a6:  00073b83          ld                      s7,0(a4)
0x0001d0aa:  4d01              mv                      s10,zero
0x0001d0ac:  e809d3e3          bgez                    s3,-378                 # 0x1cf32

----------------
IN: _itoa_word
0x0001a9f8:  02c7f6b3          remu                    a3,a5,a2
0x0001a9fc:  157d              addi                    a0,a0,-1
0x0001a9fe:  85be              mv                      a1,a5
0x0001aa00:  96ba              add                     a3,a3,a4
0x0001aa02:  0006c683          lbu                     a3,0(a3)
0x0001aa06:  02c7d7b3          divu                    a5,a5,a2
0x0001aa0a:  00d50023          sb                      a3,0(a0)
0x0001aa0e:  feb865e3          bgtu                    a1,a6,-22               # 0x1a9f8

----------------
IN: __printf_buffer
0x0001cfa0:  b2043783          ld                      a5,-1248(s0)
0x0001cfa4:  74078563          beqz                    a5,1866                 # 0x1d6ee

----------------
IN: __printf_buffer
0x0001cffe:  b2043783          ld                      a5,-1248(s0)

----------------
IN: __printf_buffer
0x0001d002:  cb91              beqz                    a5,20                   # 0x1d016

----------------
IN: strchrnul
0x00016eca:  00160513          addi                    a0,a2,1
0x00016ece:  bf4d              j                       -78                     # 0x16e80

----------------
IN: _wordcopy_fwd_aligned
0x000170a0:  0005b803          ld                      a6,0(a1)
0x000170a4:  86aa              mv                      a3,a0
0x000170a6:  fd058593          addi                    a1,a1,-48
0x000170aa:  fc850793          addi                    a5,a0,-56
0x000170ae:  0619              addi                    a2,a2,6
0x000170b0:  bf55              j                       -76                     # 0x17064

----------------
IN: _wordcopy_fwd_aligned
0x00017064:  7d98              ld                      a4,56(a1)
0x00017066:  04078793          addi                    a5,a5,64
0x0001706a:  0106b023          sd                      a6,0(a3)
0x0001706e:  1661              addi                    a2,a2,-8
0x00017070:  853e              mv                      a0,a5
0x00017072:  04058593          addi                    a1,a1,64
0x00017076:  ea11              bnez                    a2,20                   # 0x1708a

----------------
IN: main
0x000105de:  854e              mv                      a0,s3
0x000105e0:  3f0050ef          jal                     ra,21488                # 0x159d0

----------------
IN: __libc_free
0x000159d0:  c555              beqz                    a0,172                  # 0x15a7c

----------------
IN: __libc_free
0x000159d2:  7179              addi                    sp,sp,-48
0x000159d4:  f022              sd                      s0,32(sp)
0x000159d6:  ec4a              sd                      s2,24(sp)
0x000159d8:  e84e              sd                      s3,16(sp)
0x000159da:  f406              sd                      ra,40(sp)
0x000159dc:  1800              addi                    s0,sp,48
0x000159de:  0006d917          auipc                   s2,109                  # 0x829de
0x000159e2:  3f293903          ld                      s2,1010(s2)
0x000159e6:  ff853783          ld                      a5,-8(a0)
0x000159ea:  ff050593          addi                    a1,a0,-16
0x000159ee:  004906b3          add                     a3,s2,tp
0x000159f2:  0027f713          andi                    a4,a5,2
0x000159f6:  0006a983          lw                      s3,0(a3)
0x000159fa:  e339              bnez                    a4,70                   # 0x15a40

----------------
IN: __libc_free
0x000159fc:  02020713          addi                    a4,tp,32
0x00015a00:  6714              ld                      a3,8(a4)
0x00015a02:  ceb5              beqz                    a3,124                  # 0x15a7e

----------------
IN: __libc_free
0x00015a04:  8b91              andi                    a5,a5,4
0x00015a06:  0006d517          auipc                   a0,109                  # 0x82a06
0x00015a0a:  75250513          addi                    a0,a0,1874
0x00015a0e:  cf89              beqz                    a5,26                   # 0x15a28

----------------
IN: __libc_free
0x00015a28:  4601              mv                      a2,zero
0x00015a2a:  dcdfd0ef          jal                     ra,-8756                # 0x137f6

----------------
IN: _int_free
0x000137f6:  715d              addi                    sp,sp,-80
0x000137f8:  e0a2              sd                      s0,64(sp)
0x000137fa:  f84a              sd                      s2,48(sp)
0x000137fc:  e486              sd                      ra,72(sp)
0x000137fe:  fc26              sd                      s1,56(sp)
0x00013800:  0880              addi                    s0,sp,80
0x00013802:  6598              ld                      a4,8(a1)
0x00013804:  ff877913          andi                    s2,a4,-8
0x00013808:  412007b3          neg                     a5,s2
0x0001380c:  1cb7e563          bgtu                    a1,a5,458               # 0x139d6

----------------
IN: _int_free
0x00013810:  00f5f793          andi                    a5,a1,15
0x00013814:  84ae              mv                      s1,a1
0x00013816:  1c079063          bnez                    a5,448                  # 0x139d6

----------------
IN: _int_free
0x0001381a:  47fd              addi                    a5,zero,31
0x0001381c:  f44e              sd                      s3,40(sp)
0x0001381e:  f052              sd                      s4,32(sp)
0x00013820:  ec56              sd                      s5,24(sp)
0x00013822:  1d27f563          bleu                    s2,a5,458               # 0x139ec

----------------
IN: _int_free
0x00013826:  00877693          andi                    a3,a4,8
0x0001382a:  1c069163          bnez                    a3,450                  # 0x139ec

----------------
IN: _int_free
0x0001382e:  02020793          addi                    a5,tp,32
0x00013832:  8a32              mv                      s4,a2
0x00013834:  6790              ld                      a2,8(a5)
0x00013836:  89aa              mv                      s3,a0
0x00013838:  10060563          beqz                    a2,266                  # 0x13942

----------------
IN: _int_free
0x0001383c:  00070597          auipc                   a1,112                  # 0x8383c
0x00013840:  88458593          addi                    a1,a1,-1916
0x00013844:  75a8              ld                      a0,104(a1)
0x00013846:  fef90793          addi                    a5,s2,-17
0x0001384a:  8391              srli                    a5,a5,4
0x0001384c:  00076a97          auipc                   s5,118                  # 0x8984c
0x00013850:  dc4a8a93          addi                    s5,s5,-572
0x00013854:  02a7f263          bleu                    a0,a5,36                # 0x13878

----------------
IN: _int_free
0x00013878:  004ac783          lbu                     a5,4(s5)
0x0001387c:  0727eb63          bgtu                    s2,a5,118               # 0x138f2

----------------
IN: _int_free
0x000138f2:  8b09              andi                    a4,a4,2
0x000138f4:  e359              bnez                    a4,134                  # 0x1397a

----------------
IN: _int_free
0x000138f6:  8a022783          lw                      a5,-1888(tp)
0x000138fa:  c3f1              beqz                    a5,196                  # 0x139be

----------------
IN: _int_free
0x000139be:  6406              ld                      s0,64(sp)
0x000139c0:  7a02              ld                      s4,32(sp)
0x000139c2:  6ae2              ld                      s5,24(sp)
0x000139c4:  60a6              ld                      ra,72(sp)
0x000139c6:  864a              mv                      a2,s2
0x000139c8:  85a6              mv                      a1,s1
0x000139ca:  7942              ld                      s2,48(sp)
0x000139cc:  74e2              ld                      s1,56(sp)
0x000139ce:  854e              mv                      a0,s3
0x000139d0:  79a2              ld                      s3,40(sp)
0x000139d2:  6161              addi                    sp,sp,80
0x000139d4:  b325              j                       -728                    # 0x136fc

----------------
IN: _int_free_merge_chunk
0x000136fc:  7139              addi                    sp,sp,-64
0x000136fe:  f822              sd                      s0,48(sp)
0x00013700:  ec4e              sd                      s3,24(sp)
0x00013702:  fc06              sd                      ra,56(sp)
0x00013704:  f426              sd                      s1,40(sp)
0x00013706:  f04a              sd                      s2,32(sp)
0x00013708:  e852              sd                      s4,16(sp)
0x0001370a:  e456              sd                      s5,8(sp)
0x0001370c:  0080              addi                    s0,sp,64
0x0001370e:  7138              ld                      a4,96(a0)
0x00013710:  00c589b3          add                     s3,a1,a2
0x00013714:  08b70d63          beq                     a4,a1,154               # 0x137ae

----------------
IN: _int_free_merge_chunk
0x00013718:  415c              lw                      a5,4(a0)
0x0001371a:  8aaa              mv                      s5,a0
0x0001371c:  84ae              mv                      s1,a1
0x0001371e:  8b89              andi                    a5,a5,2
0x00013720:  8932              mv                      s2,a2
0x00013722:  cfc1              beqz                    a5,152                  # 0x137ba

----------------
IN: _int_free_merge_chunk
0x000137ba:  671c              ld                      a5,8(a4)
0x000137bc:  9be1              andi                    a5,a5,-8
0x000137be:  973e              add                     a4,a4,a5
0x000137c0:  f6e9e2e3          bgtu                    a4,s3,-156              # 0x13724

----------------
IN: _int_free_merge_chunk
0x00013724:  0089b783          ld                      a5,8(s3)
0x00013728:  0017f713          andi                    a4,a5,1
0x0001372c:  c355              beqz                    a4,164                  # 0x137d0

----------------
IN: _int_free_merge_chunk
0x0001372e:  4741              addi                    a4,zero,16
0x00013730:  ff87fa13          andi                    s4,a5,-8
0x00013734:  06f77763          bleu                    a5,a4,110               # 0x137a2

----------------
IN: _int_free_merge_chunk
0x00013738:  6785              lui                     a5,1
0x0001373a:  97d6              add                     a5,a5,s5
0x0001373c:  8887b783          ld                      a5,-1912(a5)
0x00013740:  06fa7163          bleu                    a5,s4,98                # 0x137a2

----------------
IN: _int_free_merge_chunk
0x00013744:  00076597          auipc                   a1,118                  # 0x89744
0x00013748:  ecc5a583          lw                      a1,-308(a1)
0x0001374c:  e9c1              bnez                    a1,144                  # 0x137dc

----------------
IN: _int_free_merge_chunk
0x0001374e:  649c              ld                      a5,8(s1)
0x00013750:  8b85              andi                    a5,a5,1
0x00013752:  eb99              bnez                    a5,22                   # 0x13768

----------------
IN: _int_free_merge_chunk
0x00013754:  609c              ld                      a5,0(s1)
0x00013756:  8c9d              sub                     s1,s1,a5
0x00013758:  6498              ld                      a4,8(s1)
0x0001375a:  993e              add                     s2,s2,a5
0x0001375c:  9b61              andi                    a4,a4,-8
0x0001375e:  08f71663          bne                     a4,a5,140               # 0x137ea

----------------
IN: _int_free_merge_chunk
0x00013762:  8526              mv                      a0,s1
0x00013764:  d05fe0ef          jal                     ra,-4860                # 0x12468

----------------
IN: unlink_chunk.isra.0
0x00012468:  1141              addi                    sp,sp,-16
0x0001246a:  e022              sd                      s0,0(sp)
0x0001246c:  e406              sd                      ra,8(sp)
0x0001246e:  0800              addi                    s0,sp,16
0x00012470:  6514              ld                      a3,8(a0)
0x00012472:  ff86f793          andi                    a5,a3,-8
0x00012476:  00f50733          add                     a4,a0,a5
0x0001247a:  6318              ld                      a4,0(a4)
0x0001247c:  06e79263          bne                     a5,a4,100               # 0x124e0

----------------
IN: unlink_chunk.isra.0
0x00012480:  691c              ld                      a5,16(a0)
0x00012482:  6d18              ld                      a4,24(a0)
0x00012484:  6f90              ld                      a2,24(a5)
0x00012486:  04c51463          bne                     a0,a2,72                # 0x124ce

----------------
IN: unlink_chunk.isra.0
0x0001248a:  6b10              ld                      a2,16(a4)
0x0001248c:  04c51163          bne                     a0,a2,66                # 0x124ce

----------------
IN: unlink_chunk.isra.0
0x00012490:  ef98              sd                      a4,24(a5)
0x00012492:  eb1c              sd                      a5,16(a4)
0x00012494:  3ff00713          addi                    a4,zero,1023
0x00012498:  00d77f63          bleu                    a3,a4,30                # 0x124b6

----------------
IN: unlink_chunk.isra.0
0x000124b6:  60a2              ld                      ra,8(sp)
0x000124b8:  6402              ld                      s0,0(sp)
0x000124ba:  0141              addi                    sp,sp,16
0x000124bc:  8082              ret                     

----------------
IN: _int_free_merge_chunk
0x00013768:  8752              mv                      a4,s4
0x0001376a:  86ce              mv                      a3,s3
0x0001376c:  864a              mv                      a2,s2
0x0001376e:  85a6              mv                      a1,s1
0x00013770:  8556              mv                      a0,s5
0x00013772:  ecdfe0ef          jal                     ra,-4404                # 0x1263e

----------------
IN: _int_free_create_chunk
0x0001263e:  7179              addi                    sp,sp,-48
0x00012640:  f022              sd                      s0,32(sp)
0x00012642:  ec26              sd                      s1,24(sp)
0x00012644:  e84a              sd                      s2,16(sp)
0x00012646:  e44e              sd                      s3,8(sp)
0x00012648:  e052              sd                      s4,0(sp)
0x0001264a:  f406              sd                      ra,40(sp)
0x0001264c:  1800              addi                    s0,sp,48
0x0001264e:  713c              ld                      a5,96(a0)
0x00012650:  892a              mv                      s2,a0
0x00012652:  84ae              mv                      s1,a1
0x00012654:  8a32              mv                      s4,a2
0x00012656:  89ba              mv                      s3,a4
0x00012658:  06d78263          beq                     a5,a3,100               # 0x126bc

----------------
IN: _int_free_create_chunk
0x0001265c:  00e687b3          add                     a5,a3,a4
0x00012660:  679c              ld                      a5,8(a5)
0x00012662:  8b85              andi                    a5,a5,1
0x00012664:  c7b1              beqz                    a5,76                   # 0x126b0

----------------
IN: _int_free_create_chunk
0x000126b0:  8536              mv                      a0,a3
0x000126b2:  db7ff0ef          jal                     ra,-586                 # 0x12468

----------------
IN: _int_free_create_chunk
0x000126b6:  013a0533          add                     a0,s4,s3
0x000126ba:  bf55              j                       -76                     # 0x1266e

----------------
IN: _int_free_create_chunk
0x0001266e:  07093703          ld                      a4,112(s2)
0x00012672:  06090793          addi                    a5,s2,96
0x00012676:  6f14              ld                      a3,24(a4)
0x00012678:  06f69163          bne                     a3,a5,98                # 0x126da

----------------
IN: _int_free_create_chunk
0x0001267c:  e898              sd                      a4,16(s1)
0x0001267e:  ec94              sd                      a3,24(s1)
0x00012680:  3ff00793          addi                    a5,zero,1023
0x00012684:  00a7f663          bleu                    a0,a5,12                # 0x12690

----------------
IN: _int_free_create_chunk
0x00012688:  0204b023          sd                      zero,32(s1)
0x0001268c:  0204b423          sd                      zero,40(s1)
0x00012690:  06993823          sd                      s1,112(s2)
0x00012694:  ef04              sd                      s1,24(a4)
0x00012696:  70a2              ld                      ra,40(sp)
0x00012698:  7402              ld                      s0,32(sp)
0x0001269a:  00156793          ori                     a5,a0,1
0x0001269e:  e49c              sd                      a5,8(s1)
0x000126a0:  94aa              add                     s1,s1,a0
0x000126a2:  e088              sd                      a0,0(s1)
0x000126a4:  6942              ld                      s2,16(sp)
0x000126a6:  64e2              ld                      s1,24(sp)
0x000126a8:  69a2              ld                      s3,8(sp)
0x000126aa:  6a02              ld                      s4,0(sp)
0x000126ac:  6145              addi                    sp,sp,48
0x000126ae:  8082              ret                     

----------------
IN: _int_free_merge_chunk
0x00013776:  67c1              lui                     a5,16
0x00013778:  00f57b63          bleu                    a5,a0,22                # 0x1378e

----------------
IN: _int_free_merge_chunk
0x0001377c:  70e2              ld                      ra,56(sp)
0x0001377e:  7442              ld                      s0,48(sp)
0x00013780:  74a2              ld                      s1,40(sp)
0x00013782:  7902              ld                      s2,32(sp)
0x00013784:  69e2              ld                      s3,24(sp)
0x00013786:  6a42              ld                      s4,16(sp)
0x00013788:  6aa2              ld                      s5,8(sp)
0x0001378a:  6121              addi                    sp,sp,64
0x0001378c:  8082              ret                     

----------------
IN: __libc_free
0x00015a2e:  70a2              ld                      ra,40(sp)
0x00015a30:  7402              ld                      s0,32(sp)
0x00015a32:  9912              add                     s2,s2,tp
0x00015a34:  01392023          sw                      s3,0(s2)
0x00015a38:  6962              ld                      s2,24(sp)
0x00015a3a:  69c2              ld                      s3,16(sp)
0x00015a3c:  6145              addi                    sp,sp,48
0x00015a3e:  8082              ret                     

----------------
IN: main
0x000105e4:  8556              mv                      a0,s5
0x000105e6:  3ea050ef          jal                     ra,21482                # 0x159d0

----------------
IN: unlink_chunk.isra.0
0x0001249c:  7118              ld                      a4,32(a0)
0x0001249e:  cf01              beqz                    a4,24                   # 0x124b6

----------------
IN: main
0x000105ea:  8552              mv                      a0,s4
0x000105ec:  3e4050ef          jal                     ra,21476                # 0x159d0

----------------
IN: main
0x000105f0:  855a              mv                      a0,s6
0x000105f2:  3de050ef          jal                     ra,21470                # 0x159d0

----------------
IN: _int_free_create_chunk
0x00012666:  669c              ld                      a5,8(a3)
0x00012668:  8532              mv                      a0,a2
0x0001266a:  9bf9              andi                    a5,a5,-2
0x0001266c:  e69c              sd                      a5,8(a3)
0x0001266e:  07093703          ld                      a4,112(s2)
0x00012672:  06090793          addi                    a5,s2,96
0x00012676:  6f14              ld                      a3,24(a4)
0x00012678:  06f69163          bne                     a3,a5,98                # 0x126da

----------------
IN: main
0x000105f6:  60a6              ld                      ra,72(sp)
0x000105f8:  00144513          xori                    a0,s0,1
0x000105fc:  6406              ld                      s0,64(sp)
0x000105fe:  74e2              ld                      s1,56(sp)
0x00010600:  7942              ld                      s2,48(sp)
0x00010602:  79a2              ld                      s3,40(sp)
0x00010604:  7a02              ld                      s4,32(sp)
0x00010606:  6ae2              ld                      s5,24(sp)
0x00010608:  6b42              ld                      s6,16(sp)
0x0001060a:  6ba2              ld                      s7,8(sp)
0x0001060c:  6c02              ld                      s8,0(sp)
0x0001060e:  2501              sext.w                  a0,a0
0x00010610:  6161              addi                    sp,sp,80
0x00010612:  8082              ret                     

----------------
IN: __libc_start_call_main
0x00010866:  185000ef          jal                     ra,2436                 # 0x111ea

----------------
IN: exit
0x000111ea:  1141              addi                    sp,sp,-16
0x000111ec:  e022              sd                      s0,0(sp)
0x000111ee:  e406              sd                      ra,8(sp)
0x000111f0:  0800              addi                    s0,sp,16
0x000111f2:  4685              addi                    a3,zero,1
0x000111f4:  4605              addi                    a2,zero,1
0x000111f6:  00072597          auipc                   a1,114                  # 0x831f6
0x000111fa:  e0a58593          addi                    a1,a1,-502
0x000111fe:  e09ff0ef          jal                     ra,-504                 # 0x11006

----------------
IN: __run_exit_handlers
0x00011006:  7175              addi                    sp,sp,-144
0x00011008:  e122              sd                      s0,128(sp)
0x0001100a:  f86a              sd                      s10,48(sp)
0x0001100c:  0900              addi                    s0,sp,144
0x0001100e:  e506              sd                      ra,136(sp)
0x00011010:  fca6              sd                      s1,120(sp)
0x00011012:  f8ca              sd                      s2,112(sp)
0x00011014:  f4ce              sd                      s3,104(sp)
0x00011016:  f0d2              sd                      s4,96(sp)
0x00011018:  ecd6              sd                      s5,88(sp)
0x0001101a:  e8da              sd                      s6,80(sp)
0x0001101c:  e4de              sd                      s7,72(sp)
0x0001101e:  e0e2              sd                      s8,64(sp)
0x00011020:  fc66              sd                      s9,56(sp)
0x00011022:  f46e              sd                      s11,40(sp)
0x00011024:  f8b43423          sd                      a1,-120(s0)
0x00011028:  f6c43823          sd                      a2,-144(s0)
0x0001102c:  8d2a              mv                      s10,a0
0x0001102e:  c699              beqz                    a3,14                   # 0x1103c

----------------
IN: __run_exit_handlers
0x00011030:  00072797          auipc                   a5,114                  # 0x83030
0x00011034:  f707b783          ld                      a5,-144(a5)
0x00011038:  c391              beqz                    a5,4                    # 0x1103c

----------------
IN: __run_exit_handlers
0x0001103c:  00072497          auipc                   s1,114                  # 0x8303c
0x00011040:  cb44b483          ld                      s1,-844(s1)
0x00011044:  4705              addi                    a4,zero,1
0x00011046:  1404a7af          lr.w.aq                 a5,(s1)
0x0001104a:  e781              bnez                    a5,8                    # 0x11052

----------------
IN: __run_exit_handlers
0x0001104c:  18e4a6af          sc.w                    a3,a4,(s1)
0x00011050:  fafd              bnez                    a3,-10                  # 0x11046

----------------
IN: __run_exit_handlers
0x00011052:  2781              sext.w                  a5,a5
0x00011054:  18079763          bnez                    a5,398                  # 0x111e2

----------------
IN: __run_exit_handlers
0x00011058:  f8843783          ld                      a5,-120(s0)
0x0001105c:  0007bd83          ld                      s11,0(a5)
0x00011060:  060d8963          beqz                    s11,114                 # 0x110d2

----------------
IN: __run_exit_handlers
0x00011064:  0a018913          addi                    s2,gp,160
0x00011068:  4a0d              addi                    s4,zero,3
0x0001106a:  4c01              mv                      s8,zero
0x0001106c:  4b85              addi                    s7,zero,1
0x0001106e:  4b05              addi                    s6,zero,1
0x00011070:  4a91              addi                    s5,zero,4
0x00011072:  4c89              addi                    s9,zero,2
0x00011074:  008db783          ld                      a5,8(s11)
0x00011078:  c7ed              beqz                    a5,234                  # 0x11162

----------------
IN: __run_exit_handlers
0x0001107a:  17fd              addi                    a5,a5,-1
0x0001107c:  00579713          slli                    a4,a5,5
0x00011080:  00fdb423          sd                      a5,8(s11)
0x00011084:  00ed87b3          add                     a5,s11,a4
0x00011088:  6b98              ld                      a4,16(a5)
0x0001108a:  00093983          ld                      s3,0(s2)
0x0001108e:  0b470363          beq                     a4,s4,166               # 0x11134

----------------
IN: __run_exit_handlers
0x00011092:  07570563          beq                     a4,s5,106               # 0x110fc

----------------
IN: __run_exit_handlers
0x000110fc:  6f98              ld                      a4,24(a5)
0x000110fe:  7390              ld                      a2,32(a5)
0x00011100:  0007b823          sd                      zero,16(a5)
0x00011104:  87e2              mv                      a5,s8
0x00011106:  0af4a7af          amoswap.w.rl            a5,a5,(s1)
0x0001110a:  2781              sext.w                  a5,a5
0x0001110c:  0afbc563          bgt                     a5,s7,170               # 0x111b6

----------------
IN: __run_exit_handlers
0x00011110:  85ea              mv                      a1,s10
0x00011112:  8532              mv                      a0,a2
0x00011114:  9702              jalr                    ra,a4,0

----------------
IN: call_fini
0x000107d6:  1101              addi                    sp,sp,-32
0x000107d8:  e426              sd                      s1,8(sp)
0x000107da:  0006f797          auipc                   a5,111                  # 0x7f7da
0x000107de:  bce78793          addi                    a5,a5,-1074
0x000107e2:  0006f497          auipc                   s1,111                  # 0x7f7e2
0x000107e6:  bd648493          addi                    s1,s1,-1066
0x000107ea:  e822              sd                      s0,16(sp)
0x000107ec:  e04a              sd                      s2,0(sp)
0x000107ee:  ec06              sd                      ra,24(sp)
0x000107f0:  1000              addi                    s0,sp,32
0x000107f2:  8c9d              sub                     s1,s1,a5
0x000107f4:  4034d913          srai                    s2,s1,3
0x000107f8:  00090a63          beqz                    s2,20                   # 0x1080c

----------------
IN: call_fini
0x000107fc:  14e1              addi                    s1,s1,-8
0x000107fe:  94be              add                     s1,s1,a5
0x00010800:  609c              ld                      a5,0(s1)
0x00010802:  197d              addi                    s2,s2,-1
0x00010804:  14e1              addi                    s1,s1,-8
0x00010806:  9782              jalr                    ra,a5,0

----------------
IN: release_registered_frames
0x00010462:  1141              addi                    sp,sp,-16
0x00010464:  e406              sd                      ra,8(sp)
0x00010466:  e022              sd                      s0,0(sp)
0x00010468:  0800              addi                    s0,sp,16
0x0001046a:  0007a517          auipc                   a0,122                  # 0x8a46a
0x0001046e:  8a650513          addi                    a0,a0,-1882
0x00010472:  fb5ff0ef          jal                     ra,-76                  # 0x10426

----------------
IN: btree_destroy
0x00010426:  1101              addi                    sp,sp,-32
0x00010428:  e822              sd                      s0,16(sp)
0x0001042a:  e04a              sd                      s2,0(sp)
0x0001042c:  ec06              sd                      ra,24(sp)
0x0001042e:  e426              sd                      s1,8(sp)
0x00010430:  1000              addi                    s0,sp,32
0x00010432:  892a              mv                      s2,a0
0x00010434:  4581              mv                      a1,zero
0x00010436:  0eb535af          amoswap.d.aq.rl         a1,a1,(a0)
0x0001043a:  e18d              bnez                    a1,34                   # 0x1045c

----------------
IN: btree_destroy
0x0001045c:  f51ff0ef          jal                     ra,-176                 # 0x103ac

----------------
IN: btree_release_tree_recursively
0x000103ac:  7179              addi                    sp,sp,-48
0x000103ae:  f022              sd                      s0,32(sp)
0x000103b0:  ec26              sd                      s1,24(sp)
0x000103b2:  e84a              sd                      s2,16(sp)
0x000103b4:  e44e              sd                      s3,8(sp)
0x000103b6:  f406              sd                      ra,40(sp)
0x000103b8:  1800              addi                    s0,sp,48
0x000103ba:  84ae              mv                      s1,a1
0x000103bc:  89aa              mv                      s3,a0
0x000103be:  852e              mv                      a0,a1
0x000103c0:  2a0400ef          jal                     ra,262816               # 0x50660

----------------
IN: version_lock_lock_exclusive
0x00050660:  7139              addi                    sp,sp,-64
0x00050662:  f822              sd                      s0,48(sp)
0x00050664:  f426              sd                      s1,40(sp)
0x00050666:  fc06              sd                      ra,56(sp)
0x00050668:  0080              addi                    s0,sp,64
0x0005066a:  84aa              mv                      s1,a0
0x0005066c:  0330000f          fence                   rw,rw
0x00050670:  611c              ld                      a5,0(a0)
0x00050672:  0230000f          fence                   r,rw
0x00050676:  0017f713          andi                    a4,a5,1
0x0005067a:  e30d              bnez                    a4,34                   # 0x5069c

----------------
IN: version_lock_lock_exclusive
0x0005067c:  0017e693          ori                     a3,a5,1
0x00050680:  1605372f          lr.d.aq.rl              a4,(a0)
0x00050684:  00f71563          bne                     a4,a5,10                # 0x5068e

----------------
IN: version_lock_lock_exclusive
0x00050688:  1ad5362f          sc.d.rl                 a2,a3,(a0)
0x0005068c:  fa75              bnez                    a2,-12                  # 0x50680

----------------
IN: version_lock_lock_exclusive
0x0005068e:  00f71763          bne                     a4,a5,14                # 0x5069c

----------------
IN: version_lock_lock_exclusive
0x00050692:  70e2              ld                      ra,56(sp)
0x00050694:  7442              ld                      s0,48(sp)
0x00050696:  74a2              ld                      s1,40(sp)
0x00050698:  6121              addi                    sp,sp,64
0x0005069a:  8082              ret                     

----------------
IN: btree_release_tree_recursively
0x000103c4:  00c4a903          lw                      s2,12(s1)
0x000103c8:  02091163          bnez                    s2,34                   # 0x103ea

----------------
IN: btree_release_tree_recursively
0x000103ea:  4789              addi                    a5,zero,2
0x000103ec:  c4dc              sw                      a5,12(s1)
0x000103ee:  00898713          addi                    a4,s3,8
0x000103f2:  0330000f          fence                   rw,rw
0x000103f6:  631c              ld                      a5,0(a4)
0x000103f8:  0230000f          fence                   r,rw
0x000103fc:  ec9c              sd                      a5,24(s1)
0x000103fe:  160736af          lr.d.aq.rl              a3,(a4)
0x00010402:  00f69563          bne                     a3,a5,10                # 0x1040c

----------------
IN: btree_release_tree_recursively
0x00010406:  1a97362f          sc.d.rl                 a2,s1,(a4)
0x0001040a:  fa75              bnez                    a2,-12                  # 0x103fe

----------------
IN: btree_release_tree_recursively
0x0001040c:  40f68633          sub                     a2,a3,a5
0x00010410:  87b6              mv                      a5,a3
0x00010412:  f66d              bnez                    a2,-22                  # 0x103fc

----------------
IN: btree_release_tree_recursively
0x00010414:  7402              ld                      s0,32(sp)
0x00010416:  70a2              ld                      ra,40(sp)
0x00010418:  6942              ld                      s2,16(sp)
0x0001041a:  69a2              ld                      s3,8(sp)
0x0001041c:  8526              mv                      a0,s1
0x0001041e:  64e2              ld                      s1,24(sp)
0x00010420:  6145              addi                    sp,sp,48
0x00010422:  07b4006f          j                       264314                  # 0x50c9c

----------------
IN: version_lock_unlock_exclusive
0x00050c9c:  0330000f          fence                   rw,rw
0x00050ca0:  611c              ld                      a5,0(a0)
0x00050ca2:  0230000f          fence                   r,rw
0x00050ca6:  0791              addi                    a5,a5,4
0x00050ca8:  9bf1              andi                    a5,a5,-4
0x00050caa:  0ef537af          amoswap.d.aq.rl         a5,a5,(a0)
0x00050cae:  8b89              andi                    a5,a5,2
0x00050cb0:  e391              bnez                    a5,4                    # 0x50cb4

----------------
IN: version_lock_unlock_exclusive
0x00050cb2:  8082              ret                     

----------------
IN: btree_destroy
0x00010460:  bff1              j                       -36                     # 0x1043c

----------------
IN: btree_destroy
0x0001043c:  00893483          ld                      s1,8(s2)
0x00010440:  c881              beqz                    s1,16                   # 0x10450

----------------
IN: btree_destroy
0x00010442:  8526              mv                      a0,s1
0x00010444:  6c84              ld                      s1,24(s1)
0x00010446:  58a050ef          jal                     ra,21898                # 0x159d0

----------------
IN: _int_free
0x00013858:  008ab883          ld                      a7,8(s5)
0x0001385c:  0184b303          ld                      t1,24(s1)
0x00013860:  7da8              ld                      a0,120(a1)
0x00013862:  01048813          addi                    a6,s1,16
0x00013866:  23130763          beq                     t1,a7,558               # 0x13a94

----------------
IN: _int_free
0x0001386a:  00179693          slli                    a3,a5,1
0x0001386e:  96b2              add                     a3,a3,a2
0x00013870:  0006d583          lhu                     a1,0(a3)
0x00013874:  10a5ee63          bgtu                    a0,a1,284               # 0x13990

----------------
IN: _int_free
0x00013990:  078e              slli                    a5,a5,3
0x00013992:  963e              add                     a2,a2,a5
0x00013994:  625c              ld                      a5,128(a2)
0x00013996:  00c85713          srli                    a4,a6,12
0x0001399a:  0114bc23          sd                      a7,24(s1)
0x0001399e:  8fb9              xor                     a5,a5,a4
0x000139a0:  e89c              sd                      a5,16(s1)
0x000139a2:  09063023          sd                      a6,128(a2)
0x000139a6:  2585              addiw                   a1,a1,1
0x000139a8:  00b69023          sh                      a1,0(a3)
0x000139ac:  60a6              ld                      ra,72(sp)
0x000139ae:  6406              ld                      s0,64(sp)
0x000139b0:  79a2              ld                      s3,40(sp)
0x000139b2:  7a02              ld                      s4,32(sp)
0x000139b4:  6ae2              ld                      s5,24(sp)
0x000139b6:  74e2              ld                      s1,56(sp)
0x000139b8:  7942              ld                      s2,48(sp)
0x000139ba:  6161              addi                    sp,sp,80
0x000139bc:  8082              ret                     

----------------
IN: btree_destroy
0x0001044a:  00993423          sd                      s1,8(s2)
0x0001044e:  f8f5              bnez                    s1,-12                  # 0x10442

----------------
IN: btree_destroy
0x00010450:  60e2              ld                      ra,24(sp)
0x00010452:  6442              ld                      s0,16(sp)
0x00010454:  64a2              ld                      s1,8(sp)
0x00010456:  6902              ld                      s2,0(sp)
0x00010458:  6105              addi                    sp,sp,32
0x0001045a:  8082              ret                     

----------------
IN: release_registered_frames
0x00010476:  0007a517          auipc                   a0,122                  # 0x8a476
0x0001047a:  88250513          addi                    a0,a0,-1918
0x0001047e:  fa9ff0ef          jal                     ra,-88                  # 0x10426

----------------
IN: release_registered_frames
0x00010482:  60a2              ld                      ra,8(sp)
0x00010484:  6402              ld                      s0,0(sp)
0x00010486:  4785              addi                    a5,zero,1
0x00010488:  0007a717          auipc                   a4,122                  # 0x8a488
0x0001048c:  8af70023          sb                      a5,-1888(a4)
0x00010490:  0141              addi                    sp,sp,16
0x00010492:  8082              ret                     

----------------
IN: call_fini
0x00010808:  fe091ce3          bnez                    s2,-8                   # 0x10800

----------------
IN: call_fini
0x00010800:  609c              ld                      a5,0(s1)
0x00010802:  197d              addi                    s2,s2,-1
0x00010804:  14e1              addi                    s1,s1,-8
0x00010806:  9782              jalr                    ra,a5,0

----------------
IN: 
0x000106ae:  1101              addi                    sp,sp,-32
0x000106b0:  e822              sd                      s0,16(sp)
0x000106b2:  e426              sd                      s1,8(sp)
0x000106b4:  ec06              sd                      ra,24(sp)
0x000106b6:  1000              addi                    s0,sp,32
0x000106b8:  000854b7          lui                     s1,133
0x000106bc:  9504c783          lbu                     a5,-1712(s1)
0x000106c0:  e38d              bnez                    a5,34                   # 0x106e2

----------------
IN: 
0x000106c2:  f83ff0ef          jal                     ra,-126                 # 0x10644

----------------
IN: 
0x00010644:  1141              addi                    sp,sp,-16
0x00010646:  e422              sd                      s0,8(sp)
0x00010648:  00085537          lui                     a0,133
0x0001064c:  0800              addi                    s0,sp,16
0x0001064e:  00085737          lui                     a4,133
0x00010652:  94850793          addi                    a5,a0,-1720
0x00010656:  94870713          addi                    a4,a4,-1720
0x0001065a:  00f70a63          beq                     a4,a5,20                # 0x1066e

----------------
IN: 
0x0001066e:  6422              ld                      s0,8(sp)
0x00010670:  0141              addi                    sp,sp,16
0x00010672:  8082              ret                     

----------------
IN: 
0x000106c6:  000527b7          lui                     a5,82
0x000106ca:  63278793          addi                    a5,a5,1586
0x000106ce:  c799              beqz                    a5,14                   # 0x106dc

----------------
IN: 
0x000106d0:  0006e537          lui                     a0,110
0x000106d4:  56850513          addi                    a0,a0,1384
0x000106d8:  75b410ef          jal                     ra,270170               # 0x52632

----------------
IN: __deregister_frame_info
0x00052632:  1141              addi                    sp,sp,-16
0x00052634:  e422              sd                      s0,8(sp)
0x00052636:  0800              addi                    s0,sp,16
0x00052638:  c519              beqz                    a0,14                   # 0x52646

----------------
IN: __deregister_frame_info
0x0005263a:  411c              lw                      a5,0(a0)
0x0005263c:  c789              beqz                    a5,10                   # 0x52646

----------------
IN: __deregister_frame_info
0x0005263e:  6422              ld                      s0,8(sp)
0x00052640:  0141              addi                    sp,sp,16
0x00052642:  e90ff06f          j                       -2416                   # 0x51cd2

----------------
IN: __deregister_frame_info_bases.part.0
0x00051cd2:  7179              addi                    sp,sp,-48
0x00051cd4:  f022              sd                      s0,32(sp)
0x00051cd6:  ec26              sd                      s1,24(sp)
0x00051cd8:  f406              sd                      ra,40(sp)
0x00051cda:  1800              addi                    s0,sp,48
0x00051cdc:  85aa              mv                      a1,a0
0x00051cde:  00038517          auipc                   a0,56                   # 0x89cde
0x00051ce2:  01a50513          addi                    a0,a0,26
0x00051ce6:  d6aff0ef          jal                     ra,-2710                # 0x51250

----------------
IN: btree_remove
0x00051250:  7159              addi                    sp,sp,-112
0x00051252:  f0a2              sd                      s0,96(sp)
0x00051254:  eca6              sd                      s1,88(sp)
0x00051256:  e8ca              sd                      s2,80(sp)
0x00051258:  f45e              sd                      s7,40(sp)
0x0005125a:  f062              sd                      s8,32(sp)
0x0005125c:  f486              sd                      ra,104(sp)
0x0005125e:  1880              addi                    s0,sp,112
0x00051260:  01050493          addi                    s1,a0,16
0x00051264:  892a              mv                      s2,a0
0x00051266:  8526              mv                      a0,s1
0x00051268:  8c2e              mv                      s8,a1
0x0005126a:  bf6ff0ef          jal                     ra,-3082                # 0x50660

----------------
IN: btree_remove
0x0005126e:  00093b83          ld                      s7,0(s2)
0x00051272:  5a0b8563          beqz                    s7,1450                 # 0x5181c

----------------
IN: btree_remove
0x0005181c:  8526              mv                      a0,s1
0x0005181e:  c7eff0ef          jal                     ra,-2946                # 0x50c9c

----------------
IN: btree_remove
0x00051822:  4481              mv                      s1,zero
0x00051824:  b965              j                       -840                    # 0x514dc

----------------
IN: btree_remove
0x000514dc:  70a6              ld                      ra,104(sp)
0x000514de:  7406              ld                      s0,96(sp)
0x000514e0:  6946              ld                      s2,80(sp)
0x000514e2:  7ba2              ld                      s7,40(sp)
0x000514e4:  7c02              ld                      s8,32(sp)
0x000514e6:  8526              mv                      a0,s1
0x000514e8:  64e6              ld                      s1,88(sp)
0x000514ea:  6165              addi                    sp,sp,112
0x000514ec:  8082              ret                     

----------------
IN: __deregister_frame_info_bases.part.0
0x00051cea:  84aa              mv                      s1,a0
0x00051cec:  cd15              beqz                    a0,60                   # 0x51d28

----------------
IN: __deregister_frame_info_bases.part.0
0x00051d28:  00038797          auipc                   a5,56                   # 0x89d28
0x00051d2c:  0007c783          lbu                     a5,0(a5)
0x00051d30:  ffe1              bnez                    a5,-40                  # 0x51d08

----------------
IN: __deregister_frame_info_bases.part.0
0x00051d08:  70a2              ld                      ra,40(sp)
0x00051d0a:  7402              ld                      s0,32(sp)
0x00051d0c:  8526              mv                      a0,s1
0x00051d0e:  64e2              ld                      s1,24(sp)
0x00051d10:  6145              addi                    sp,sp,48
0x00051d12:  8082              ret                     

----------------
IN: 
0x000106dc:  4785              addi                    a5,zero,1
0x000106de:  94f48823          sb                      a5,-1712(s1)
0x000106e2:  60e2              ld                      ra,24(sp)
0x000106e4:  6442              ld                      s0,16(sp)
0x000106e6:  64a2              ld                      s1,8(sp)
0x000106e8:  6105              addi                    sp,sp,32
0x000106ea:  8082              ret                     

----------------
IN: call_fini
0x0001080c:  60e2              ld                      ra,24(sp)
0x0001080e:  6442              ld                      s0,16(sp)
0x00010810:  64a2              ld                      s1,8(sp)
0x00010812:  6902              ld                      s2,0(sp)
0x00010814:  6105              addi                    sp,sp,32
0x00010816:  8082              ret                     

----------------
IN: __run_exit_handlers
0x00011116:  1404a7af          lr.w.aq                 a5,(s1)
0x0001111a:  e781              bnez                    a5,8                    # 0x11122

----------------
IN: __run_exit_handlers
0x0001111c:  1964a72f          sc.w                    a4,s6,(s1)
0x00011120:  fb7d              bnez                    a4,-10                  # 0x11116

----------------
IN: __run_exit_handlers
0x00011122:  2781              sext.w                  a5,a5
0x00011124:  dfc9              beqz                    a5,-102                 # 0x110be

----------------
IN: __run_exit_handlers
0x000110be:  00093783          ld                      a5,0(s2)
0x000110c2:  fb3789e3          beq                     a5,s3,-78               # 0x11074

----------------
IN: __run_exit_handlers
0x00011074:  008db783          ld                      a5,8(s11)
0x00011078:  c7ed              beqz                    a5,234                  # 0x11162

----------------
IN: __run_exit_handlers
0x00011162:  000db783          ld                      a5,0(s11)
0x00011166:  f8843703          ld                      a4,-120(s0)
0x0001116a:  e31c              sd                      a5,0(a4)
0x0001116c:  d3bd              beqz                    a5,-154                 # 0x110d2

----------------
IN: __run_exit_handlers
0x000110d2:  4705              addi                    a4,zero,1
0x000110d4:  4ce18023          sb                      a4,1216(gp)
0x000110d8:  4781              mv                      a5,zero
0x000110da:  0af4a7af          amoswap.w.rl            a5,a5,(s1)
0x000110de:  2781              sext.w                  a5,a5
0x000110e0:  0ef74a63          bgt                     a5,a4,244               # 0x111d4

----------------
IN: __run_exit_handlers
0x000110e4:  f7043783          ld                      a5,-144(s0)
0x000110e8:  c799              beqz                    a5,14                   # 0x110f6

----------------
IN: __run_exit_handlers
0x000110ea:  00072797          auipc                   a5,114                  # 0x830ea
0x000110ee:  ca67b783          ld                      a5,-858(a5)
0x000110f2:  c391              beqz                    a5,4                    # 0x110f6

----------------
IN: __run_exit_handlers
0x000110f4:  9782              jalr                    ra,a5,0

----------------
IN: _IO_cleanup
0x00021f44:  7135              addi                    sp,sp,-160
0x00021f46:  ed06              sd                      ra,152(sp)
0x00021f48:  e922              sd                      s0,144(sp)
0x00021f4a:  e526              sd                      s1,136(sp)
0x00021f4c:  1100              addi                    s0,sp,160
0x00021f4e:  fcce              sd                      s3,120(sp)
0x00021f50:  f4d6              sd                      s5,104(sp)
0x00021f52:  f0da              sd                      s6,96(sp)
0x00021f54:  e0ea              sd                      s10,64(sp)
0x00021f56:  00061a97          auipc                   s5,97                   # 0x82f56
0x00021f5a:  cbaaba83          ld                      s5,-838(s5)
0x00021f5e:  000ab783          ld                      a5,0(s5)
0x00021f62:  f8f43423          sd                      a5,-120(s0)
0x00021f66:  4781              mv                      a5,zero
0x00021f68:  ad1ff0ef          jal                     ra,-1328                # 0x21a38

----------------
IN: _IO_flush_all
0x00021a38:  7135              addi                    sp,sp,-160
0x00021a3a:  e922              sd                      s0,144(sp)
0x00021a3c:  e526              sd                      s1,136(sp)
0x00021a3e:  1100              addi                    s0,sp,160
0x00021a40:  fcce              sd                      s3,120(sp)
0x00021a42:  f0da              sd                      s6,96(sp)
0x00021a44:  ecde              sd                      s7,88(sp)
0x00021a46:  fc6e              sd                      s11,56(sp)
0x00021a48:  ed06              sd                      ra,152(sp)
0x00021a4a:  00061b17          auipc                   s6,97                   # 0x82a4a
0x00021a4e:  1c6b3b03          ld                      s6,454(s6)
0x00021a52:  000b3783          ld                      a5,0(s6)
0x00021a56:  f8f43423          sd                      a5,-120(s0)
0x00021a5a:  4781              mv                      a5,zero
0x00021a5c:  f6840b93          addi                    s7,s0,-152
0x00021a60:  fffff797          auipc                   a5,-1                   # 0x20a60
0x00021a64:  c9678793          addi                    a5,a5,-874
0x00021a68:  855e              mv                      a0,s7
0x00021a6a:  f6f43423          sd                      a5,-152(s0)
0x00021a6e:  f6043823          sd                      zero,-144(s0)
0x00021a72:  232010ef          jal                     ra,4658                 # 0x22ca4

----------------
IN: __libc_cleanup_push_defer
0x00022ca4:  1141              addi                    sp,sp,-16
0x00022ca6:  e422              sd                      s0,8(sp)
0x00022ca8:  0800              addi                    s0,sp,16
0x00022caa:  99823783          ld                      a5,-1640(tp)
0x00022cae:  8712              mv                      a4,tp
0x00022cb0:  9a820613          addi                    a2,tp,-1624
0x00022cb4:  ed1c              sd                      a5,24(a0)
0x00022cb6:  421c              lw                      a5,0(a2)
0x00022cb8:  0027f693          andi                    a3,a5,2
0x00022cbc:  2781              sext.w                  a5,a5
0x00022cbe:  ea91              bnez                    a3,20                   # 0x22cd2

----------------
IN: __libc_cleanup_push_defer
0x00022cc0:  4017d79b          sraiw                   a5,a5,1
0x00022cc4:  6422              ld                      s0,8(sp)
0x00022cc6:  8b85              andi                    a5,a5,1
0x00022cc8:  c91c              sw                      a5,16(a0)
0x00022cca:  98a73c23          sd                      a0,-1640(a4)
0x00022cce:  0141              addi                    sp,sp,16
0x00022cd0:  8082              ret                     

----------------
IN: _IO_flush_all
0x00021a76:  8a022983          lw                      s3,-1888(tp)
0x00021a7a:  00068d97          auipc                   s11,104                 # 0x89a7a
0x00021a7e:  d86d8d93          addi                    s11,s11,-634
0x00021a82:  010db783          ld                      a5,16(s11)
0x00021a86:  8a020493          addi                    s1,tp,-1888
0x00021a8a:  00099463          bnez                    s3,8                    # 0x21a92

----------------
IN: _IO_flush_all
0x00021a8e:  18078463          beqz                    a5,392                  # 0x21c16

----------------
IN: _IO_flush_all
0x00021c16:  4785              addi                    a5,zero,1
0x00021c18:  009db823          sd                      s1,16(s11)
0x00021c1c:  00fda423          sw                      a5,8(s11)
0x00021c20:  00062497          auipc                   s1,98                   # 0x83c20
0x00021c24:  3e84b483          ld                      s1,1000(s1)
0x00021c28:  e8049be3          bnez                    s1,-362                 # 0x21abe

----------------
IN: _IO_flush_all
0x00021abe:  e14a              sd                      s2,128(sp)
0x00021ac0:  6905              lui                     s2,1
0x00021ac2:  f8d2              sd                      s4,112(sp)
0x00021ac4:  f4d6              sd                      s5,104(sp)
0x00021ac6:  e8e2              sd                      s8,80(sp)
0x00021ac8:  e0ea              sd                      s10,64(sp)
0x00021aca:  e4e6              sd                      s9,72(sp)
0x00021acc:  4981              mv                      s3,zero
0x00021ace:  6d21              lui                     s10,8
0x00021ad0:  4a85              addi                    s5,zero,1
0x00021ad2:  00060a17          auipc                   s4,96                   # 0x81ad2
0x00021ad6:  276a0a13          addi                    s4,s4,630
0x00021ada:  92f90913          addi                    s2,s2,-1745
0x00021ade:  4c05              addi                    s8,zero,1
0x00021ae0:  409c              lw                      a5,0(s1)
0x00021ae2:  009db023          sd                      s1,0(s11)
0x00021ae6:  01a7f7b3          and                     a5,a5,s10
0x00021aea:  03079713          slli                    a4,a5,48
0x00021aee:  02074863          bltz                    a4,48                   # 0x21b1e

----------------
IN: _IO_flush_all
0x00021af2:  64c8              ld                      a0,136(s1)
0x00021af4:  8a022703          lw                      a4,-1888(tp)
0x00021af8:  8a020c93          addi                    s9,tp,-1888
0x00021afc:  651c              ld                      a5,8(a0)
0x00021afe:  e311              bnez                    a4,4                    # 0x21b02

----------------
IN: _IO_flush_all
0x00021b00:  c3f1              beqz                    a5,196                  # 0x21bc4

----------------
IN: _IO_flush_all
0x00021bc4:  4785              addi                    a5,zero,1
0x00021bc6:  c11c              sw                      a5,0(a0)
0x00021bc8:  0c04a783          lw                      a5,192(s1)
0x00021bcc:  01953423          sd                      s9,8(a0)
0x00021bd0:  f4f04be3          bgtz                    a5,-170                 # 0x21b26

----------------
IN: _IO_flush_all
0x00021bd4:  7498              ld                      a4,40(s1)
0x00021bd6:  709c              ld                      a5,32(s1)
0x00021bd8:  f6e7fbe3          bleu                    a4,a5,-138              # 0x21b4e

----------------
IN: _IO_flush_all
0x00021b4e:  409c              lw                      a5,0(s1)
0x00021b50:  01a7f7b3          and                     a5,a5,s10
0x00021b54:  03079713          slli                    a4,a5,48
0x00021b58:  00074c63          bltz                    a4,24                   # 0x21b70

----------------
IN: _IO_flush_all
0x00021b5c:  64c8              ld                      a0,136(s1)
0x00021b5e:  8a022703          lw                      a4,-1888(tp)
0x00021b62:  4154              lw                      a3,4(a0)
0x00021b64:  eb49              bnez                    a4,146                  # 0x21bf6

----------------
IN: _IO_flush_all
0x00021b66:  e6c1              bnez                    a3,136                  # 0x21bee

----------------
IN: _IO_flush_all
0x00021b68:  00053423          sd                      zero,8(a0)
0x00021b6c:  00052023          sw                      zero,0(a0)
0x00021b70:  74a4              ld                      s1,104(s1)
0x00021b72:  00068797          auipc                   a5,104                  # 0x89b72
0x00021b76:  c807b723          sd                      zero,-882(a5)
0x00021b7a:  f0bd              bnez                    s1,-154                 # 0x21ae0

----------------
IN: _IO_flush_all
0x00021ae0:  409c              lw                      a5,0(s1)
0x00021ae2:  009db023          sd                      s1,0(s11)
0x00021ae6:  01a7f7b3          and                     a5,a5,s10
0x00021aea:  03079713          slli                    a4,a5,48
0x00021aee:  02074863          bltz                    a4,48                   # 0x21b1e

----------------
IN: _IO_flush_all
0x00021b7c:  690a              ld                      s2,128(sp)
0x00021b7e:  7a46              ld                      s4,112(sp)
0x00021b80:  7aa6              ld                      s5,104(sp)
0x00021b82:  6c46              ld                      s8,80(sp)
0x00021b84:  6ca6              ld                      s9,72(sp)
0x00021b86:  6d06              ld                      s10,64(sp)
0x00021b88:  8a022703          lw                      a4,-1888(tp)
0x00021b8c:  00cda683          lw                      a3,12(s11)
0x00021b90:  cf51              beqz                    a4,156                  # 0x21c2c

----------------
IN: _IO_flush_all
0x00021c2c:  00cda683          lw                      a3,12(s11)
0x00021c30:  f2b5              bnez                    a3,-156                 # 0x21b94

----------------
IN: _IO_flush_all
0x00021c32:  00068797          auipc                   a5,104                  # 0x89c32
0x00021c36:  bc07bf23          sd                      zero,-1058(a5)
0x00021c3a:  00068797          auipc                   a5,104                  # 0x89c3a
0x00021c3e:  bc07a723          sw                      zero,-1074(a5)
0x00021c42:  bfa9              j                       -166                    # 0x21b9c

----------------
IN: _IO_flush_all
0x00021b9c:  855e              mv                      a0,s7
0x00021b9e:  166010ef          jal                     ra,4454                 # 0x22d04

----------------
IN: __libc_cleanup_pop_restore
0x00022d04:  6d18              ld                      a4,24(a0)
0x00022d06:  9a820613          addi                    a2,tp,-1624
0x00022d0a:  98e23c23          sd                      a4,-1640(tp)
0x00022d0e:  4218              lw                      a4,0(a2)
0x00022d10:  4914              lw                      a3,16(a0)
0x00022d12:  ca95              beqz                    a3,52                   # 0x22d46

----------------
IN: __libc_cleanup_pop_restore
0x00022d46:  8082              ret                     

----------------
IN: _IO_flush_all
0x00021ba2:  f8843703          ld                      a4,-120(s0)
0x00021ba6:  000b3783          ld                      a5,0(s6)
0x00021baa:  8fb9              xor                     a5,a5,a4
0x00021bac:  4701              mv                      a4,zero
0x00021bae:  e3ed              bnez                    a5,226                  # 0x21c90

----------------
IN: _IO_flush_all
0x00021bb0:  60ea              ld                      ra,152(sp)
0x00021bb2:  644a              ld                      s0,144(sp)
0x00021bb4:  64aa              ld                      s1,136(sp)
0x00021bb6:  7b06              ld                      s6,96(sp)
0x00021bb8:  6be6              ld                      s7,88(sp)
0x00021bba:  7de2              ld                      s11,56(sp)
0x00021bbc:  854e              mv                      a0,s3
0x00021bbe:  79e6              ld                      s3,120(sp)
0x00021bc0:  610d              addi                    sp,sp,160
0x00021bc2:  8082              ret                     

----------------
IN: _IO_cleanup
0x00021f6c:  f6840b13          addi                    s6,s0,-152
0x00021f70:  ffffe797          auipc                   a5,-2                   # 0x1ff70
0x00021f74:  78678793          addi                    a5,a5,1926
0x00021f78:  89aa              mv                      s3,a0
0x00021f7a:  855a              mv                      a0,s6
0x00021f7c:  f6f43423          sd                      a5,-152(s0)
0x00021f80:  f6043823          sd                      zero,-144(s0)
0x00021f84:  521000ef          jal                     ra,3360                 # 0x22ca4

----------------
IN: _IO_cleanup
0x00021f88:  8a022703          lw                      a4,-1888(tp)
0x00021f8c:  00068d17          auipc                   s10,104                 # 0x89f8c
0x00021f90:  874d0d13          addi                    s10,s10,-1932
0x00021f94:  010d3783          ld                      a5,16(s10)
0x00021f98:  8a020493          addi                    s1,tp,-1888
0x00021f9c:  e319              bnez                    a4,6                    # 0x21fa2

----------------
IN: _IO_cleanup
0x00021f9e:  1a078a63          beqz                    a5,436                  # 0x22152

----------------
IN: _IO_cleanup
0x00022152:  4785              addi                    a5,zero,1
0x00022154:  009d3823          sd                      s1,16(s10)
0x00022158:  00fd2423          sw                      a5,8(s10)
0x0002215c:  00062497          auipc                   s1,98                   # 0x8415c
0x00022160:  eac4b483          ld                      s1,-340(s1)
0x00022164:  e60494e3          bnez                    s1,-408                 # 0x21fcc

----------------
IN: _IO_cleanup
0x00021fcc:  e14a              sd                      s2,128(sp)
0x00021fce:  6905              lui                     s2,1
0x00021fd0:  f8d2              sd                      s4,112(sp)
0x00021fd2:  ecde              sd                      s7,88(sp)
0x00021fd4:  e8e2              sd                      s8,80(sp)
0x00021fd6:  fc6e              sd                      s11,56(sp)
0x00021fd8:  e4e6              sd                      s9,72(sp)
0x00021fda:  6da1              lui                     s11,8
0x00021fdc:  5c7d              addi                    s8,zero,-1
0x00021fde:  00060b97          auipc                   s7,96                   # 0x81fde
0x00021fe2:  d6ab8b93          addi                    s7,s7,-662
0x00021fe6:  92f90913          addi                    s2,s2,-1745
0x00021fea:  4a05              addi                    s4,zero,1
0x00021fec:  409c              lw                      a5,0(s1)
0x00021fee:  009d3023          sd                      s1,0(s10)
0x00021ff2:  01b7f733          and                     a4,a5,s11
0x00021ff6:  03071693          slli                    a3,a4,48
0x00021ffa:  0206c963          bltz                    a3,50                   # 0x2202c

----------------
IN: _IO_cleanup
0x00021ffe:  64c8              ld                      a0,136(s1)

----------------
IN: _IO_cleanup
0x00022000:  8a022683          lw                      a3,-1888(tp)
0x00022004:  8a020c93          addi                    s9,tp,-1888
0x00022008:  6518              ld                      a4,8(a0)
0x0002200a:  e291              bnez                    a3,4                    # 0x2200e

----------------
IN: _IO_cleanup
0x0002200c:  c36d              beqz                    a4,226                  # 0x220ee

----------------
IN: _IO_cleanup
0x000220ee:  4705              addi                    a4,zero,1
0x000220f0:  c118              sw                      a4,0(a0)
0x000220f2:  01953423          sd                      s9,8(a0)
0x000220f6:  0027f713          andi                    a4,a5,2
0x000220fa:  df05              beqz                    a4,-200                 # 0x22032

----------------
IN: _IO_cleanup
0x000220fc:  8a022703          lw                      a4,-1888(tp)
0x00022100:  57fd              addi                    a5,zero,-1
0x00022102:  0cf4a023          sw                      a5,192(s1)
0x00022106:  4154              lw                      a3,4(a0)
0x00022108:  ef01              bnez                    a4,24                   # 0x22120

----------------
IN: _IO_cleanup
0x0002210a:  ea85              bnez                    a3,48                   # 0x2213a

----------------
IN: _IO_cleanup
0x0002210c:  00053423          sd                      zero,8(a0)
0x00022110:  00052023          sw                      zero,0(a0)
0x00022114:  bf9d              j                       -138                    # 0x2208a

----------------
IN: _IO_cleanup
0x0002208a:  74a4              ld                      s1,104(s1)
0x0002208c:  00067797          auipc                   a5,103                  # 0x8908c
0x00022090:  7607ba23          sd                      zero,1908(a5)
0x00022094:  fca1              bnez                    s1,-168                 # 0x21fec

----------------
IN: _IO_cleanup
0x00021fec:  409c              lw                      a5,0(s1)
0x00021fee:  009d3023          sd                      s1,0(s10)
0x00021ff2:  01b7f733          and                     a4,a5,s11
0x00021ff6:  03071693          slli                    a3,a4,48
0x00021ffa:  0206c963          bltz                    a3,50                   # 0x2202c

----------------
IN: _IO_cleanup
0x00022032:  0c04a703          lw                      a4,192(s1)
0x00022036:  c331              beqz                    a4,68                   # 0x2207a

----------------
IN: _IO_cleanup
0x00022038:  01cd4703          lbu                     a4,28(s10)
0x0002203c:  ef11              bnez                    a4,28                   # 0x22058

----------------
IN: _IO_cleanup
0x0002203e:  0017f713          andi                    a4,a5,1
0x00022042:  eb19              bnez                    a4,22                   # 0x22058

----------------
IN: _IO_cleanup
0x00022044:  020d3683          ld                      a3,32(s10)
0x00022048:  7c98              ld                      a4,56(s1)
0x0002204a:  0017e793          ori                     a5,a5,1
0x0002204e:  c09c              sw                      a5,0(s1)
0x00022050:  f4d4              sd                      a3,168(s1)
0x00022052:  029d3023          sd                      s1,32(s10)
0x00022056:  f8d8              sd                      a4,176(s1)
0x00022058:  0d84bc83          ld                      s9,216(s1)
0x0002205c:  417c87b3          sub                     a5,s9,s7
0x00022060:  14f96d63          bgtu                    a5,s2,346               # 0x221ba

----------------
IN: _IO_cleanup
0x00022064:  058cb783          ld                      a5,88(s9)
0x00022068:  4601              mv                      a2,zero
0x0002206a:  4581              mv                      a1,zero
0x0002206c:  8526              mv                      a0,s1
0x0002206e:  9782              jalr                    ra,a5,0

----------------
IN: _IO_file_setbuf
0x0001f11a:  1101              addi                    sp,sp,-32
0x0001f11c:  e822              sd                      s0,16(sp)
0x0001f11e:  e426              sd                      s1,8(sp)
0x0001f120:  ec06              sd                      ra,24(sp)
0x0001f122:  1000              addi                    s0,sp,32
0x0001f124:  84aa              mv                      s1,a0
0x0001f126:  3e4020ef          jal                     ra,9188                 # 0x2150a

----------------
IN: _IO_default_setbuf
0x0002150a:  7179              addi                    sp,sp,-48
0x0002150c:  f022              sd                      s0,32(sp)
0x0002150e:  ec26              sd                      s1,24(sp)
0x00021510:  e84a              sd                      s2,16(sp)
0x00021512:  e44e              sd                      s3,8(sp)
0x00021514:  e052              sd                      s4,0(sp)
0x00021516:  f406              sd                      ra,40(sp)
0x00021518:  1800              addi                    s0,sp,48
0x0002151a:  0d853a03          ld                      s4,216(a0)
0x0002151e:  6785              lui                     a5,1
0x00021520:  00061717          auipc                   a4,97                   # 0x82520
0x00021524:  82870713          addi                    a4,a4,-2008
0x00021528:  40ea0733          sub                     a4,s4,a4
0x0002152c:  92f78793          addi                    a5,a5,-1745
0x00021530:  84aa              mv                      s1,a0
0x00021532:  89ae              mv                      s3,a1
0x00021534:  8932              mv                      s2,a2
0x00021536:  08e7e063          bgtu                    a4,a5,128               # 0x215b6

----------------
IN: _IO_default_setbuf
0x0002153a:  060a3783          ld                      a5,96(s4)
0x0002153e:  8526              mv                      a0,s1
0x00021540:  9782              jalr                    ra,a5,0

----------------
IN: _IO_file_sync
0x0001fbee:  7179              addi                    sp,sp,-48
0x0001fbf0:  f022              sd                      s0,32(sp)
0x0001fbf2:  ec26              sd                      s1,24(sp)
0x0001fbf4:  f406              sd                      ra,40(sp)
0x0001fbf6:  1800              addi                    s0,sp,48
0x0001fbf8:  7510              ld                      a2,40(a0)
0x0001fbfa:  710c              ld                      a1,32(a0)
0x0001fbfc:  84aa              mv                      s1,a0
0x0001fbfe:  00c5fe63          bleu                    a2,a1,28                # 0x1fc1a

----------------
IN: _IO_file_sync
0x0001fc1a:  6498              ld                      a4,8(s1)
0x0001fc1c:  689c              ld                      a5,16(s1)
0x0001fc1e:  40f705b3          sub                     a1,a4,a5
0x0001fc22:  02f70b63          beq                     a4,a5,54                # 0x1fc58

----------------
IN: _IO_file_sync
0x0001fc58:  57fd              addi                    a5,zero,-1
0x0001fc5a:  e8dc              sd                      a5,144(s1)
0x0001fc5c:  4501              mv                      a0,zero
0x0001fc5e:  70a2              ld                      ra,40(sp)
0x0001fc60:  7402              ld                      s0,32(sp)
0x0001fc62:  64e2              ld                      s1,24(sp)
0x0001fc64:  6145              addi                    sp,sp,48
0x0001fc66:  8082              ret                     

----------------
IN: _IO_default_setbuf
0x00021542:  57fd              addi                    a5,zero,-1
0x00021544:  06f50c63          beq                     a0,a5,120               # 0x215bc

----------------
IN: _IO_default_setbuf
0x00021548:  4098              lw                      a4,0(s1)
0x0002154a:  7c88              ld                      a0,56(s1)
0x0002154c:  00098463          beqz                    s3,8                    # 0x21554

----------------
IN: _IO_default_setbuf
0x00021554:  00276793          ori                     a5,a4,2
0x00021558:  c09c              sw                      a5,0(s1)
0x0002155a:  08348993          addi                    s3,s1,131
0x0002155e:  08448913          addi                    s2,s1,132
0x00021562:  c119              beqz                    a0,6                    # 0x21568

----------------
IN: _IO_default_setbuf
0x00021564:  8b05              andi                    a4,a4,1
0x00021566:  c721              beqz                    a4,72                   # 0x215ae

----------------
IN: _IO_default_setbuf
0x00021568:  0017e793          ori                     a5,a5,1
0x0002156c:  0334bc23          sd                      s3,56(s1)
0x00021570:  0524b023          sd                      s2,64(s1)
0x00021574:  c09c              sw                      a5,0(s1)
0x00021576:  0204b823          sd                      zero,48(s1)
0x0002157a:  0204b423          sd                      zero,40(s1)
0x0002157e:  0204b023          sd                      zero,32(s1)
0x00021582:  0004b823          sd                      zero,16(s1)
0x00021586:  0004b423          sd                      zero,8(s1)
0x0002158a:  0004bc23          sd                      zero,24(s1)
0x0002158e:  8526              mv                      a0,s1
0x00021590:  70a2              ld                      ra,40(sp)
0x00021592:  7402              ld                      s0,32(sp)
0x00021594:  64e2              ld                      s1,24(sp)
0x00021596:  6942              ld                      s2,16(sp)
0x00021598:  69a2              ld                      s3,8(sp)
0x0002159a:  6a02              ld                      s4,0(sp)
0x0002159c:  6145              addi                    sp,sp,48
0x0002159e:  8082              ret                     

----------------
IN: _IO_file_setbuf
0x0001f12a:  c909              beqz                    a0,18                   # 0x1f13c

----------------
IN: _IO_file_setbuf
0x0001f12c:  7c9c              ld                      a5,56(s1)
0x0001f12e:  8526              mv                      a0,s1
0x0001f130:  f89c              sd                      a5,48(s1)
0x0001f132:  f49c              sd                      a5,40(s1)
0x0001f134:  f09c              sd                      a5,32(s1)
0x0001f136:  ec9c              sd                      a5,24(s1)
0x0001f138:  e49c              sd                      a5,8(s1)
0x0001f13a:  e89c              sd                      a5,16(s1)
0x0001f13c:  60e2              ld                      ra,24(sp)
0x0001f13e:  6442              ld                      s0,16(sp)
0x0001f140:  64a2              ld                      s1,8(sp)
0x0001f142:  6105              addi                    sp,sp,32
0x0001f144:  8082              ret                     

----------------
IN: _IO_cleanup
0x00022070:  0c04a783          lw                      a5,192(s1)
0x00022074:  06f04663          bgtz                    a5,108                  # 0x220e0

----------------
IN: _IO_cleanup
0x00022078:  409c              lw                      a5,0(s1)
0x0002207a:  01b7f7b3          and                     a5,a5,s11
0x0002207e:  0d84a023          sw                      s8,192(s1)
0x00022082:  03079713          slli                    a4,a5,48
0x00022086:  08075863          bgez                    a4,144                  # 0x22116

----------------
IN: _IO_cleanup
0x00022116:  64c8              ld                      a0,136(s1)
0x00022118:  8a022703          lw                      a4,-1888(tp)
0x0002211c:  4154              lw                      a3,4(a0)
0x0002211e:  d775              beqz                    a4,-20                  # 0x2210a

----------------
IN: _IO_cleanup
0x0002207a:  01b7f7b3          and                     a5,a5,s11
0x0002207e:  0d84a023          sw                      s8,192(s1)
0x00022082:  03079713          slli                    a4,a5,48
0x00022086:  08075863          bgez                    a4,144                  # 0x22116

----------------
IN: _IO_cleanup
0x00022096:  690a              ld                      s2,128(sp)
0x00022098:  7a46              ld                      s4,112(sp)
0x0002209a:  6be6              ld                      s7,88(sp)
0x0002209c:  6c46              ld                      s8,80(sp)
0x0002209e:  6ca6              ld                      s9,72(sp)
0x000220a0:  7de2              ld                      s11,56(sp)
0x000220a2:  8a022703          lw                      a4,-1888(tp)
0x000220a6:  00cd2683          lw                      a3,12(s10)
0x000220aa:  cf5d              beqz                    a4,190                  # 0x22168

----------------
IN: _IO_cleanup
0x00022168:  00cd2683          lw                      a3,12(s10)
0x0002216c:  f2a9              bnez                    a3,-190                 # 0x220ae

----------------
IN: _IO_cleanup
0x0002216e:  00067797          auipc                   a5,103                  # 0x8916e
0x00022172:  6a07b123          sd                      zero,1698(a5)
0x00022176:  00067797          auipc                   a5,103                  # 0x89176
0x0002217a:  6807a923          sw                      zero,1682(a5)
0x0002217e:  bf25              j                       -200                    # 0x220b6

----------------
IN: _IO_cleanup
0x000220b6:  855a              mv                      a0,s6
0x000220b8:  44d000ef          jal                     ra,3148                 # 0x22d04

----------------
IN: _IO_cleanup
0x000220bc:  f8843703          ld                      a4,-120(s0)
0x000220c0:  000ab783          ld                      a5,0(s5)
0x000220c4:  8fb9              xor                     a5,a5,a4
0x000220c6:  4701              mv                      a4,zero
0x000220c8:  10079363          bnez                    a5,262                  # 0x221ce

----------------
IN: _IO_cleanup
0x000220cc:  60ea              ld                      ra,152(sp)
0x000220ce:  644a              ld                      s0,144(sp)
0x000220d0:  64aa              ld                      s1,136(sp)
0x000220d2:  7aa6              ld                      s5,104(sp)
0x000220d4:  7b06              ld                      s6,96(sp)
0x000220d6:  6d06              ld                      s10,64(sp)
0x000220d8:  854e              mv                      a0,s3
0x000220da:  79e6              ld                      s3,120(sp)
0x000220dc:  610d              addi                    sp,sp,160
0x000220de:  8082              ret                     

----------------
IN: __run_exit_handlers
0x000110f6:  856a              mv                      a0,s10
0x000110f8:  2ee060ef          jal                     ra,25326                # 0x173e6

----------------
IN: _Exit
0x000173e6:  1141              addi                    sp,sp,-16
0x000173e8:  e422              sd                      s0,8(sp)
0x000173ea:  0800              addi                    s0,sp,16
0x000173ec:  05e00893          addi                    a7,zero,94
0x000173f0:  00000073          ecall                   

